ISO-10303-21;
HEADER;
/* Generated by software containing ST-Developer
 * from STEP Tools, Inc. (www.steptools.com) 
 */

FILE_DESCRIPTION(
/* description */ (''),
/* implementation_level */ '2;1');

FILE_NAME(
/* name */ 'Base.step',
/* time_stamp */ '2026-04-22T09:49:33+09:00',
/* author */ (''),
/* organization */ (''),
/* preprocessor_version */ 'ST-DEVELOPER v20.1',
/* originating_system */ 'Autodesk Translation Framework v15.8.0.0',
/* authorisation */ '');

FILE_SCHEMA (('AUTOMOTIVE_DESIGN { 1 0 10303 214 3 1 1 }'));
ENDSEC;

DATA;
#10=MECHANICAL_DESIGN_GEOMETRIC_PRESENTATION_REPRESENTATION('',(#13),#2399);
#11=SHAPE_REPRESENTATION_RELATIONSHIP('SRR','None',#2406,#12);
#12=ADVANCED_BREP_SHAPE_REPRESENTATION('',(#14),#2398);
#13=STYLED_ITEM('',(#2415),#14);
#14=MANIFOLD_SOLID_BREP('Cuerpo1',#1381);
#15=TOROIDAL_SURFACE('',#1441,8.5,1.);
#16=TOROIDAL_SURFACE('',#1461,8.5,1.);
#17=TOROIDAL_SURFACE('',#1486,6.5,1.);
#18=TOROIDAL_SURFACE('',#1528,6.5,1.);
#19=TOROIDAL_SURFACE('',#1532,8.5,1.);
#20=TOROIDAL_SURFACE('',#1538,6.5,1.);
#21=TOROIDAL_SURFACE('',#1542,8.5,1.);
#22=TOROIDAL_SURFACE('',#1549,6.5,1.);
#23=FACE_BOUND('',#149,.T.);
#24=FACE_BOUND('',#157,.T.);
#25=FACE_BOUND('',#158,.T.);
#26=FACE_BOUND('',#159,.T.);
#27=FACE_BOUND('',#160,.T.);
#28=FACE_BOUND('',#161,.T.);
#29=FACE_BOUND('',#165,.T.);
#30=FACE_BOUND('',#166,.T.);
#31=FACE_BOUND('',#167,.T.);
#32=FACE_BOUND('',#168,.T.);
#33=PLANE('',#1407);
#34=PLANE('',#1412);
#35=PLANE('',#1415);
#36=PLANE('',#1416);
#37=PLANE('',#1419);
#38=PLANE('',#1420);
#39=PLANE('',#1437);
#40=PLANE('',#1438);
#41=PLANE('',#1439);
#42=PLANE('',#1440);
#43=PLANE('',#1449);
#44=PLANE('',#1467);
#45=PLANE('',#1489);
#46=PLANE('',#1493);
#47=PLANE('',#1495);
#48=PLANE('',#1498);
#49=PLANE('',#1500);
#50=PLANE('',#1503);
#51=PLANE('',#1505);
#52=PLANE('',#1508);
#53=PLANE('',#1510);
#54=PLANE('',#1512);
#55=PLANE('',#1514);
#56=PLANE('',#1516);
#57=PLANE('',#1518);
#58=PLANE('',#1520);
#59=PLANE('',#1522);
#60=PLANE('',#1524);
#61=PLANE('',#1526);
#62=PLANE('',#1531);
#63=PLANE('',#1541);
#64=PLANE('',#1552);
#65=FACE_OUTER_BOUND('',#137,.T.);
#66=FACE_OUTER_BOUND('',#138,.T.);
#67=FACE_OUTER_BOUND('',#139,.T.);
#68=FACE_OUTER_BOUND('',#140,.T.);
#69=FACE_OUTER_BOUND('',#141,.T.);
#70=FACE_OUTER_BOUND('',#142,.T.);
#71=FACE_OUTER_BOUND('',#143,.T.);
#72=FACE_OUTER_BOUND('',#144,.T.);
#73=FACE_OUTER_BOUND('',#145,.T.);
#74=FACE_OUTER_BOUND('',#146,.T.);
#75=FACE_OUTER_BOUND('',#147,.T.);
#76=FACE_OUTER_BOUND('',#148,.T.);
#77=FACE_OUTER_BOUND('',#150,.T.);
#78=FACE_OUTER_BOUND('',#151,.T.);
#79=FACE_OUTER_BOUND('',#152,.T.);
#80=FACE_OUTER_BOUND('',#153,.T.);
#81=FACE_OUTER_BOUND('',#154,.T.);
#82=FACE_OUTER_BOUND('',#155,.T.);
#83=FACE_OUTER_BOUND('',#156,.T.);
#84=FACE_OUTER_BOUND('',#162,.T.);
#85=FACE_OUTER_BOUND('',#163,.T.);
#86=FACE_OUTER_BOUND('',#164,.T.);
#87=FACE_OUTER_BOUND('',#169,.T.);
#88=FACE_OUTER_BOUND('',#170,.T.);
#89=FACE_OUTER_BOUND('',#171,.T.);
#90=FACE_OUTER_BOUND('',#172,.T.);
#91=FACE_OUTER_BOUND('',#173,.T.);
#92=FACE_OUTER_BOUND('',#174,.T.);
#93=FACE_OUTER_BOUND('',#175,.T.);
#94=FACE_OUTER_BOUND('',#176,.T.);
#95=FACE_OUTER_BOUND('',#177,.T.);
#96=FACE_OUTER_BOUND('',#178,.T.);
#97=FACE_OUTER_BOUND('',#179,.T.);
#98=FACE_OUTER_BOUND('',#180,.T.);
#99=FACE_OUTER_BOUND('',#181,.T.);
#100=FACE_OUTER_BOUND('',#182,.T.);
#101=FACE_OUTER_BOUND('',#183,.T.);
#102=FACE_OUTER_BOUND('',#184,.T.);
#103=FACE_OUTER_BOUND('',#185,.T.);
#104=FACE_OUTER_BOUND('',#186,.T.);
#105=FACE_OUTER_BOUND('',#187,.T.);
#106=FACE_OUTER_BOUND('',#188,.T.);
#107=FACE_OUTER_BOUND('',#189,.T.);
#108=FACE_OUTER_BOUND('',#190,.T.);
#109=FACE_OUTER_BOUND('',#191,.T.);
#110=FACE_OUTER_BOUND('',#192,.T.);
#111=FACE_OUTER_BOUND('',#193,.T.);
#112=FACE_OUTER_BOUND('',#194,.T.);
#113=FACE_OUTER_BOUND('',#195,.T.);
#114=FACE_OUTER_BOUND('',#196,.T.);
#115=FACE_OUTER_BOUND('',#197,.T.);
#116=FACE_OUTER_BOUND('',#198,.T.);
#117=FACE_OUTER_BOUND('',#199,.T.);
#118=FACE_OUTER_BOUND('',#200,.T.);
#119=FACE_OUTER_BOUND('',#201,.T.);
#120=FACE_OUTER_BOUND('',#202,.T.);
#121=FACE_OUTER_BOUND('',#203,.T.);
#122=FACE_OUTER_BOUND('',#204,.T.);
#123=FACE_OUTER_BOUND('',#205,.T.);
#124=FACE_OUTER_BOUND('',#206,.T.);
#125=FACE_OUTER_BOUND('',#207,.T.);
#126=FACE_OUTER_BOUND('',#208,.T.);
#127=FACE_OUTER_BOUND('',#209,.T.);
#128=FACE_OUTER_BOUND('',#210,.T.);
#129=FACE_OUTER_BOUND('',#211,.T.);
#130=FACE_OUTER_BOUND('',#212,.T.);
#131=FACE_OUTER_BOUND('',#213,.T.);
#132=FACE_OUTER_BOUND('',#214,.T.);
#133=FACE_OUTER_BOUND('',#215,.T.);
#134=FACE_OUTER_BOUND('',#216,.T.);
#135=FACE_OUTER_BOUND('',#217,.T.);
#136=FACE_OUTER_BOUND('',#218,.T.);
#137=EDGE_LOOP('',(#873,#874,#875,#876));
#138=EDGE_LOOP('',(#877,#878,#879,#880));
#139=EDGE_LOOP('',(#881,#882,#883,#884));
#140=EDGE_LOOP('',(#885,#886,#887,#888));
#141=EDGE_LOOP('',(#889,#890,#891,#892,#893,#894,#895,#896,#897,#898,#899,
#900,#901,#902,#903,#904));
#142=EDGE_LOOP('',(#905,#906,#907,#908,#909,#910));
#143=EDGE_LOOP('',(#911,#912,#913,#914));
#144=EDGE_LOOP('',(#915,#916,#917,#918,#919,#920));
#145=EDGE_LOOP('',(#921,#922,#923,#924,#925,#926));
#146=EDGE_LOOP('',(#927,#928,#929,#930));
#147=EDGE_LOOP('',(#931,#932,#933,#934,#935,#936));
#148=EDGE_LOOP('',(#937,#938,#939,#940,#941,#942,#943,#944));
#149=EDGE_LOOP('',(#945,#946,#947,#948,#949,#950,#951,#952,#953,#954,#955,
#956,#957,#958,#959,#960,#961,#962,#963,#964,#965,#966,#967,#968,#969,#970,
#971,#972,#973,#974,#975,#976));
#150=EDGE_LOOP('',(#977,#978,#979,#980,#981,#982));
#151=EDGE_LOOP('',(#983,#984,#985,#986,#987,#988));
#152=EDGE_LOOP('',(#989,#990,#991,#992,#993,#994));
#153=EDGE_LOOP('',(#995,#996,#997,#998,#999,#1000));
#154=EDGE_LOOP('',(#1001,#1002,#1003,#1004,#1005));
#155=EDGE_LOOP('',(#1006,#1007,#1008,#1009,#1010,#1011));
#156=EDGE_LOOP('',(#1012,#1013,#1014,#1015,#1016,#1017,#1018,#1019));
#157=EDGE_LOOP('',(#1020));
#158=EDGE_LOOP('',(#1021));
#159=EDGE_LOOP('',(#1022,#1023,#1024,#1025,#1026,#1027,#1028,#1029));
#160=EDGE_LOOP('',(#1030));
#161=EDGE_LOOP('',(#1031));
#162=EDGE_LOOP('',(#1032,#1033,#1034,#1035));
#163=EDGE_LOOP('',(#1036,#1037,#1038,#1039,#1040));
#164=EDGE_LOOP('',(#1041,#1042,#1043,#1044,#1045,#1046,#1047,#1048));
#165=EDGE_LOOP('',(#1049,#1050,#1051,#1052,#1053,#1054,#1055,#1056));
#166=EDGE_LOOP('',(#1057,#1058,#1059,#1060,#1061,#1062,#1063,#1064));
#167=EDGE_LOOP('',(#1065,#1066,#1067,#1068,#1069,#1070,#1071,#1072));
#168=EDGE_LOOP('',(#1073,#1074,#1075,#1076,#1077,#1078,#1079,#1080));
#169=EDGE_LOOP('',(#1081,#1082,#1083,#1084,#1085));
#170=EDGE_LOOP('',(#1086));
#171=EDGE_LOOP('',(#1087,#1088,#1089,#1090));
#172=EDGE_LOOP('',(#1091,#1092,#1093,#1094));
#173=EDGE_LOOP('',(#1095,#1096,#1097,#1098));
#174=EDGE_LOOP('',(#1099,#1100,#1101,#1102));
#175=EDGE_LOOP('',(#1103,#1104,#1105,#1106));
#176=EDGE_LOOP('',(#1107,#1108,#1109,#1110));
#177=EDGE_LOOP('',(#1111,#1112,#1113,#1114));
#178=EDGE_LOOP('',(#1115,#1116,#1117,#1118));
#179=EDGE_LOOP('',(#1119,#1120,#1121,#1122));
#180=EDGE_LOOP('',(#1123,#1124,#1125,#1126));
#181=EDGE_LOOP('',(#1127,#1128,#1129,#1130));
#182=EDGE_LOOP('',(#1131,#1132,#1133,#1134));
#183=EDGE_LOOP('',(#1135,#1136,#1137,#1138));
#184=EDGE_LOOP('',(#1139,#1140,#1141,#1142));
#185=EDGE_LOOP('',(#1143,#1144,#1145,#1146));
#186=EDGE_LOOP('',(#1147,#1148,#1149,#1150));
#187=EDGE_LOOP('',(#1151,#1152,#1153,#1154));
#188=EDGE_LOOP('',(#1155,#1156,#1157,#1158));
#189=EDGE_LOOP('',(#1159,#1160,#1161,#1162));
#190=EDGE_LOOP('',(#1163,#1164,#1165,#1166));
#191=EDGE_LOOP('',(#1167,#1168,#1169,#1170));
#192=EDGE_LOOP('',(#1171,#1172,#1173,#1174));
#193=EDGE_LOOP('',(#1175,#1176,#1177,#1178));
#194=EDGE_LOOP('',(#1179,#1180,#1181,#1182));
#195=EDGE_LOOP('',(#1183,#1184,#1185,#1186));
#196=EDGE_LOOP('',(#1187,#1188,#1189,#1190));
#197=EDGE_LOOP('',(#1191,#1192,#1193,#1194));
#198=EDGE_LOOP('',(#1195,#1196,#1197,#1198));
#199=EDGE_LOOP('',(#1199,#1200,#1201,#1202));
#200=EDGE_LOOP('',(#1203,#1204,#1205,#1206));
#201=EDGE_LOOP('',(#1207,#1208,#1209,#1210));
#202=EDGE_LOOP('',(#1211,#1212,#1213,#1214));
#203=EDGE_LOOP('',(#1215,#1216,#1217,#1218));
#204=EDGE_LOOP('',(#1219,#1220,#1221,#1222));
#205=EDGE_LOOP('',(#1223,#1224,#1225,#1226));
#206=EDGE_LOOP('',(#1227,#1228,#1229,#1230));
#207=EDGE_LOOP('',(#1231,#1232,#1233,#1234));
#208=EDGE_LOOP('',(#1235,#1236,#1237,#1238));
#209=EDGE_LOOP('',(#1239,#1240,#1241,#1242,#1243));
#210=EDGE_LOOP('',(#1244));
#211=EDGE_LOOP('',(#1245,#1246,#1247,#1248));
#212=EDGE_LOOP('',(#1249,#1250,#1251,#1252,#1253));
#213=EDGE_LOOP('',(#1254,#1255,#1256,#1257,#1258));
#214=EDGE_LOOP('',(#1259));
#215=EDGE_LOOP('',(#1260,#1261,#1262,#1263,#1264));
#216=EDGE_LOOP('',(#1265,#1266,#1267,#1268,#1269,#1270));
#217=EDGE_LOOP('',(#1271,#1272,#1273,#1274,#1275));
#218=EDGE_LOOP('',(#1276));
#219=LINE('',#1993,#335);
#220=LINE('',#1996,#336);
#221=LINE('',#2002,#337);
#222=LINE('',#2005,#338);
#223=LINE('',#2011,#339);
#224=LINE('',#2014,#340);
#225=LINE('',#2020,#341);
#226=LINE('',#2023,#342);
#227=LINE('',#2026,#343);
#228=LINE('',#2028,#344);
#229=LINE('',#2031,#345);
#230=LINE('',#2033,#346);
#231=LINE('',#2036,#347);
#232=LINE('',#2038,#348);
#233=LINE('',#2041,#349);
#234=LINE('',#2043,#350);
#235=LINE('',#2047,#351);
#236=LINE('',#2049,#352);
#237=LINE('',#2051,#353);
#238=LINE('',#2052,#354);
#239=LINE('',#2055,#355);
#240=LINE('',#2059,#356);
#241=LINE('',#2061,#357);
#242=LINE('',#2062,#358);
#243=LINE('',#2065,#359);
#244=LINE('',#2067,#360);
#245=LINE('',#2069,#361);
#246=LINE('',#2070,#362);
#247=LINE('',#2073,#363);
#248=LINE('',#2077,#364);
#249=LINE('',#2079,#365);
#250=LINE('',#2080,#366);
#251=LINE('',#2084,#367);
#252=LINE('',#2088,#368);
#253=LINE('',#2092,#369);
#254=LINE('',#2096,#370);
#255=LINE('',#2101,#371);
#256=LINE('',#2105,#372);
#257=LINE('',#2110,#373);
#258=LINE('',#2114,#374);
#259=LINE('',#2117,#375);
#260=LINE('',#2121,#376);
#261=LINE('',#2125,#377);
#262=LINE('',#2128,#378);
#263=LINE('',#2130,#379);
#264=LINE('',#2134,#380);
#265=LINE('',#2138,#381);
#266=LINE('',#2141,#382);
#267=LINE('',#2144,#383);
#268=LINE('',#2146,#384);
#269=LINE('',#2147,#385);
#270=LINE('',#2150,#386);
#271=LINE('',#2152,#387);
#272=LINE('',#2153,#388);
#273=LINE('',#2156,#389);
#274=LINE('',#2158,#390);
#275=LINE('',#2159,#391);
#276=LINE('',#2162,#392);
#277=LINE('',#2164,#393);
#278=LINE('',#2165,#394);
#279=LINE('',#2179,#395);
#280=LINE('',#2185,#396);
#281=LINE('',#2189,#397);
#282=LINE('',#2193,#398);
#283=LINE('',#2196,#399);
#284=LINE('',#2203,#400);
#285=LINE('',#2207,#401);
#286=LINE('',#2211,#402);
#287=LINE('',#2215,#403);
#288=LINE('',#2227,#404);
#289=LINE('',#2234,#405);
#290=LINE('',#2238,#406);
#291=LINE('',#2242,#407);
#292=LINE('',#2245,#408);
#293=LINE('',#2248,#409);
#294=LINE('',#2252,#410);
#295=LINE('',#2257,#411);
#296=LINE('',#2261,#412);
#297=LINE('',#2266,#413);
#298=LINE('',#2270,#414);
#299=LINE('',#2276,#415);
#300=LINE('',#2280,#416);
#301=LINE('',#2292,#417);
#302=LINE('',#2294,#418);
#303=LINE('',#2296,#419);
#304=LINE('',#2298,#420);
#305=LINE('',#2301,#421);
#306=LINE('',#2303,#422);
#307=LINE('',#2305,#423);
#308=LINE('',#2307,#424);
#309=LINE('',#2310,#425);
#310=LINE('',#2312,#426);
#311=LINE('',#2314,#427);
#312=LINE('',#2316,#428);
#313=LINE('',#2319,#429);
#314=LINE('',#2321,#430);
#315=LINE('',#2323,#431);
#316=LINE('',#2325,#432);
#317=LINE('',#2328,#433);
#318=LINE('',#2329,#434);
#319=LINE('',#2331,#435);
#320=LINE('',#2333,#436);
#321=LINE('',#2335,#437);
#322=LINE('',#2337,#438);
#323=LINE('',#2339,#439);
#324=LINE('',#2341,#440);
#325=LINE('',#2344,#441);
#326=LINE('',#2345,#442);
#327=LINE('',#2347,#443);
#328=LINE('',#2349,#444);
#329=LINE('',#2351,#445);
#330=LINE('',#2353,#446);
#331=LINE('',#2355,#447);
#332=LINE('',#2357,#448);
#333=LINE('',#2373,#449);
#334=LINE('',#2389,#450);
#335=VECTOR('',#1559,10.);
#336=VECTOR('',#1562,10.);
#337=VECTOR('',#1567,10.);
#338=VECTOR('',#1570,10.);
#339=VECTOR('',#1575,10.);
#340=VECTOR('',#1578,10.);
#341=VECTOR('',#1583,10.);
#342=VECTOR('',#1586,10.);
#343=VECTOR('',#1589,10.);
#344=VECTOR('',#1590,10.);
#345=VECTOR('',#1593,10.);
#346=VECTOR('',#1594,10.);
#347=VECTOR('',#1597,10.);
#348=VECTOR('',#1598,10.);
#349=VECTOR('',#1601,10.);
#350=VECTOR('',#1602,10.);
#351=VECTOR('',#1607,10.);
#352=VECTOR('',#1608,10.);
#353=VECTOR('',#1609,10.);
#354=VECTOR('',#1610,10.);
#355=VECTOR('',#1613,10.);
#356=VECTOR('',#1618,10.);
#357=VECTOR('',#1619,10.);
#358=VECTOR('',#1620,10.);
#359=VECTOR('',#1623,10.);
#360=VECTOR('',#1624,10.);
#361=VECTOR('',#1625,10.);
#362=VECTOR('',#1626,10.);
#363=VECTOR('',#1629,10.);
#364=VECTOR('',#1634,10.);
#365=VECTOR('',#1635,10.);
#366=VECTOR('',#1636,10.);
#367=VECTOR('',#1639,10.);
#368=VECTOR('',#1642,10.);
#369=VECTOR('',#1645,10.);
#370=VECTOR('',#1648,10.);
#371=VECTOR('',#1653,10.);
#372=VECTOR('',#1656,10.);
#373=VECTOR('',#1661,10.);
#374=VECTOR('',#1664,10.);
#375=VECTOR('',#1667,10.);
#376=VECTOR('',#1670,10.);
#377=VECTOR('',#1673,10.);
#378=VECTOR('',#1676,10.);
#379=VECTOR('',#1677,10.);
#380=VECTOR('',#1680,10.);
#381=VECTOR('',#1683,10.);
#382=VECTOR('',#1686,10.);
#383=VECTOR('',#1689,10.);
#384=VECTOR('',#1690,10.);
#385=VECTOR('',#1691,10.);
#386=VECTOR('',#1694,10.);
#387=VECTOR('',#1695,10.);
#388=VECTOR('',#1696,10.);
#389=VECTOR('',#1699,10.);
#390=VECTOR('',#1700,10.);
#391=VECTOR('',#1701,10.);
#392=VECTOR('',#1704,10.);
#393=VECTOR('',#1705,10.);
#394=VECTOR('',#1706,10.);
#395=VECTOR('',#1723,7.5);
#396=VECTOR('',#1728,10.);
#397=VECTOR('',#1731,10.);
#398=VECTOR('',#1734,10.);
#399=VECTOR('',#1737,10.);
#400=VECTOR('',#1742,10.);
#401=VECTOR('',#1745,10.);
#402=VECTOR('',#1748,10.);
#403=VECTOR('',#1751,10.);
#404=VECTOR('',#1766,7.5);
#405=VECTOR('',#1773,10.);
#406=VECTOR('',#1776,10.);
#407=VECTOR('',#1779,10.);
#408=VECTOR('',#1782,10.);
#409=VECTOR('',#1783,10.);
#410=VECTOR('',#1786,10.);
#411=VECTOR('',#1791,10.);
#412=VECTOR('',#1794,10.);
#413=VECTOR('',#1799,10.);
#414=VECTOR('',#1802,10.);
#415=VECTOR('',#1809,10.);
#416=VECTOR('',#1812,10.);
#417=VECTOR('',#1833,10.);
#418=VECTOR('',#1836,10.);
#419=VECTOR('',#1839,10.);
#420=VECTOR('',#1842,10.);
#421=VECTOR('',#1847,10.);
#422=VECTOR('',#1850,10.);
#423=VECTOR('',#1853,10.);
#424=VECTOR('',#1856,10.);
#425=VECTOR('',#1861,10.);
#426=VECTOR('',#1864,10.);
#427=VECTOR('',#1867,10.);
#428=VECTOR('',#1870,10.);
#429=VECTOR('',#1875,10.);
#430=VECTOR('',#1878,10.);
#431=VECTOR('',#1881,10.);
#432=VECTOR('',#1884,10.);
#433=VECTOR('',#1889,10.);
#434=VECTOR('',#1890,10.);
#435=VECTOR('',#1893,10.);
#436=VECTOR('',#1896,10.);
#437=VECTOR('',#1899,10.);
#438=VECTOR('',#1902,10.);
#439=VECTOR('',#1905,10.);
#440=VECTOR('',#1908,10.);
#441=VECTOR('',#1913,10.);
#442=VECTOR('',#1914,10.);
#443=VECTOR('',#1917,10.);
#444=VECTOR('',#1920,10.);
#445=VECTOR('',#1923,10.);
#446=VECTOR('',#1926,10.);
#447=VECTOR('',#1929,10.);
#448=VECTOR('',#1932,10.);
#449=VECTOR('',#1955,7.5);
#450=VECTOR('',#1976,7.5);
#451=CIRCLE('',#1396,35.);
#452=CIRCLE('',#1397,35.);
#453=CIRCLE('',#1399,35.);
#454=CIRCLE('',#1400,35.);
#455=CIRCLE('',#1402,35.);
#456=CIRCLE('',#1403,35.);
#457=CIRCLE('',#1405,35.);
#458=CIRCLE('',#1406,35.);
#459=CIRCLE('',#1408,5.);
#460=CIRCLE('',#1409,5.);
#461=CIRCLE('',#1410,5.);
#462=CIRCLE('',#1411,5.);
#463=CIRCLE('',#1414,5.);
#464=CIRCLE('',#1418,5.);
#465=CIRCLE('',#1421,64.9999999999999);
#466=CIRCLE('',#1422,65.);
#467=CIRCLE('',#1423,65.);
#468=CIRCLE('',#1424,65.);
#469=CIRCLE('',#1425,5.);
#470=CIRCLE('',#1426,64.9999999999999);
#471=CIRCLE('',#1427,5.00000000000002);
#472=CIRCLE('',#1428,5.00000000000002);
#473=CIRCLE('',#1429,64.9999999999999);
#474=CIRCLE('',#1430,5.00000000000001);
#475=CIRCLE('',#1431,5.);
#476=CIRCLE('',#1432,64.9999999999999);
#477=CIRCLE('',#1433,5.00000000000002);
#478=CIRCLE('',#1434,5.00000000000002);
#479=CIRCLE('',#1435,64.9999999999999);
#480=CIRCLE('',#1436,5.00000000000001);
#481=CIRCLE('',#1442,7.5);
#482=CIRCLE('',#1443,1.);
#483=CIRCLE('',#1444,8.5);
#484=CIRCLE('',#1445,7.5);
#485=CIRCLE('',#1447,7.5);
#486=CIRCLE('',#1448,7.5);
#487=CIRCLE('',#1450,20.);
#488=CIRCLE('',#1451,20.);
#489=CIRCLE('',#1452,20.);
#490=CIRCLE('',#1453,20.);
#491=CIRCLE('',#1454,8.5);
#492=CIRCLE('',#1455,8.5);
#493=CIRCLE('',#1456,65.);
#494=CIRCLE('',#1457,65.);
#495=CIRCLE('',#1458,65.);
#496=CIRCLE('',#1459,64.9999999999999);
#497=CIRCLE('',#1460,8.5);
#498=CIRCLE('',#1462,7.5);
#499=CIRCLE('',#1463,1.);
#500=CIRCLE('',#1465,7.5);
#501=CIRCLE('',#1466,7.5);
#502=CIRCLE('',#1468,20.);
#503=CIRCLE('',#1469,20.);
#504=CIRCLE('',#1470,20.);
#505=CIRCLE('',#1471,20.);
#506=CIRCLE('',#1472,64.9999999999999);
#507=CIRCLE('',#1473,5.00000000000002);
#508=CIRCLE('',#1474,5.00000000000001);
#509=CIRCLE('',#1475,64.9999999999999);
#510=CIRCLE('',#1476,5.);
#511=CIRCLE('',#1477,5.00000000000002);
#512=CIRCLE('',#1478,64.9999999999999);
#513=CIRCLE('',#1479,5.00000000000002);
#514=CIRCLE('',#1480,5.);
#515=CIRCLE('',#1481,5.00000000000001);
#516=CIRCLE('',#1482,64.9999999999999);
#517=CIRCLE('',#1483,5.);
#518=CIRCLE('',#1484,5.);
#519=CIRCLE('',#1485,5.00000000000002);
#520=CIRCLE('',#1487,6.5);
#521=CIRCLE('',#1488,1.);
#522=CIRCLE('',#1529,6.5);
#523=CIRCLE('',#1530,1.);
#524=CIRCLE('',#1533,7.5);
#525=CIRCLE('',#1534,1.);
#526=CIRCLE('',#1536,7.5);
#527=CIRCLE('',#1537,7.5);
#528=CIRCLE('',#1539,6.5);
#529=CIRCLE('',#1540,1.);
#530=CIRCLE('',#1543,7.5);
#531=CIRCLE('',#1544,7.5);
#532=CIRCLE('',#1545,1.);
#533=CIRCLE('',#1547,7.5);
#534=CIRCLE('',#1548,7.5);
#535=CIRCLE('',#1550,6.5);
#536=CIRCLE('',#1551,1.);
#537=VERTEX_POINT('',#1989);
#538=VERTEX_POINT('',#1990);
#539=VERTEX_POINT('',#1992);
#540=VERTEX_POINT('',#1994);
#541=VERTEX_POINT('',#1998);
#542=VERTEX_POINT('',#1999);
#543=VERTEX_POINT('',#2001);
#544=VERTEX_POINT('',#2003);
#545=VERTEX_POINT('',#2007);
#546=VERTEX_POINT('',#2008);
#547=VERTEX_POINT('',#2010);
#548=VERTEX_POINT('',#2012);
#549=VERTEX_POINT('',#2016);
#550=VERTEX_POINT('',#2017);
#551=VERTEX_POINT('',#2019);
#552=VERTEX_POINT('',#2021);
#553=VERTEX_POINT('',#2025);
#554=VERTEX_POINT('',#2027);
#555=VERTEX_POINT('',#2029);
#556=VERTEX_POINT('',#2032);
#557=VERTEX_POINT('',#2034);
#558=VERTEX_POINT('',#2037);
#559=VERTEX_POINT('',#2039);
#560=VERTEX_POINT('',#2042);
#561=VERTEX_POINT('',#2046);
#562=VERTEX_POINT('',#2048);
#563=VERTEX_POINT('',#2050);
#564=VERTEX_POINT('',#2054);
#565=VERTEX_POINT('',#2058);
#566=VERTEX_POINT('',#2060);
#567=VERTEX_POINT('',#2064);
#568=VERTEX_POINT('',#2066);
#569=VERTEX_POINT('',#2068);
#570=VERTEX_POINT('',#2072);
#571=VERTEX_POINT('',#2076);
#572=VERTEX_POINT('',#2078);
#573=VERTEX_POINT('',#2082);
#574=VERTEX_POINT('',#2083);
#575=VERTEX_POINT('',#2085);
#576=VERTEX_POINT('',#2087);
#577=VERTEX_POINT('',#2089);
#578=VERTEX_POINT('',#2091);
#579=VERTEX_POINT('',#2093);
#580=VERTEX_POINT('',#2095);
#581=VERTEX_POINT('',#2098);
#582=VERTEX_POINT('',#2100);
#583=VERTEX_POINT('',#2102);
#584=VERTEX_POINT('',#2104);
#585=VERTEX_POINT('',#2107);
#586=VERTEX_POINT('',#2109);
#587=VERTEX_POINT('',#2111);
#588=VERTEX_POINT('',#2113);
#589=VERTEX_POINT('',#2116);
#590=VERTEX_POINT('',#2118);
#591=VERTEX_POINT('',#2120);
#592=VERTEX_POINT('',#2122);
#593=VERTEX_POINT('',#2124);
#594=VERTEX_POINT('',#2126);
#595=VERTEX_POINT('',#2129);
#596=VERTEX_POINT('',#2131);
#597=VERTEX_POINT('',#2133);
#598=VERTEX_POINT('',#2135);
#599=VERTEX_POINT('',#2137);
#600=VERTEX_POINT('',#2139);
#601=VERTEX_POINT('',#2143);
#602=VERTEX_POINT('',#2145);
#603=VERTEX_POINT('',#2149);
#604=VERTEX_POINT('',#2151);
#605=VERTEX_POINT('',#2155);
#606=VERTEX_POINT('',#2157);
#607=VERTEX_POINT('',#2161);
#608=VERTEX_POINT('',#2163);
#609=VERTEX_POINT('',#2167);
#610=VERTEX_POINT('',#2168);
#611=VERTEX_POINT('',#2170);
#612=VERTEX_POINT('',#2175);
#613=VERTEX_POINT('',#2176);
#614=VERTEX_POINT('',#2181);
#615=VERTEX_POINT('',#2182);
#616=VERTEX_POINT('',#2184);
#617=VERTEX_POINT('',#2186);
#618=VERTEX_POINT('',#2188);
#619=VERTEX_POINT('',#2190);
#620=VERTEX_POINT('',#2192);
#621=VERTEX_POINT('',#2194);
#622=VERTEX_POINT('',#2197);
#623=VERTEX_POINT('',#2199);
#624=VERTEX_POINT('',#2201);
#625=VERTEX_POINT('',#2202);
#626=VERTEX_POINT('',#2204);
#627=VERTEX_POINT('',#2206);
#628=VERTEX_POINT('',#2208);
#629=VERTEX_POINT('',#2210);
#630=VERTEX_POINT('',#2212);
#631=VERTEX_POINT('',#2214);
#632=VERTEX_POINT('',#2217);
#633=VERTEX_POINT('',#2220);
#634=VERTEX_POINT('',#2224);
#635=VERTEX_POINT('',#2225);
#636=VERTEX_POINT('',#2230);
#637=VERTEX_POINT('',#2231);
#638=VERTEX_POINT('',#2233);
#639=VERTEX_POINT('',#2235);
#640=VERTEX_POINT('',#2237);
#641=VERTEX_POINT('',#2239);
#642=VERTEX_POINT('',#2241);
#643=VERTEX_POINT('',#2243);
#644=VERTEX_POINT('',#2246);
#645=VERTEX_POINT('',#2247);
#646=VERTEX_POINT('',#2249);
#647=VERTEX_POINT('',#2251);
#648=VERTEX_POINT('',#2255);
#649=VERTEX_POINT('',#2256);
#650=VERTEX_POINT('',#2258);
#651=VERTEX_POINT('',#2260);
#652=VERTEX_POINT('',#2264);
#653=VERTEX_POINT('',#2265);
#654=VERTEX_POINT('',#2267);
#655=VERTEX_POINT('',#2269);
#656=VERTEX_POINT('',#2274);
#657=VERTEX_POINT('',#2275);
#658=VERTEX_POINT('',#2277);
#659=VERTEX_POINT('',#2279);
#660=VERTEX_POINT('',#2285);
#661=VERTEX_POINT('',#2360);
#662=VERTEX_POINT('',#2365);
#663=VERTEX_POINT('',#2369);
#664=VERTEX_POINT('',#2370);
#665=VERTEX_POINT('',#2375);
#666=VERTEX_POINT('',#2380);
#667=VERTEX_POINT('',#2381);
#668=VERTEX_POINT('',#2386);
#669=VERTEX_POINT('',#2387);
#670=VERTEX_POINT('',#2392);
#671=EDGE_CURVE('',#537,#538,#451,.T.);
#672=EDGE_CURVE('',#539,#537,#219,.T.);
#673=EDGE_CURVE('',#539,#540,#452,.T.);
#674=EDGE_CURVE('',#538,#540,#220,.T.);
#675=EDGE_CURVE('',#541,#542,#453,.T.);
#676=EDGE_CURVE('',#543,#541,#221,.T.);
#677=EDGE_CURVE('',#543,#544,#454,.T.);
#678=EDGE_CURVE('',#542,#544,#222,.T.);
#679=EDGE_CURVE('',#545,#546,#455,.T.);
#680=EDGE_CURVE('',#547,#545,#223,.T.);
#681=EDGE_CURVE('',#547,#548,#456,.T.);
#682=EDGE_CURVE('',#546,#548,#224,.T.);
#683=EDGE_CURVE('',#549,#550,#457,.T.);
#684=EDGE_CURVE('',#551,#549,#225,.T.);
#685=EDGE_CURVE('',#551,#552,#458,.T.);
#686=EDGE_CURVE('',#550,#552,#226,.T.);
#687=EDGE_CURVE('',#540,#553,#227,.T.);
#688=EDGE_CURVE('',#554,#539,#228,.T.);
#689=EDGE_CURVE('',#555,#554,#459,.T.);
#690=EDGE_CURVE('',#544,#555,#229,.T.);
#691=EDGE_CURVE('',#556,#543,#230,.T.);
#692=EDGE_CURVE('',#557,#556,#460,.T.);
#693=EDGE_CURVE('',#548,#557,#231,.T.);
#694=EDGE_CURVE('',#558,#547,#232,.T.);
#695=EDGE_CURVE('',#559,#558,#461,.T.);
#696=EDGE_CURVE('',#552,#559,#233,.T.);
#697=EDGE_CURVE('',#560,#551,#234,.T.);
#698=EDGE_CURVE('',#553,#560,#462,.T.);
#699=EDGE_CURVE('',#557,#561,#235,.T.);
#700=EDGE_CURVE('',#562,#561,#236,.T.);
#701=EDGE_CURVE('',#563,#562,#237,.T.);
#702=EDGE_CURVE('',#563,#546,#238,.T.);
#703=EDGE_CURVE('',#556,#564,#239,.T.);
#704=EDGE_CURVE('',#561,#564,#463,.T.);
#705=EDGE_CURVE('',#565,#541,#240,.T.);
#706=EDGE_CURVE('',#565,#566,#241,.T.);
#707=EDGE_CURVE('',#564,#566,#242,.T.);
#708=EDGE_CURVE('',#555,#567,#243,.T.);
#709=EDGE_CURVE('',#568,#567,#244,.T.);
#710=EDGE_CURVE('',#569,#568,#245,.T.);
#711=EDGE_CURVE('',#542,#569,#246,.T.);
#712=EDGE_CURVE('',#554,#570,#247,.T.);
#713=EDGE_CURVE('',#567,#570,#464,.T.);
#714=EDGE_CURVE('',#571,#537,#248,.T.);
#715=EDGE_CURVE('',#571,#572,#249,.T.);
#716=EDGE_CURVE('',#570,#572,#250,.T.);
#717=EDGE_CURVE('',#573,#574,#251,.T.);
#718=EDGE_CURVE('',#575,#573,#465,.T.);
#719=EDGE_CURVE('',#576,#575,#252,.T.);
#720=EDGE_CURVE('',#577,#576,#466,.T.);
#721=EDGE_CURVE('',#578,#577,#253,.T.);
#722=EDGE_CURVE('',#579,#578,#467,.T.);
#723=EDGE_CURVE('',#580,#579,#254,.T.);
#724=EDGE_CURVE('',#574,#580,#468,.T.);
#725=EDGE_CURVE('',#563,#581,#469,.T.);
#726=EDGE_CURVE('',#581,#582,#255,.T.);
#727=EDGE_CURVE('',#582,#583,#470,.T.);
#728=EDGE_CURVE('',#583,#584,#256,.T.);
#729=EDGE_CURVE('',#584,#565,#471,.T.);
#730=EDGE_CURVE('',#569,#585,#472,.T.);
#731=EDGE_CURVE('',#585,#586,#257,.T.);
#732=EDGE_CURVE('',#586,#587,#473,.T.);
#733=EDGE_CURVE('',#587,#588,#258,.T.);
#734=EDGE_CURVE('',#588,#571,#474,.T.);
#735=EDGE_CURVE('',#589,#538,#259,.T.);
#736=EDGE_CURVE('',#589,#590,#475,.T.);
#737=EDGE_CURVE('',#590,#591,#260,.T.);
#738=EDGE_CURVE('',#591,#592,#476,.T.);
#739=EDGE_CURVE('',#592,#593,#261,.T.);
#740=EDGE_CURVE('',#593,#594,#477,.T.);
#741=EDGE_CURVE('',#594,#549,#262,.T.);
#742=EDGE_CURVE('',#550,#595,#263,.T.);
#743=EDGE_CURVE('',#595,#596,#478,.T.);
#744=EDGE_CURVE('',#596,#597,#264,.T.);
#745=EDGE_CURVE('',#597,#598,#479,.T.);
#746=EDGE_CURVE('',#598,#599,#265,.T.);
#747=EDGE_CURVE('',#599,#600,#480,.T.);
#748=EDGE_CURVE('',#600,#545,#266,.T.);
#749=EDGE_CURVE('',#600,#601,#267,.T.);
#750=EDGE_CURVE('',#602,#601,#268,.T.);
#751=EDGE_CURVE('',#558,#602,#269,.T.);
#752=EDGE_CURVE('',#594,#603,#270,.T.);
#753=EDGE_CURVE('',#604,#603,#271,.T.);
#754=EDGE_CURVE('',#560,#604,#272,.T.);
#755=EDGE_CURVE('',#559,#605,#273,.T.);
#756=EDGE_CURVE('',#606,#605,#274,.T.);
#757=EDGE_CURVE('',#595,#606,#275,.T.);
#758=EDGE_CURVE('',#553,#607,#276,.T.);
#759=EDGE_CURVE('',#608,#607,#277,.T.);
#760=EDGE_CURVE('',#589,#608,#278,.T.);
#761=EDGE_CURVE('',#609,#610,#481,.T.);
#762=EDGE_CURVE('',#610,#611,#482,.T.);
#763=EDGE_CURVE('',#611,#611,#483,.T.);
#764=EDGE_CURVE('',#610,#609,#484,.T.);
#765=EDGE_CURVE('',#612,#613,#485,.T.);
#766=EDGE_CURVE('',#613,#612,#486,.T.);
#767=EDGE_CURVE('',#612,#609,#279,.T.);
#768=EDGE_CURVE('',#614,#615,#487,.T.);
#769=EDGE_CURVE('',#615,#616,#280,.T.);
#770=EDGE_CURVE('',#616,#617,#488,.T.);
#771=EDGE_CURVE('',#617,#618,#281,.T.);
#772=EDGE_CURVE('',#618,#619,#489,.T.);
#773=EDGE_CURVE('',#619,#620,#282,.T.);
#774=EDGE_CURVE('',#620,#621,#490,.T.);
#775=EDGE_CURVE('',#621,#614,#283,.T.);
#776=EDGE_CURVE('',#622,#622,#491,.T.);
#777=EDGE_CURVE('',#623,#623,#492,.T.);
#778=EDGE_CURVE('',#624,#625,#284,.T.);
#779=EDGE_CURVE('',#625,#626,#493,.T.);
#780=EDGE_CURVE('',#626,#627,#285,.T.);
#781=EDGE_CURVE('',#627,#628,#494,.T.);
#782=EDGE_CURVE('',#628,#629,#286,.T.);
#783=EDGE_CURVE('',#629,#630,#495,.T.);
#784=EDGE_CURVE('',#630,#631,#287,.T.);
#785=EDGE_CURVE('',#631,#624,#496,.T.);
#786=EDGE_CURVE('',#632,#632,#497,.T.);
#787=EDGE_CURVE('',#633,#633,#498,.T.);
#788=EDGE_CURVE('',#633,#623,#499,.T.);
#789=EDGE_CURVE('',#634,#635,#500,.T.);
#790=EDGE_CURVE('',#634,#633,#288,.T.);
#791=EDGE_CURVE('',#635,#634,#501,.T.);
#792=EDGE_CURVE('',#636,#637,#502,.T.);
#793=EDGE_CURVE('',#636,#638,#289,.F.);
#794=EDGE_CURVE('',#639,#638,#503,.T.);
#795=EDGE_CURVE('',#639,#640,#290,.F.);
#796=EDGE_CURVE('',#641,#640,#504,.T.);
#797=EDGE_CURVE('',#641,#642,#291,.F.);
#798=EDGE_CURVE('',#643,#642,#505,.T.);
#799=EDGE_CURVE('',#643,#637,#292,.F.);
#800=EDGE_CURVE('',#644,#645,#293,.T.);
#801=EDGE_CURVE('',#645,#646,#506,.T.);
#802=EDGE_CURVE('',#646,#647,#294,.T.);
#803=EDGE_CURVE('',#647,#568,#507,.T.);
#804=EDGE_CURVE('',#572,#644,#508,.T.);
#805=EDGE_CURVE('',#648,#649,#295,.T.);
#806=EDGE_CURVE('',#649,#650,#509,.T.);
#807=EDGE_CURVE('',#650,#651,#296,.T.);
#808=EDGE_CURVE('',#651,#562,#510,.T.);
#809=EDGE_CURVE('',#566,#648,#511,.T.);
#810=EDGE_CURVE('',#652,#653,#297,.T.);
#811=EDGE_CURVE('',#653,#654,#512,.T.);
#812=EDGE_CURVE('',#654,#655,#298,.T.);
#813=EDGE_CURVE('',#655,#606,#513,.T.);
#814=EDGE_CURVE('',#605,#602,#514,.T.);
#815=EDGE_CURVE('',#601,#652,#515,.T.);
#816=EDGE_CURVE('',#656,#657,#299,.T.);
#817=EDGE_CURVE('',#657,#658,#516,.T.);
#818=EDGE_CURVE('',#658,#659,#300,.T.);
#819=EDGE_CURVE('',#659,#608,#517,.T.);
#820=EDGE_CURVE('',#607,#604,#518,.T.);
#821=EDGE_CURVE('',#603,#656,#519,.T.);
#822=EDGE_CURVE('',#660,#660,#520,.T.);
#823=EDGE_CURVE('',#660,#635,#521,.T.);
#824=EDGE_CURVE('',#588,#644,#301,.T.);
#825=EDGE_CURVE('',#587,#645,#302,.T.);
#826=EDGE_CURVE('',#586,#646,#303,.T.);
#827=EDGE_CURVE('',#585,#647,#304,.T.);
#828=EDGE_CURVE('',#584,#648,#305,.T.);
#829=EDGE_CURVE('',#583,#649,#306,.T.);
#830=EDGE_CURVE('',#582,#650,#307,.T.);
#831=EDGE_CURVE('',#581,#651,#308,.T.);
#832=EDGE_CURVE('',#599,#652,#309,.T.);
#833=EDGE_CURVE('',#598,#653,#310,.T.);
#834=EDGE_CURVE('',#597,#654,#311,.T.);
#835=EDGE_CURVE('',#596,#655,#312,.T.);
#836=EDGE_CURVE('',#593,#656,#313,.T.);
#837=EDGE_CURVE('',#592,#657,#314,.T.);
#838=EDGE_CURVE('',#591,#658,#315,.T.);
#839=EDGE_CURVE('',#590,#659,#316,.T.);
#840=EDGE_CURVE('',#624,#573,#317,.T.);
#841=EDGE_CURVE('',#625,#574,#318,.T.);
#842=EDGE_CURVE('',#631,#575,#319,.T.);
#843=EDGE_CURVE('',#630,#576,#320,.T.);
#844=EDGE_CURVE('',#629,#577,#321,.T.);
#845=EDGE_CURVE('',#628,#578,#322,.T.);
#846=EDGE_CURVE('',#627,#579,#323,.T.);
#847=EDGE_CURVE('',#626,#580,#324,.T.);
#848=EDGE_CURVE('',#636,#614,#325,.T.);
#849=EDGE_CURVE('',#638,#621,#326,.T.);
#850=EDGE_CURVE('',#639,#620,#327,.T.);
#851=EDGE_CURVE('',#640,#619,#328,.T.);
#852=EDGE_CURVE('',#641,#618,#329,.T.);
#853=EDGE_CURVE('',#642,#617,#330,.T.);
#854=EDGE_CURVE('',#643,#616,#331,.T.);
#855=EDGE_CURVE('',#637,#615,#332,.T.);
#856=EDGE_CURVE('',#661,#661,#522,.T.);
#857=EDGE_CURVE('',#661,#613,#523,.T.);
#858=EDGE_CURVE('',#662,#662,#524,.T.);
#859=EDGE_CURVE('',#662,#632,#525,.T.);
#860=EDGE_CURVE('',#663,#664,#526,.T.);
#861=EDGE_CURVE('',#664,#663,#527,.T.);
#862=EDGE_CURVE('',#663,#662,#333,.T.);
#863=EDGE_CURVE('',#665,#665,#528,.T.);
#864=EDGE_CURVE('',#665,#664,#529,.T.);
#865=EDGE_CURVE('',#666,#667,#530,.T.);
#866=EDGE_CURVE('',#667,#666,#531,.T.);
#867=EDGE_CURVE('',#667,#622,#532,.T.);
#868=EDGE_CURVE('',#668,#669,#533,.T.);
#869=EDGE_CURVE('',#668,#666,#334,.T.);
#870=EDGE_CURVE('',#669,#668,#534,.T.);
#871=EDGE_CURVE('',#670,#670,#535,.T.);
#872=EDGE_CURVE('',#670,#669,#536,.T.);
#873=ORIENTED_EDGE('',*,*,#671,.F.);
#874=ORIENTED_EDGE('',*,*,#672,.F.);
#875=ORIENTED_EDGE('',*,*,#673,.T.);
#876=ORIENTED_EDGE('',*,*,#674,.F.);
#877=ORIENTED_EDGE('',*,*,#675,.F.);
#878=ORIENTED_EDGE('',*,*,#676,.F.);
#879=ORIENTED_EDGE('',*,*,#677,.T.);
#880=ORIENTED_EDGE('',*,*,#678,.F.);
#881=ORIENTED_EDGE('',*,*,#679,.F.);
#882=ORIENTED_EDGE('',*,*,#680,.F.);
#883=ORIENTED_EDGE('',*,*,#681,.T.);
#884=ORIENTED_EDGE('',*,*,#682,.F.);
#885=ORIENTED_EDGE('',*,*,#683,.F.);
#886=ORIENTED_EDGE('',*,*,#684,.F.);
#887=ORIENTED_EDGE('',*,*,#685,.T.);
#888=ORIENTED_EDGE('',*,*,#686,.F.);
#889=ORIENTED_EDGE('',*,*,#687,.F.);
#890=ORIENTED_EDGE('',*,*,#673,.F.);
#891=ORIENTED_EDGE('',*,*,#688,.F.);
#892=ORIENTED_EDGE('',*,*,#689,.F.);
#893=ORIENTED_EDGE('',*,*,#690,.F.);
#894=ORIENTED_EDGE('',*,*,#677,.F.);
#895=ORIENTED_EDGE('',*,*,#691,.F.);
#896=ORIENTED_EDGE('',*,*,#692,.F.);
#897=ORIENTED_EDGE('',*,*,#693,.F.);
#898=ORIENTED_EDGE('',*,*,#681,.F.);
#899=ORIENTED_EDGE('',*,*,#694,.F.);
#900=ORIENTED_EDGE('',*,*,#695,.F.);
#901=ORIENTED_EDGE('',*,*,#696,.F.);
#902=ORIENTED_EDGE('',*,*,#685,.F.);
#903=ORIENTED_EDGE('',*,*,#697,.F.);
#904=ORIENTED_EDGE('',*,*,#698,.F.);
#905=ORIENTED_EDGE('',*,*,#682,.T.);
#906=ORIENTED_EDGE('',*,*,#693,.T.);
#907=ORIENTED_EDGE('',*,*,#699,.T.);
#908=ORIENTED_EDGE('',*,*,#700,.F.);
#909=ORIENTED_EDGE('',*,*,#701,.F.);
#910=ORIENTED_EDGE('',*,*,#702,.T.);
#911=ORIENTED_EDGE('',*,*,#692,.T.);
#912=ORIENTED_EDGE('',*,*,#703,.T.);
#913=ORIENTED_EDGE('',*,*,#704,.F.);
#914=ORIENTED_EDGE('',*,*,#699,.F.);
#915=ORIENTED_EDGE('',*,*,#691,.T.);
#916=ORIENTED_EDGE('',*,*,#676,.T.);
#917=ORIENTED_EDGE('',*,*,#705,.F.);
#918=ORIENTED_EDGE('',*,*,#706,.T.);
#919=ORIENTED_EDGE('',*,*,#707,.F.);
#920=ORIENTED_EDGE('',*,*,#703,.F.);
#921=ORIENTED_EDGE('',*,*,#678,.T.);
#922=ORIENTED_EDGE('',*,*,#690,.T.);
#923=ORIENTED_EDGE('',*,*,#708,.T.);
#924=ORIENTED_EDGE('',*,*,#709,.F.);
#925=ORIENTED_EDGE('',*,*,#710,.F.);
#926=ORIENTED_EDGE('',*,*,#711,.F.);
#927=ORIENTED_EDGE('',*,*,#689,.T.);
#928=ORIENTED_EDGE('',*,*,#712,.T.);
#929=ORIENTED_EDGE('',*,*,#713,.F.);
#930=ORIENTED_EDGE('',*,*,#708,.F.);
#931=ORIENTED_EDGE('',*,*,#688,.T.);
#932=ORIENTED_EDGE('',*,*,#672,.T.);
#933=ORIENTED_EDGE('',*,*,#714,.F.);
#934=ORIENTED_EDGE('',*,*,#715,.T.);
#935=ORIENTED_EDGE('',*,*,#716,.F.);
#936=ORIENTED_EDGE('',*,*,#712,.F.);
#937=ORIENTED_EDGE('',*,*,#717,.F.);
#938=ORIENTED_EDGE('',*,*,#718,.F.);
#939=ORIENTED_EDGE('',*,*,#719,.F.);
#940=ORIENTED_EDGE('',*,*,#720,.F.);
#941=ORIENTED_EDGE('',*,*,#721,.F.);
#942=ORIENTED_EDGE('',*,*,#722,.F.);
#943=ORIENTED_EDGE('',*,*,#723,.F.);
#944=ORIENTED_EDGE('',*,*,#724,.F.);
#945=ORIENTED_EDGE('',*,*,#679,.T.);
#946=ORIENTED_EDGE('',*,*,#702,.F.);
#947=ORIENTED_EDGE('',*,*,#725,.T.);
#948=ORIENTED_EDGE('',*,*,#726,.T.);
#949=ORIENTED_EDGE('',*,*,#727,.T.);
#950=ORIENTED_EDGE('',*,*,#728,.T.);
#951=ORIENTED_EDGE('',*,*,#729,.T.);
#952=ORIENTED_EDGE('',*,*,#705,.T.);
#953=ORIENTED_EDGE('',*,*,#675,.T.);
#954=ORIENTED_EDGE('',*,*,#711,.T.);
#955=ORIENTED_EDGE('',*,*,#730,.T.);
#956=ORIENTED_EDGE('',*,*,#731,.T.);
#957=ORIENTED_EDGE('',*,*,#732,.T.);
#958=ORIENTED_EDGE('',*,*,#733,.T.);
#959=ORIENTED_EDGE('',*,*,#734,.T.);
#960=ORIENTED_EDGE('',*,*,#714,.T.);
#961=ORIENTED_EDGE('',*,*,#671,.T.);
#962=ORIENTED_EDGE('',*,*,#735,.F.);
#963=ORIENTED_EDGE('',*,*,#736,.T.);
#964=ORIENTED_EDGE('',*,*,#737,.T.);
#965=ORIENTED_EDGE('',*,*,#738,.T.);
#966=ORIENTED_EDGE('',*,*,#739,.T.);
#967=ORIENTED_EDGE('',*,*,#740,.T.);
#968=ORIENTED_EDGE('',*,*,#741,.T.);
#969=ORIENTED_EDGE('',*,*,#683,.T.);
#970=ORIENTED_EDGE('',*,*,#742,.T.);
#971=ORIENTED_EDGE('',*,*,#743,.T.);
#972=ORIENTED_EDGE('',*,*,#744,.T.);
#973=ORIENTED_EDGE('',*,*,#745,.T.);
#974=ORIENTED_EDGE('',*,*,#746,.T.);
#975=ORIENTED_EDGE('',*,*,#747,.T.);
#976=ORIENTED_EDGE('',*,*,#748,.T.);
#977=ORIENTED_EDGE('',*,*,#680,.T.);
#978=ORIENTED_EDGE('',*,*,#748,.F.);
#979=ORIENTED_EDGE('',*,*,#749,.T.);
#980=ORIENTED_EDGE('',*,*,#750,.F.);
#981=ORIENTED_EDGE('',*,*,#751,.F.);
#982=ORIENTED_EDGE('',*,*,#694,.T.);
#983=ORIENTED_EDGE('',*,*,#684,.T.);
#984=ORIENTED_EDGE('',*,*,#741,.F.);
#985=ORIENTED_EDGE('',*,*,#752,.T.);
#986=ORIENTED_EDGE('',*,*,#753,.F.);
#987=ORIENTED_EDGE('',*,*,#754,.F.);
#988=ORIENTED_EDGE('',*,*,#697,.T.);
#989=ORIENTED_EDGE('',*,*,#696,.T.);
#990=ORIENTED_EDGE('',*,*,#755,.T.);
#991=ORIENTED_EDGE('',*,*,#756,.F.);
#992=ORIENTED_EDGE('',*,*,#757,.F.);
#993=ORIENTED_EDGE('',*,*,#742,.F.);
#994=ORIENTED_EDGE('',*,*,#686,.T.);
#995=ORIENTED_EDGE('',*,*,#687,.T.);
#996=ORIENTED_EDGE('',*,*,#758,.T.);
#997=ORIENTED_EDGE('',*,*,#759,.F.);
#998=ORIENTED_EDGE('',*,*,#760,.F.);
#999=ORIENTED_EDGE('',*,*,#735,.T.);
#1000=ORIENTED_EDGE('',*,*,#674,.T.);
#1001=ORIENTED_EDGE('',*,*,#761,.T.);
#1002=ORIENTED_EDGE('',*,*,#762,.T.);
#1003=ORIENTED_EDGE('',*,*,#763,.T.);
#1004=ORIENTED_EDGE('',*,*,#762,.F.);
#1005=ORIENTED_EDGE('',*,*,#764,.T.);
#1006=ORIENTED_EDGE('',*,*,#765,.T.);
#1007=ORIENTED_EDGE('',*,*,#766,.T.);
#1008=ORIENTED_EDGE('',*,*,#767,.T.);
#1009=ORIENTED_EDGE('',*,*,#764,.F.);
#1010=ORIENTED_EDGE('',*,*,#761,.F.);
#1011=ORIENTED_EDGE('',*,*,#767,.F.);
#1012=ORIENTED_EDGE('',*,*,#768,.T.);
#1013=ORIENTED_EDGE('',*,*,#769,.T.);
#1014=ORIENTED_EDGE('',*,*,#770,.T.);
#1015=ORIENTED_EDGE('',*,*,#771,.T.);
#1016=ORIENTED_EDGE('',*,*,#772,.T.);
#1017=ORIENTED_EDGE('',*,*,#773,.T.);
#1018=ORIENTED_EDGE('',*,*,#774,.T.);
#1019=ORIENTED_EDGE('',*,*,#775,.T.);
#1020=ORIENTED_EDGE('',*,*,#776,.T.);
#1021=ORIENTED_EDGE('',*,*,#777,.F.);
#1022=ORIENTED_EDGE('',*,*,#778,.T.);
#1023=ORIENTED_EDGE('',*,*,#779,.T.);
#1024=ORIENTED_EDGE('',*,*,#780,.T.);
#1025=ORIENTED_EDGE('',*,*,#781,.T.);
#1026=ORIENTED_EDGE('',*,*,#782,.T.);
#1027=ORIENTED_EDGE('',*,*,#783,.T.);
#1028=ORIENTED_EDGE('',*,*,#784,.T.);
#1029=ORIENTED_EDGE('',*,*,#785,.T.);
#1030=ORIENTED_EDGE('',*,*,#786,.T.);
#1031=ORIENTED_EDGE('',*,*,#763,.F.);
#1032=ORIENTED_EDGE('',*,*,#787,.T.);
#1033=ORIENTED_EDGE('',*,*,#788,.T.);
#1034=ORIENTED_EDGE('',*,*,#777,.T.);
#1035=ORIENTED_EDGE('',*,*,#788,.F.);
#1036=ORIENTED_EDGE('',*,*,#789,.F.);
#1037=ORIENTED_EDGE('',*,*,#790,.T.);
#1038=ORIENTED_EDGE('',*,*,#787,.F.);
#1039=ORIENTED_EDGE('',*,*,#790,.F.);
#1040=ORIENTED_EDGE('',*,*,#791,.F.);
#1041=ORIENTED_EDGE('',*,*,#792,.F.);
#1042=ORIENTED_EDGE('',*,*,#793,.T.);
#1043=ORIENTED_EDGE('',*,*,#794,.F.);
#1044=ORIENTED_EDGE('',*,*,#795,.T.);
#1045=ORIENTED_EDGE('',*,*,#796,.F.);
#1046=ORIENTED_EDGE('',*,*,#797,.T.);
#1047=ORIENTED_EDGE('',*,*,#798,.F.);
#1048=ORIENTED_EDGE('',*,*,#799,.T.);
#1049=ORIENTED_EDGE('',*,*,#800,.T.);
#1050=ORIENTED_EDGE('',*,*,#801,.T.);
#1051=ORIENTED_EDGE('',*,*,#802,.T.);
#1052=ORIENTED_EDGE('',*,*,#803,.T.);
#1053=ORIENTED_EDGE('',*,*,#709,.T.);
#1054=ORIENTED_EDGE('',*,*,#713,.T.);
#1055=ORIENTED_EDGE('',*,*,#716,.T.);
#1056=ORIENTED_EDGE('',*,*,#804,.T.);
#1057=ORIENTED_EDGE('',*,*,#805,.T.);
#1058=ORIENTED_EDGE('',*,*,#806,.T.);
#1059=ORIENTED_EDGE('',*,*,#807,.T.);
#1060=ORIENTED_EDGE('',*,*,#808,.T.);
#1061=ORIENTED_EDGE('',*,*,#700,.T.);
#1062=ORIENTED_EDGE('',*,*,#704,.T.);
#1063=ORIENTED_EDGE('',*,*,#707,.T.);
#1064=ORIENTED_EDGE('',*,*,#809,.T.);
#1065=ORIENTED_EDGE('',*,*,#810,.T.);
#1066=ORIENTED_EDGE('',*,*,#811,.T.);
#1067=ORIENTED_EDGE('',*,*,#812,.T.);
#1068=ORIENTED_EDGE('',*,*,#813,.T.);
#1069=ORIENTED_EDGE('',*,*,#756,.T.);
#1070=ORIENTED_EDGE('',*,*,#814,.T.);
#1071=ORIENTED_EDGE('',*,*,#750,.T.);
#1072=ORIENTED_EDGE('',*,*,#815,.T.);
#1073=ORIENTED_EDGE('',*,*,#816,.T.);
#1074=ORIENTED_EDGE('',*,*,#817,.T.);
#1075=ORIENTED_EDGE('',*,*,#818,.T.);
#1076=ORIENTED_EDGE('',*,*,#819,.T.);
#1077=ORIENTED_EDGE('',*,*,#759,.T.);
#1078=ORIENTED_EDGE('',*,*,#820,.T.);
#1079=ORIENTED_EDGE('',*,*,#753,.T.);
#1080=ORIENTED_EDGE('',*,*,#821,.T.);
#1081=ORIENTED_EDGE('',*,*,#822,.T.);
#1082=ORIENTED_EDGE('',*,*,#823,.T.);
#1083=ORIENTED_EDGE('',*,*,#791,.T.);
#1084=ORIENTED_EDGE('',*,*,#789,.T.);
#1085=ORIENTED_EDGE('',*,*,#823,.F.);
#1086=ORIENTED_EDGE('',*,*,#822,.F.);
#1087=ORIENTED_EDGE('',*,*,#698,.T.);
#1088=ORIENTED_EDGE('',*,*,#754,.T.);
#1089=ORIENTED_EDGE('',*,*,#820,.F.);
#1090=ORIENTED_EDGE('',*,*,#758,.F.);
#1091=ORIENTED_EDGE('',*,*,#695,.T.);
#1092=ORIENTED_EDGE('',*,*,#751,.T.);
#1093=ORIENTED_EDGE('',*,*,#814,.F.);
#1094=ORIENTED_EDGE('',*,*,#755,.F.);
#1095=ORIENTED_EDGE('',*,*,#804,.F.);
#1096=ORIENTED_EDGE('',*,*,#715,.F.);
#1097=ORIENTED_EDGE('',*,*,#734,.F.);
#1098=ORIENTED_EDGE('',*,*,#824,.T.);
#1099=ORIENTED_EDGE('',*,*,#800,.F.);
#1100=ORIENTED_EDGE('',*,*,#824,.F.);
#1101=ORIENTED_EDGE('',*,*,#733,.F.);
#1102=ORIENTED_EDGE('',*,*,#825,.T.);
#1103=ORIENTED_EDGE('',*,*,#801,.F.);
#1104=ORIENTED_EDGE('',*,*,#825,.F.);
#1105=ORIENTED_EDGE('',*,*,#732,.F.);
#1106=ORIENTED_EDGE('',*,*,#826,.T.);
#1107=ORIENTED_EDGE('',*,*,#802,.F.);
#1108=ORIENTED_EDGE('',*,*,#826,.F.);
#1109=ORIENTED_EDGE('',*,*,#731,.F.);
#1110=ORIENTED_EDGE('',*,*,#827,.T.);
#1111=ORIENTED_EDGE('',*,*,#803,.F.);
#1112=ORIENTED_EDGE('',*,*,#827,.F.);
#1113=ORIENTED_EDGE('',*,*,#730,.F.);
#1114=ORIENTED_EDGE('',*,*,#710,.T.);
#1115=ORIENTED_EDGE('',*,*,#809,.F.);
#1116=ORIENTED_EDGE('',*,*,#706,.F.);
#1117=ORIENTED_EDGE('',*,*,#729,.F.);
#1118=ORIENTED_EDGE('',*,*,#828,.T.);
#1119=ORIENTED_EDGE('',*,*,#805,.F.);
#1120=ORIENTED_EDGE('',*,*,#828,.F.);
#1121=ORIENTED_EDGE('',*,*,#728,.F.);
#1122=ORIENTED_EDGE('',*,*,#829,.T.);
#1123=ORIENTED_EDGE('',*,*,#806,.F.);
#1124=ORIENTED_EDGE('',*,*,#829,.F.);
#1125=ORIENTED_EDGE('',*,*,#727,.F.);
#1126=ORIENTED_EDGE('',*,*,#830,.T.);
#1127=ORIENTED_EDGE('',*,*,#807,.F.);
#1128=ORIENTED_EDGE('',*,*,#830,.F.);
#1129=ORIENTED_EDGE('',*,*,#726,.F.);
#1130=ORIENTED_EDGE('',*,*,#831,.T.);
#1131=ORIENTED_EDGE('',*,*,#808,.F.);
#1132=ORIENTED_EDGE('',*,*,#831,.F.);
#1133=ORIENTED_EDGE('',*,*,#725,.F.);
#1134=ORIENTED_EDGE('',*,*,#701,.T.);
#1135=ORIENTED_EDGE('',*,*,#815,.F.);
#1136=ORIENTED_EDGE('',*,*,#749,.F.);
#1137=ORIENTED_EDGE('',*,*,#747,.F.);
#1138=ORIENTED_EDGE('',*,*,#832,.T.);
#1139=ORIENTED_EDGE('',*,*,#810,.F.);
#1140=ORIENTED_EDGE('',*,*,#832,.F.);
#1141=ORIENTED_EDGE('',*,*,#746,.F.);
#1142=ORIENTED_EDGE('',*,*,#833,.T.);
#1143=ORIENTED_EDGE('',*,*,#811,.F.);
#1144=ORIENTED_EDGE('',*,*,#833,.F.);
#1145=ORIENTED_EDGE('',*,*,#745,.F.);
#1146=ORIENTED_EDGE('',*,*,#834,.T.);
#1147=ORIENTED_EDGE('',*,*,#812,.F.);
#1148=ORIENTED_EDGE('',*,*,#834,.F.);
#1149=ORIENTED_EDGE('',*,*,#744,.F.);
#1150=ORIENTED_EDGE('',*,*,#835,.T.);
#1151=ORIENTED_EDGE('',*,*,#813,.F.);
#1152=ORIENTED_EDGE('',*,*,#835,.F.);
#1153=ORIENTED_EDGE('',*,*,#743,.F.);
#1154=ORIENTED_EDGE('',*,*,#757,.T.);
#1155=ORIENTED_EDGE('',*,*,#821,.F.);
#1156=ORIENTED_EDGE('',*,*,#752,.F.);
#1157=ORIENTED_EDGE('',*,*,#740,.F.);
#1158=ORIENTED_EDGE('',*,*,#836,.T.);
#1159=ORIENTED_EDGE('',*,*,#816,.F.);
#1160=ORIENTED_EDGE('',*,*,#836,.F.);
#1161=ORIENTED_EDGE('',*,*,#739,.F.);
#1162=ORIENTED_EDGE('',*,*,#837,.T.);
#1163=ORIENTED_EDGE('',*,*,#817,.F.);
#1164=ORIENTED_EDGE('',*,*,#837,.F.);
#1165=ORIENTED_EDGE('',*,*,#738,.F.);
#1166=ORIENTED_EDGE('',*,*,#838,.T.);
#1167=ORIENTED_EDGE('',*,*,#818,.F.);
#1168=ORIENTED_EDGE('',*,*,#838,.F.);
#1169=ORIENTED_EDGE('',*,*,#737,.F.);
#1170=ORIENTED_EDGE('',*,*,#839,.T.);
#1171=ORIENTED_EDGE('',*,*,#819,.F.);
#1172=ORIENTED_EDGE('',*,*,#839,.F.);
#1173=ORIENTED_EDGE('',*,*,#736,.F.);
#1174=ORIENTED_EDGE('',*,*,#760,.T.);
#1175=ORIENTED_EDGE('',*,*,#778,.F.);
#1176=ORIENTED_EDGE('',*,*,#840,.T.);
#1177=ORIENTED_EDGE('',*,*,#717,.T.);
#1178=ORIENTED_EDGE('',*,*,#841,.F.);
#1179=ORIENTED_EDGE('',*,*,#785,.F.);
#1180=ORIENTED_EDGE('',*,*,#842,.T.);
#1181=ORIENTED_EDGE('',*,*,#718,.T.);
#1182=ORIENTED_EDGE('',*,*,#840,.F.);
#1183=ORIENTED_EDGE('',*,*,#784,.F.);
#1184=ORIENTED_EDGE('',*,*,#843,.T.);
#1185=ORIENTED_EDGE('',*,*,#719,.T.);
#1186=ORIENTED_EDGE('',*,*,#842,.F.);
#1187=ORIENTED_EDGE('',*,*,#783,.F.);
#1188=ORIENTED_EDGE('',*,*,#844,.T.);
#1189=ORIENTED_EDGE('',*,*,#720,.T.);
#1190=ORIENTED_EDGE('',*,*,#843,.F.);
#1191=ORIENTED_EDGE('',*,*,#782,.F.);
#1192=ORIENTED_EDGE('',*,*,#845,.T.);
#1193=ORIENTED_EDGE('',*,*,#721,.T.);
#1194=ORIENTED_EDGE('',*,*,#844,.F.);
#1195=ORIENTED_EDGE('',*,*,#781,.F.);
#1196=ORIENTED_EDGE('',*,*,#846,.T.);
#1197=ORIENTED_EDGE('',*,*,#722,.T.);
#1198=ORIENTED_EDGE('',*,*,#845,.F.);
#1199=ORIENTED_EDGE('',*,*,#780,.F.);
#1200=ORIENTED_EDGE('',*,*,#847,.T.);
#1201=ORIENTED_EDGE('',*,*,#723,.T.);
#1202=ORIENTED_EDGE('',*,*,#846,.F.);
#1203=ORIENTED_EDGE('',*,*,#779,.F.);
#1204=ORIENTED_EDGE('',*,*,#841,.T.);
#1205=ORIENTED_EDGE('',*,*,#724,.T.);
#1206=ORIENTED_EDGE('',*,*,#847,.F.);
#1207=ORIENTED_EDGE('',*,*,#793,.F.);
#1208=ORIENTED_EDGE('',*,*,#848,.T.);
#1209=ORIENTED_EDGE('',*,*,#775,.F.);
#1210=ORIENTED_EDGE('',*,*,#849,.F.);
#1211=ORIENTED_EDGE('',*,*,#794,.T.);
#1212=ORIENTED_EDGE('',*,*,#849,.T.);
#1213=ORIENTED_EDGE('',*,*,#774,.F.);
#1214=ORIENTED_EDGE('',*,*,#850,.F.);
#1215=ORIENTED_EDGE('',*,*,#795,.F.);
#1216=ORIENTED_EDGE('',*,*,#850,.T.);
#1217=ORIENTED_EDGE('',*,*,#773,.F.);
#1218=ORIENTED_EDGE('',*,*,#851,.F.);
#1219=ORIENTED_EDGE('',*,*,#796,.T.);
#1220=ORIENTED_EDGE('',*,*,#851,.T.);
#1221=ORIENTED_EDGE('',*,*,#772,.F.);
#1222=ORIENTED_EDGE('',*,*,#852,.F.);
#1223=ORIENTED_EDGE('',*,*,#797,.F.);
#1224=ORIENTED_EDGE('',*,*,#852,.T.);
#1225=ORIENTED_EDGE('',*,*,#771,.F.);
#1226=ORIENTED_EDGE('',*,*,#853,.F.);
#1227=ORIENTED_EDGE('',*,*,#798,.T.);
#1228=ORIENTED_EDGE('',*,*,#853,.T.);
#1229=ORIENTED_EDGE('',*,*,#770,.F.);
#1230=ORIENTED_EDGE('',*,*,#854,.F.);
#1231=ORIENTED_EDGE('',*,*,#799,.F.);
#1232=ORIENTED_EDGE('',*,*,#854,.T.);
#1233=ORIENTED_EDGE('',*,*,#769,.F.);
#1234=ORIENTED_EDGE('',*,*,#855,.F.);
#1235=ORIENTED_EDGE('',*,*,#792,.T.);
#1236=ORIENTED_EDGE('',*,*,#855,.T.);
#1237=ORIENTED_EDGE('',*,*,#768,.F.);
#1238=ORIENTED_EDGE('',*,*,#848,.F.);
#1239=ORIENTED_EDGE('',*,*,#856,.F.);
#1240=ORIENTED_EDGE('',*,*,#857,.T.);
#1241=ORIENTED_EDGE('',*,*,#765,.F.);
#1242=ORIENTED_EDGE('',*,*,#766,.F.);
#1243=ORIENTED_EDGE('',*,*,#857,.F.);
#1244=ORIENTED_EDGE('',*,*,#856,.T.);
#1245=ORIENTED_EDGE('',*,*,#858,.F.);
#1246=ORIENTED_EDGE('',*,*,#859,.T.);
#1247=ORIENTED_EDGE('',*,*,#786,.F.);
#1248=ORIENTED_EDGE('',*,*,#859,.F.);
#1249=ORIENTED_EDGE('',*,*,#860,.T.);
#1250=ORIENTED_EDGE('',*,*,#861,.T.);
#1251=ORIENTED_EDGE('',*,*,#862,.T.);
#1252=ORIENTED_EDGE('',*,*,#858,.T.);
#1253=ORIENTED_EDGE('',*,*,#862,.F.);
#1254=ORIENTED_EDGE('',*,*,#863,.F.);
#1255=ORIENTED_EDGE('',*,*,#864,.T.);
#1256=ORIENTED_EDGE('',*,*,#860,.F.);
#1257=ORIENTED_EDGE('',*,*,#861,.F.);
#1258=ORIENTED_EDGE('',*,*,#864,.F.);
#1259=ORIENTED_EDGE('',*,*,#863,.T.);
#1260=ORIENTED_EDGE('',*,*,#865,.F.);
#1261=ORIENTED_EDGE('',*,*,#866,.F.);
#1262=ORIENTED_EDGE('',*,*,#867,.T.);
#1263=ORIENTED_EDGE('',*,*,#776,.F.);
#1264=ORIENTED_EDGE('',*,*,#867,.F.);
#1265=ORIENTED_EDGE('',*,*,#868,.F.);
#1266=ORIENTED_EDGE('',*,*,#869,.T.);
#1267=ORIENTED_EDGE('',*,*,#865,.T.);
#1268=ORIENTED_EDGE('',*,*,#866,.T.);
#1269=ORIENTED_EDGE('',*,*,#869,.F.);
#1270=ORIENTED_EDGE('',*,*,#870,.F.);
#1271=ORIENTED_EDGE('',*,*,#871,.T.);
#1272=ORIENTED_EDGE('',*,*,#872,.T.);
#1273=ORIENTED_EDGE('',*,*,#870,.T.);
#1274=ORIENTED_EDGE('',*,*,#868,.T.);
#1275=ORIENTED_EDGE('',*,*,#872,.F.);
#1276=ORIENTED_EDGE('',*,*,#871,.F.);
#1277=CYLINDRICAL_SURFACE('',#1395,35.);
#1278=CYLINDRICAL_SURFACE('',#1398,35.);
#1279=CYLINDRICAL_SURFACE('',#1401,35.);
#1280=CYLINDRICAL_SURFACE('',#1404,35.);
#1281=CYLINDRICAL_SURFACE('',#1413,5.);
#1282=CYLINDRICAL_SURFACE('',#1417,5.);
#1283=CYLINDRICAL_SURFACE('',#1446,7.5);
#1284=CYLINDRICAL_SURFACE('',#1464,7.5);
#1285=CYLINDRICAL_SURFACE('',#1490,5.);
#1286=CYLINDRICAL_SURFACE('',#1491,5.);
#1287=CYLINDRICAL_SURFACE('',#1492,5.00000000000001);
#1288=CYLINDRICAL_SURFACE('',#1494,64.9999999999999);
#1289=CYLINDRICAL_SURFACE('',#1496,5.00000000000002);
#1290=CYLINDRICAL_SURFACE('',#1497,5.00000000000002);
#1291=CYLINDRICAL_SURFACE('',#1499,64.9999999999999);
#1292=CYLINDRICAL_SURFACE('',#1501,5.);
#1293=CYLINDRICAL_SURFACE('',#1502,5.00000000000001);
#1294=CYLINDRICAL_SURFACE('',#1504,64.9999999999999);
#1295=CYLINDRICAL_SURFACE('',#1506,5.00000000000002);
#1296=CYLINDRICAL_SURFACE('',#1507,5.00000000000002);
#1297=CYLINDRICAL_SURFACE('',#1509,64.9999999999999);
#1298=CYLINDRICAL_SURFACE('',#1511,5.);
#1299=CYLINDRICAL_SURFACE('',#1513,64.9999999999999);
#1300=CYLINDRICAL_SURFACE('',#1515,65.);
#1301=CYLINDRICAL_SURFACE('',#1517,65.);
#1302=CYLINDRICAL_SURFACE('',#1519,65.);
#1303=CYLINDRICAL_SURFACE('',#1521,20.);
#1304=CYLINDRICAL_SURFACE('',#1523,20.);
#1305=CYLINDRICAL_SURFACE('',#1525,20.);
#1306=CYLINDRICAL_SURFACE('',#1527,20.);
#1307=CYLINDRICAL_SURFACE('',#1535,7.5);
#1308=CYLINDRICAL_SURFACE('',#1546,7.5);
#1309=ADVANCED_FACE('',(#65),#1277,.F.);
#1310=ADVANCED_FACE('',(#66),#1278,.F.);
#1311=ADVANCED_FACE('',(#67),#1279,.F.);
#1312=ADVANCED_FACE('',(#68),#1280,.F.);
#1313=ADVANCED_FACE('',(#69),#33,.T.);
#1314=ADVANCED_FACE('',(#70),#34,.F.);
#1315=ADVANCED_FACE('',(#71),#1281,.F.);
#1316=ADVANCED_FACE('',(#72),#35,.F.);
#1317=ADVANCED_FACE('',(#73),#36,.F.);
#1318=ADVANCED_FACE('',(#74),#1282,.F.);
#1319=ADVANCED_FACE('',(#75),#37,.F.);
#1320=ADVANCED_FACE('',(#76,#23),#38,.F.);
#1321=ADVANCED_FACE('',(#77),#39,.F.);
#1322=ADVANCED_FACE('',(#78),#40,.F.);
#1323=ADVANCED_FACE('',(#79),#41,.F.);
#1324=ADVANCED_FACE('',(#80),#42,.F.);
#1325=ADVANCED_FACE('',(#81),#15,.F.);
#1326=ADVANCED_FACE('',(#82),#1283,.T.);
#1327=ADVANCED_FACE('',(#83,#24,#25,#26,#27,#28),#43,.T.);
#1328=ADVANCED_FACE('',(#84),#16,.F.);
#1329=ADVANCED_FACE('',(#85),#1284,.T.);
#1330=ADVANCED_FACE('',(#86,#29,#30,#31,#32),#44,.F.);
#1331=ADVANCED_FACE('',(#87),#17,.T.);
#1332=ADVANCED_FACE('',(#88),#45,.F.);
#1333=ADVANCED_FACE('',(#89),#1285,.F.);
#1334=ADVANCED_FACE('',(#90),#1286,.F.);
#1335=ADVANCED_FACE('',(#91),#1287,.F.);
#1336=ADVANCED_FACE('',(#92),#46,.F.);
#1337=ADVANCED_FACE('',(#93),#1288,.F.);
#1338=ADVANCED_FACE('',(#94),#47,.F.);
#1339=ADVANCED_FACE('',(#95),#1289,.F.);
#1340=ADVANCED_FACE('',(#96),#1290,.F.);
#1341=ADVANCED_FACE('',(#97),#48,.F.);
#1342=ADVANCED_FACE('',(#98),#1291,.F.);
#1343=ADVANCED_FACE('',(#99),#49,.F.);
#1344=ADVANCED_FACE('',(#100),#1292,.F.);
#1345=ADVANCED_FACE('',(#101),#1293,.F.);
#1346=ADVANCED_FACE('',(#102),#50,.F.);
#1347=ADVANCED_FACE('',(#103),#1294,.F.);
#1348=ADVANCED_FACE('',(#104),#51,.F.);
#1349=ADVANCED_FACE('',(#105),#1295,.F.);
#1350=ADVANCED_FACE('',(#106),#1296,.F.);
#1351=ADVANCED_FACE('',(#107),#52,.F.);
#1352=ADVANCED_FACE('',(#108),#1297,.F.);
#1353=ADVANCED_FACE('',(#109),#53,.F.);
#1354=ADVANCED_FACE('',(#110),#1298,.F.);
#1355=ADVANCED_FACE('',(#111),#54,.F.);
#1356=ADVANCED_FACE('',(#112),#1299,.F.);
#1357=ADVANCED_FACE('',(#113),#55,.F.);
#1358=ADVANCED_FACE('',(#114),#1300,.F.);
#1359=ADVANCED_FACE('',(#115),#56,.F.);
#1360=ADVANCED_FACE('',(#116),#1301,.F.);
#1361=ADVANCED_FACE('',(#117),#57,.F.);
#1362=ADVANCED_FACE('',(#118),#1302,.F.);
#1363=ADVANCED_FACE('',(#119),#58,.T.);
#1364=ADVANCED_FACE('',(#120),#1303,.T.);
#1365=ADVANCED_FACE('',(#121),#59,.T.);
#1366=ADVANCED_FACE('',(#122),#1304,.T.);
#1367=ADVANCED_FACE('',(#123),#60,.T.);
#1368=ADVANCED_FACE('',(#124),#1305,.T.);
#1369=ADVANCED_FACE('',(#125),#61,.T.);
#1370=ADVANCED_FACE('',(#126),#1306,.T.);
#1371=ADVANCED_FACE('',(#127),#18,.T.);
#1372=ADVANCED_FACE('',(#128),#62,.T.);
#1373=ADVANCED_FACE('',(#129),#19,.F.);
#1374=ADVANCED_FACE('',(#130),#1307,.T.);
#1375=ADVANCED_FACE('',(#131),#20,.T.);
#1376=ADVANCED_FACE('',(#132),#63,.T.);
#1377=ADVANCED_FACE('',(#133),#21,.F.);
#1378=ADVANCED_FACE('',(#134),#1308,.T.);
#1379=ADVANCED_FACE('',(#135),#22,.T.);
#1380=ADVANCED_FACE('',(#136),#64,.F.);
#1381=CLOSED_SHELL('',(#1309,#1310,#1311,#1312,#1313,#1314,#1315,#1316,
#1317,#1318,#1319,#1320,#1321,#1322,#1323,#1324,#1325,#1326,#1327,#1328,
#1329,#1330,#1331,#1332,#1333,#1334,#1335,#1336,#1337,#1338,#1339,#1340,
#1341,#1342,#1343,#1344,#1345,#1346,#1347,#1348,#1349,#1350,#1351,#1352,
#1353,#1354,#1355,#1356,#1357,#1358,#1359,#1360,#1361,#1362,#1363,#1364,
#1365,#1366,#1367,#1368,#1369,#1370,#1371,#1372,#1373,#1374,#1375,#1376,
#1377,#1378,#1379,#1380));
#1382=DERIVED_UNIT_ELEMENT(#1384,1.);
#1383=DERIVED_UNIT_ELEMENT(#2401,-3.);
#1384=(
MASS_UNIT()
NAMED_UNIT(*)
SI_UNIT(.KILO.,.GRAM.)
);
#1385=DERIVED_UNIT((#1382,#1383));
#1386=MEASURE_REPRESENTATION_ITEM('density measure',
POSITIVE_RATIO_MEASURE(7850.),#1385);
#1387=PROPERTY_DEFINITION_REPRESENTATION(#1392,#1389);
#1388=PROPERTY_DEFINITION_REPRESENTATION(#1393,#1390);
#1389=REPRESENTATION('material name',(#1391),#2398);
#1390=REPRESENTATION('density',(#1386),#2398);
#1391=DESCRIPTIVE_REPRESENTATION_ITEM('Acero','Acero');
#1392=PROPERTY_DEFINITION('material property','material name',#2408);
#1393=PROPERTY_DEFINITION('material property','density of part',#2408);
#1394=AXIS2_PLACEMENT_3D('',#1987,#1553,#1554);
#1395=AXIS2_PLACEMENT_3D('',#1988,#1555,#1556);
#1396=AXIS2_PLACEMENT_3D('',#1991,#1557,#1558);
#1397=AXIS2_PLACEMENT_3D('',#1995,#1560,#1561);
#1398=AXIS2_PLACEMENT_3D('',#1997,#1563,#1564);
#1399=AXIS2_PLACEMENT_3D('',#2000,#1565,#1566);
#1400=AXIS2_PLACEMENT_3D('',#2004,#1568,#1569);
#1401=AXIS2_PLACEMENT_3D('',#2006,#1571,#1572);
#1402=AXIS2_PLACEMENT_3D('',#2009,#1573,#1574);
#1403=AXIS2_PLACEMENT_3D('',#2013,#1576,#1577);
#1404=AXIS2_PLACEMENT_3D('',#2015,#1579,#1580);
#1405=AXIS2_PLACEMENT_3D('',#2018,#1581,#1582);
#1406=AXIS2_PLACEMENT_3D('',#2022,#1584,#1585);
#1407=AXIS2_PLACEMENT_3D('',#2024,#1587,#1588);
#1408=AXIS2_PLACEMENT_3D('',#2030,#1591,#1592);
#1409=AXIS2_PLACEMENT_3D('',#2035,#1595,#1596);
#1410=AXIS2_PLACEMENT_3D('',#2040,#1599,#1600);
#1411=AXIS2_PLACEMENT_3D('',#2044,#1603,#1604);
#1412=AXIS2_PLACEMENT_3D('',#2045,#1605,#1606);
#1413=AXIS2_PLACEMENT_3D('',#2053,#1611,#1612);
#1414=AXIS2_PLACEMENT_3D('',#2056,#1614,#1615);
#1415=AXIS2_PLACEMENT_3D('',#2057,#1616,#1617);
#1416=AXIS2_PLACEMENT_3D('',#2063,#1621,#1622);
#1417=AXIS2_PLACEMENT_3D('',#2071,#1627,#1628);
#1418=AXIS2_PLACEMENT_3D('',#2074,#1630,#1631);
#1419=AXIS2_PLACEMENT_3D('',#2075,#1632,#1633);
#1420=AXIS2_PLACEMENT_3D('',#2081,#1637,#1638);
#1421=AXIS2_PLACEMENT_3D('',#2086,#1640,#1641);
#1422=AXIS2_PLACEMENT_3D('',#2090,#1643,#1644);
#1423=AXIS2_PLACEMENT_3D('',#2094,#1646,#1647);
#1424=AXIS2_PLACEMENT_3D('',#2097,#1649,#1650);
#1425=AXIS2_PLACEMENT_3D('',#2099,#1651,#1652);
#1426=AXIS2_PLACEMENT_3D('',#2103,#1654,#1655);
#1427=AXIS2_PLACEMENT_3D('',#2106,#1657,#1658);
#1428=AXIS2_PLACEMENT_3D('',#2108,#1659,#1660);
#1429=AXIS2_PLACEMENT_3D('',#2112,#1662,#1663);
#1430=AXIS2_PLACEMENT_3D('',#2115,#1665,#1666);
#1431=AXIS2_PLACEMENT_3D('',#2119,#1668,#1669);
#1432=AXIS2_PLACEMENT_3D('',#2123,#1671,#1672);
#1433=AXIS2_PLACEMENT_3D('',#2127,#1674,#1675);
#1434=AXIS2_PLACEMENT_3D('',#2132,#1678,#1679);
#1435=AXIS2_PLACEMENT_3D('',#2136,#1681,#1682);
#1436=AXIS2_PLACEMENT_3D('',#2140,#1684,#1685);
#1437=AXIS2_PLACEMENT_3D('',#2142,#1687,#1688);
#1438=AXIS2_PLACEMENT_3D('',#2148,#1692,#1693);
#1439=AXIS2_PLACEMENT_3D('',#2154,#1697,#1698);
#1440=AXIS2_PLACEMENT_3D('',#2160,#1702,#1703);
#1441=AXIS2_PLACEMENT_3D('',#2166,#1707,#1708);
#1442=AXIS2_PLACEMENT_3D('',#2169,#1709,#1710);
#1443=AXIS2_PLACEMENT_3D('',#2171,#1711,#1712);
#1444=AXIS2_PLACEMENT_3D('',#2172,#1713,#1714);
#1445=AXIS2_PLACEMENT_3D('',#2173,#1715,#1716);
#1446=AXIS2_PLACEMENT_3D('',#2174,#1717,#1718);
#1447=AXIS2_PLACEMENT_3D('',#2177,#1719,#1720);
#1448=AXIS2_PLACEMENT_3D('',#2178,#1721,#1722);
#1449=AXIS2_PLACEMENT_3D('',#2180,#1724,#1725);
#1450=AXIS2_PLACEMENT_3D('',#2183,#1726,#1727);
#1451=AXIS2_PLACEMENT_3D('',#2187,#1729,#1730);
#1452=AXIS2_PLACEMENT_3D('',#2191,#1732,#1733);
#1453=AXIS2_PLACEMENT_3D('',#2195,#1735,#1736);
#1454=AXIS2_PLACEMENT_3D('',#2198,#1738,#1739);
#1455=AXIS2_PLACEMENT_3D('',#2200,#1740,#1741);
#1456=AXIS2_PLACEMENT_3D('',#2205,#1743,#1744);
#1457=AXIS2_PLACEMENT_3D('',#2209,#1746,#1747);
#1458=AXIS2_PLACEMENT_3D('',#2213,#1749,#1750);
#1459=AXIS2_PLACEMENT_3D('',#2216,#1752,#1753);
#1460=AXIS2_PLACEMENT_3D('',#2218,#1754,#1755);
#1461=AXIS2_PLACEMENT_3D('',#2219,#1756,#1757);
#1462=AXIS2_PLACEMENT_3D('',#2221,#1758,#1759);
#1463=AXIS2_PLACEMENT_3D('',#2222,#1760,#1761);
#1464=AXIS2_PLACEMENT_3D('',#2223,#1762,#1763);
#1465=AXIS2_PLACEMENT_3D('',#2226,#1764,#1765);
#1466=AXIS2_PLACEMENT_3D('',#2228,#1767,#1768);
#1467=AXIS2_PLACEMENT_3D('',#2229,#1769,#1770);
#1468=AXIS2_PLACEMENT_3D('',#2232,#1771,#1772);
#1469=AXIS2_PLACEMENT_3D('',#2236,#1774,#1775);
#1470=AXIS2_PLACEMENT_3D('',#2240,#1777,#1778);
#1471=AXIS2_PLACEMENT_3D('',#2244,#1780,#1781);
#1472=AXIS2_PLACEMENT_3D('',#2250,#1784,#1785);
#1473=AXIS2_PLACEMENT_3D('',#2253,#1787,#1788);
#1474=AXIS2_PLACEMENT_3D('',#2254,#1789,#1790);
#1475=AXIS2_PLACEMENT_3D('',#2259,#1792,#1793);
#1476=AXIS2_PLACEMENT_3D('',#2262,#1795,#1796);
#1477=AXIS2_PLACEMENT_3D('',#2263,#1797,#1798);
#1478=AXIS2_PLACEMENT_3D('',#2268,#1800,#1801);
#1479=AXIS2_PLACEMENT_3D('',#2271,#1803,#1804);
#1480=AXIS2_PLACEMENT_3D('',#2272,#1805,#1806);
#1481=AXIS2_PLACEMENT_3D('',#2273,#1807,#1808);
#1482=AXIS2_PLACEMENT_3D('',#2278,#1810,#1811);
#1483=AXIS2_PLACEMENT_3D('',#2281,#1813,#1814);
#1484=AXIS2_PLACEMENT_3D('',#2282,#1815,#1816);
#1485=AXIS2_PLACEMENT_3D('',#2283,#1817,#1818);
#1486=AXIS2_PLACEMENT_3D('',#2284,#1819,#1820);
#1487=AXIS2_PLACEMENT_3D('',#2286,#1821,#1822);
#1488=AXIS2_PLACEMENT_3D('',#2287,#1823,#1824);
#1489=AXIS2_PLACEMENT_3D('',#2288,#1825,#1826);
#1490=AXIS2_PLACEMENT_3D('',#2289,#1827,#1828);
#1491=AXIS2_PLACEMENT_3D('',#2290,#1829,#1830);
#1492=AXIS2_PLACEMENT_3D('',#2291,#1831,#1832);
#1493=AXIS2_PLACEMENT_3D('',#2293,#1834,#1835);
#1494=AXIS2_PLACEMENT_3D('',#2295,#1837,#1838);
#1495=AXIS2_PLACEMENT_3D('',#2297,#1840,#1841);
#1496=AXIS2_PLACEMENT_3D('',#2299,#1843,#1844);
#1497=AXIS2_PLACEMENT_3D('',#2300,#1845,#1846);
#1498=AXIS2_PLACEMENT_3D('',#2302,#1848,#1849);
#1499=AXIS2_PLACEMENT_3D('',#2304,#1851,#1852);
#1500=AXIS2_PLACEMENT_3D('',#2306,#1854,#1855);
#1501=AXIS2_PLACEMENT_3D('',#2308,#1857,#1858);
#1502=AXIS2_PLACEMENT_3D('',#2309,#1859,#1860);
#1503=AXIS2_PLACEMENT_3D('',#2311,#1862,#1863);
#1504=AXIS2_PLACEMENT_3D('',#2313,#1865,#1866);
#1505=AXIS2_PLACEMENT_3D('',#2315,#1868,#1869);
#1506=AXIS2_PLACEMENT_3D('',#2317,#1871,#1872);
#1507=AXIS2_PLACEMENT_3D('',#2318,#1873,#1874);
#1508=AXIS2_PLACEMENT_3D('',#2320,#1876,#1877);
#1509=AXIS2_PLACEMENT_3D('',#2322,#1879,#1880);
#1510=AXIS2_PLACEMENT_3D('',#2324,#1882,#1883);
#1511=AXIS2_PLACEMENT_3D('',#2326,#1885,#1886);
#1512=AXIS2_PLACEMENT_3D('',#2327,#1887,#1888);
#1513=AXIS2_PLACEMENT_3D('',#2330,#1891,#1892);
#1514=AXIS2_PLACEMENT_3D('',#2332,#1894,#1895);
#1515=AXIS2_PLACEMENT_3D('',#2334,#1897,#1898);
#1516=AXIS2_PLACEMENT_3D('',#2336,#1900,#1901);
#1517=AXIS2_PLACEMENT_3D('',#2338,#1903,#1904);
#1518=AXIS2_PLACEMENT_3D('',#2340,#1906,#1907);
#1519=AXIS2_PLACEMENT_3D('',#2342,#1909,#1910);
#1520=AXIS2_PLACEMENT_3D('',#2343,#1911,#1912);
#1521=AXIS2_PLACEMENT_3D('',#2346,#1915,#1916);
#1522=AXIS2_PLACEMENT_3D('',#2348,#1918,#1919);
#1523=AXIS2_PLACEMENT_3D('',#2350,#1921,#1922);
#1524=AXIS2_PLACEMENT_3D('',#2352,#1924,#1925);
#1525=AXIS2_PLACEMENT_3D('',#2354,#1927,#1928);
#1526=AXIS2_PLACEMENT_3D('',#2356,#1930,#1931);
#1527=AXIS2_PLACEMENT_3D('',#2358,#1933,#1934);
#1528=AXIS2_PLACEMENT_3D('',#2359,#1935,#1936);
#1529=AXIS2_PLACEMENT_3D('',#2361,#1937,#1938);
#1530=AXIS2_PLACEMENT_3D('',#2362,#1939,#1940);
#1531=AXIS2_PLACEMENT_3D('',#2363,#1941,#1942);
#1532=AXIS2_PLACEMENT_3D('',#2364,#1943,#1944);
#1533=AXIS2_PLACEMENT_3D('',#2366,#1945,#1946);
#1534=AXIS2_PLACEMENT_3D('',#2367,#1947,#1948);
#1535=AXIS2_PLACEMENT_3D('',#2368,#1949,#1950);
#1536=AXIS2_PLACEMENT_3D('',#2371,#1951,#1952);
#1537=AXIS2_PLACEMENT_3D('',#2372,#1953,#1954);
#1538=AXIS2_PLACEMENT_3D('',#2374,#1956,#1957);
#1539=AXIS2_PLACEMENT_3D('',#2376,#1958,#1959);
#1540=AXIS2_PLACEMENT_3D('',#2377,#1960,#1961);
#1541=AXIS2_PLACEMENT_3D('',#2378,#1962,#1963);
#1542=AXIS2_PLACEMENT_3D('',#2379,#1964,#1965);
#1543=AXIS2_PLACEMENT_3D('',#2382,#1966,#1967);
#1544=AXIS2_PLACEMENT_3D('',#2383,#1968,#1969);
#1545=AXIS2_PLACEMENT_3D('',#2384,#1970,#1971);
#1546=AXIS2_PLACEMENT_3D('',#2385,#1972,#1973);
#1547=AXIS2_PLACEMENT_3D('',#2388,#1974,#1975);
#1548=AXIS2_PLACEMENT_3D('',#2390,#1977,#1978);
#1549=AXIS2_PLACEMENT_3D('',#2391,#1979,#1980);
#1550=AXIS2_PLACEMENT_3D('',#2393,#1981,#1982);
#1551=AXIS2_PLACEMENT_3D('',#2394,#1983,#1984);
#1552=AXIS2_PLACEMENT_3D('',#2395,#1985,#1986);
#1553=DIRECTION('axis',(0.,0.,1.));
#1554=DIRECTION('refdir',(1.,0.,0.));
#1555=DIRECTION('center_axis',(-5.32907051820075E-15,8.88178419700125E-16,
-1.));
#1556=DIRECTION('ref_axis',(-1.,-2.88442226363262E-32,5.32907051820075E-15));
#1557=DIRECTION('center_axis',(8.19019517489436E-63,9.86076131526265E-32,
-1.));
#1558=DIRECTION('ref_axis',(-1.,-2.88442226363262E-32,5.32907051820075E-15));
#1559=DIRECTION('',(5.32907051820075E-15,-8.88178419700125E-16,1.));
#1560=DIRECTION('center_axis',(-5.13668698169205E-15,8.83351233180647E-16,
-1.));
#1561=DIRECTION('ref_axis',(-1.,1.42026682796293E-31,5.13668698169205E-15));
#1562=DIRECTION('',(-5.32907051820075E-15,8.88178419700125E-16,-1.));
#1563=DIRECTION('center_axis',(-5.32907051820075E-15,8.88178419700125E-16,
-1.));
#1564=DIRECTION('ref_axis',(-1.,-2.88442226363262E-32,5.32907051820075E-15));
#1565=DIRECTION('center_axis',(8.19019517489436E-63,9.86076131526265E-32,
-1.));
#1566=DIRECTION('ref_axis',(-1.,-2.88442226363262E-32,5.32907051820075E-15));
#1567=DIRECTION('',(5.32907051820075E-15,-8.88178419700125E-16,1.));
#1568=DIRECTION('center_axis',(-5.13668698169205E-15,8.83351233180647E-16,
-1.));
#1569=DIRECTION('ref_axis',(-1.,1.42026682796293E-31,5.13668698169205E-15));
#1570=DIRECTION('',(-5.32907051820075E-15,8.88178419700125E-16,-1.));
#1571=DIRECTION('center_axis',(-5.32907051820075E-15,8.88178419700125E-16,
-1.));
#1572=DIRECTION('ref_axis',(1.,3.53412911192217E-9,-5.32907051506181E-15));
#1573=DIRECTION('center_axis',(8.19019517489436E-63,9.86076131526265E-32,
-1.));
#1574=DIRECTION('ref_axis',(-1.,-2.88442226363262E-32,5.32907051820075E-15));
#1575=DIRECTION('',(5.32907051820075E-15,-8.88178419700125E-16,1.));
#1576=DIRECTION('center_axis',(-5.13668698169205E-15,8.83351233180647E-16,
-1.));
#1577=DIRECTION('ref_axis',(-1.,1.42026682796293E-31,5.13668698169205E-15));
#1578=DIRECTION('',(-5.32907051820075E-15,8.88178419700125E-16,-1.));
#1579=DIRECTION('center_axis',(-5.32907051820075E-15,8.88178419700125E-16,
-1.));
#1580=DIRECTION('ref_axis',(-1.,-2.88442226363262E-32,5.32907051820075E-15));
#1581=DIRECTION('center_axis',(8.19019517489436E-63,9.86076131526265E-32,
-1.));
#1582=DIRECTION('ref_axis',(-1.,-2.88442226363262E-32,5.32907051820075E-15));
#1583=DIRECTION('',(5.32907051820075E-15,-8.88178419700125E-16,1.));
#1584=DIRECTION('center_axis',(-5.13668698169205E-15,8.83351233180647E-16,
-1.));
#1585=DIRECTION('ref_axis',(-1.,1.42026682796293E-31,5.13668698169205E-15));
#1586=DIRECTION('',(-5.32907051820075E-15,8.88178419700125E-16,-1.));
#1587=DIRECTION('center_axis',(5.13668698169205E-15,-8.83351233180647E-16,
1.));
#1588=DIRECTION('ref_axis',(-1.,1.42026682796293E-31,5.13668698169205E-15));
#1589=DIRECTION('',(1.,-1.67771936320342E-31,-5.13668698169205E-15));
#1590=DIRECTION('',(-1.,1.67771936320342E-31,5.13668698169205E-15));
#1591=DIRECTION('center_axis',(5.13668698169205E-15,-8.83351233180647E-16,
1.));
#1592=DIRECTION('ref_axis',(1.,-1.67771936320343E-31,-8.35339501964906E-63));
#1593=DIRECTION('',(-1.26882631385732E-16,1.,8.83351233180648E-16));
#1594=DIRECTION('',(-1.26882631385732E-16,-1.,-8.83351233180647E-16));
#1595=DIRECTION('center_axis',(5.13668698169205E-15,-8.83351233180647E-16,
1.));
#1596=DIRECTION('ref_axis',(1.67771936320343E-31,1.,9.86076131526265E-32));
#1597=DIRECTION('',(-1.,1.67771936320342E-31,5.13668698169205E-15));
#1598=DIRECTION('',(1.,-1.67771936320342E-31,-5.13668698169205E-15));
#1599=DIRECTION('center_axis',(5.13668698169205E-15,-8.83351233180647E-16,
1.));
#1600=DIRECTION('ref_axis',(-1.,1.67771936320343E-31,8.35339501964906E-63));
#1601=DIRECTION('',(-1.26882631385732E-16,-1.,-8.83351233180647E-16));
#1602=DIRECTION('',(-1.26882631385732E-16,1.,8.83351233180648E-16));
#1603=DIRECTION('center_axis',(5.13668698169205E-15,-8.83351233180647E-16,
1.));
#1604=DIRECTION('ref_axis',(-1.67771936320343E-31,-1.,-9.86076131526265E-32));
#1605=DIRECTION('center_axis',(1.67771936320343E-31,1.,9.86076131526265E-32));
#1606=DIRECTION('ref_axis',(1.,-1.67771936320343E-31,-8.35339501964906E-63));
#1607=DIRECTION('',(8.19019517489436E-63,9.86076131526265E-32,-1.));
#1608=DIRECTION('',(-1.,1.67771936320343E-31,8.35339501964906E-63));
#1609=DIRECTION('',(8.19019517489436E-63,9.86076131526265E-32,-1.));
#1610=DIRECTION('',(-1.,1.67771936320343E-31,8.35339501964906E-63));
#1611=DIRECTION('center_axis',(8.19019517489436E-63,9.86076131526265E-32,
-1.));
#1612=DIRECTION('ref_axis',(1.67771936320343E-31,1.,9.86076131526265E-32));
#1613=DIRECTION('',(8.19019517489436E-63,9.86076131526265E-32,-1.));
#1614=DIRECTION('center_axis',(-8.19019517489436E-63,-9.86076131526265E-32,
1.));
#1615=DIRECTION('ref_axis',(1.67771936320343E-31,1.,9.86076131526265E-32));
#1616=DIRECTION('center_axis',(-1.,1.26882631385732E-16,1.25115934314716E-47));
#1617=DIRECTION('ref_axis',(1.26882631385732E-16,1.,9.86076131526265E-32));
#1618=DIRECTION('',(1.26882631385732E-16,1.,9.86076131526265E-32));
#1619=DIRECTION('',(8.19019517489436E-63,9.86076131526265E-32,-1.));
#1620=DIRECTION('',(-1.26882631385732E-16,-1.,-9.86076131526265E-32));
#1621=DIRECTION('center_axis',(1.,1.26882631385732E-16,1.25115934314716E-47));
#1622=DIRECTION('ref_axis',(1.26882631385732E-16,-1.,-9.86076131526265E-32));
#1623=DIRECTION('',(8.19019517489436E-63,9.86076131526265E-32,-1.));
#1624=DIRECTION('',(-1.26882631385732E-16,1.,9.86076131526265E-32));
#1625=DIRECTION('',(8.19019517489436E-63,9.86076131526265E-32,-1.));
#1626=DIRECTION('',(1.26882631385732E-16,-1.,-9.86076131526265E-32));
#1627=DIRECTION('center_axis',(8.19019517489436E-63,9.86076131526265E-32,
-1.));
#1628=DIRECTION('ref_axis',(1.,-1.67771936320343E-31,-8.35339501964906E-63));
#1629=DIRECTION('',(8.19019517489436E-63,9.86076131526265E-32,-1.));
#1630=DIRECTION('center_axis',(-8.19019517489436E-63,-9.86076131526265E-32,
1.));
#1631=DIRECTION('ref_axis',(1.,-1.67771936320343E-31,-8.35339501964906E-63));
#1632=DIRECTION('center_axis',(1.67771936320343E-31,1.,9.86076131526265E-32));
#1633=DIRECTION('ref_axis',(1.,-1.67771936320343E-31,-8.35339501964906E-63));
#1634=DIRECTION('',(1.,-1.67771936320343E-31,-8.35339501964906E-63));
#1635=DIRECTION('',(8.19019517489436E-63,9.86076131526265E-32,-1.));
#1636=DIRECTION('',(-1.,1.67771936320343E-31,8.35339501964906E-63));
#1637=DIRECTION('center_axis',(8.19019517489436E-63,9.86076131526265E-32,
-1.));
#1638=DIRECTION('ref_axis',(-1.,1.67771936320343E-31,8.35339501964906E-63));
#1639=DIRECTION('',(-1.67771936320343E-31,-1.,-9.86076131526265E-32));
#1640=DIRECTION('center_axis',(8.19019517489436E-63,9.86076131526265E-32,
-1.));
#1641=DIRECTION('ref_axis',(1.,-6.14892752100087E-16,-6.06331066294393E-47));
#1642=DIRECTION('',(1.,-1.67771936320343E-31,-8.35339501964906E-63));
#1643=DIRECTION('center_axis',(8.19019517489436E-63,9.86076131526265E-32,
-1.));
#1644=DIRECTION('ref_axis',(-1.36642833800019E-16,1.,9.86076131526265E-32));
#1645=DIRECTION('',(1.67771936320343E-31,1.,9.86076131526265E-32));
#1646=DIRECTION('center_axis',(8.19019517489436E-63,9.86076131526265E-32,
-1.));
#1647=DIRECTION('ref_axis',(-1.,-3.41607084500048E-16,-3.36850592385773E-47));
#1648=DIRECTION('',(-1.,2.5019110414088E-16,2.46707476113524E-47));
#1649=DIRECTION('center_axis',(8.19019517489436E-63,9.86076131526265E-32,
-1.));
#1650=DIRECTION('ref_axis',(3.41607084500048E-16,-1.,-9.86076131526265E-32));
#1651=DIRECTION('center_axis',(8.19019517489436E-63,9.86076131526265E-32,
-1.));
#1652=DIRECTION('ref_axis',(1.,1.77635683940025E-15,1.75162308040602E-46));
#1653=DIRECTION('',(-1.67771936320343E-31,-1.,-9.86076131526265E-32));
#1654=DIRECTION('center_axis',(8.19019517489436E-63,9.86076131526265E-32,
-1.));
#1655=DIRECTION('ref_axis',(-6.83214169000097E-16,-1.,-9.86076131526265E-32));
#1656=DIRECTION('',(-1.,1.67771936320343E-31,8.35339501964906E-63));
#1657=DIRECTION('center_axis',(8.19019517489436E-63,9.86076131526265E-32,
-1.));
#1658=DIRECTION('ref_axis',(-1.,-7.10542735760098E-15,-7.00649232162406E-46));
#1659=DIRECTION('center_axis',(8.19019517489436E-63,9.86076131526265E-32,
-1.));
#1660=DIRECTION('ref_axis',(1.77635683940024E-15,-1.,-9.86076131526265E-32));
#1661=DIRECTION('',(-1.,1.67771936320343E-31,8.35339501964906E-63));
#1662=DIRECTION('center_axis',(8.19019517489436E-63,9.86076131526265E-32,
-1.));
#1663=DIRECTION('ref_axis',(-1.,6.83214169000097E-16,6.73701184771547E-47));
#1664=DIRECTION('',(1.77635683940025E-15,1.,9.86076131526265E-32));
#1665=DIRECTION('center_axis',(8.19019517489436E-63,9.86076131526265E-32,
-1.));
#1666=DIRECTION('ref_axis',(-3.55271367880049E-15,1.,9.86076131526265E-32));
#1667=DIRECTION('',(1.,-1.67771936320343E-31,-8.35339501964906E-63));
#1668=DIRECTION('center_axis',(8.19019517489436E-63,9.86076131526265E-32,
-1.));
#1669=DIRECTION('ref_axis',(-1.,-1.77635683940025E-15,-1.75162308040602E-46));
#1670=DIRECTION('',(1.67771936320343E-31,1.,9.86076131526265E-32));
#1671=DIRECTION('center_axis',(8.19019517489436E-63,9.86076131526265E-32,
-1.));
#1672=DIRECTION('ref_axis',(6.83214169000097E-16,1.,9.86076131526265E-32));
#1673=DIRECTION('',(1.,-1.67771936320343E-31,-8.35339501964906E-63));
#1674=DIRECTION('center_axis',(8.19019517489436E-63,9.86076131526265E-32,
-1.));
#1675=DIRECTION('ref_axis',(1.,7.10542735760098E-15,7.00649232162406E-46));
#1676=DIRECTION('',(-1.26882631790882E-16,-1.,-9.86076131526265E-32));
#1677=DIRECTION('',(1.26882631385732E-16,1.,9.86076131526265E-32));
#1678=DIRECTION('center_axis',(8.19019517489436E-63,9.86076131526265E-32,
-1.));
#1679=DIRECTION('ref_axis',(-1.77635683940024E-15,1.,9.86076131526265E-32));
#1680=DIRECTION('',(1.,-1.67771936320343E-31,-8.35339501964906E-63));
#1681=DIRECTION('center_axis',(8.19019517489436E-63,9.86076131526265E-32,
-1.));
#1682=DIRECTION('ref_axis',(1.,-6.83214169000097E-16,-6.73701184771547E-47));
#1683=DIRECTION('',(-1.77635683940025E-15,-1.,-9.86076131526265E-32));
#1684=DIRECTION('center_axis',(8.19019517489436E-63,9.86076131526265E-32,
-1.));
#1685=DIRECTION('ref_axis',(3.55271367880049E-15,-1.,-9.86076131526265E-32));
#1686=DIRECTION('',(-1.,1.67771936320343E-31,8.35339501964906E-63));
#1687=DIRECTION('center_axis',(-1.67771936320343E-31,-1.,-9.86076131526265E-32));
#1688=DIRECTION('ref_axis',(-1.,1.67771936320343E-31,8.35339501964906E-63));
#1689=DIRECTION('',(8.19019517489436E-63,9.86076131526265E-32,-1.));
#1690=DIRECTION('',(1.,-1.67771936320343E-31,-8.35339501964906E-63));
#1691=DIRECTION('',(8.19019517489436E-63,9.86076131526265E-32,-1.));
#1692=DIRECTION('center_axis',(1.,1.26882631385732E-16,1.25115934314716E-47));
#1693=DIRECTION('ref_axis',(1.26882631385732E-16,-1.,-9.86076131526265E-32));
#1694=DIRECTION('',(8.19019517489436E-63,9.86076131526265E-32,-1.));
#1695=DIRECTION('',(1.26882631790882E-16,1.,9.86076131526265E-32));
#1696=DIRECTION('',(8.19019517489436E-63,9.86076131526265E-32,-1.));
#1697=DIRECTION('center_axis',(-1.,1.26882631385732E-16,1.25115934314716E-47));
#1698=DIRECTION('ref_axis',(1.26882631385732E-16,1.,9.86076131526265E-32));
#1699=DIRECTION('',(8.19019517489436E-63,9.86076131526265E-32,-1.));
#1700=DIRECTION('',(1.26882631385732E-16,-1.,-9.86076131526265E-32));
#1701=DIRECTION('',(8.19019517489436E-63,9.86076131526265E-32,-1.));
#1702=DIRECTION('center_axis',(-1.67771936320343E-31,-1.,-9.86076131526265E-32));
#1703=DIRECTION('ref_axis',(-1.,1.67771936320343E-31,8.35339501964906E-63));
#1704=DIRECTION('',(8.19019517489436E-63,9.86076131526265E-32,-1.));
#1705=DIRECTION('',(1.,-1.67771936320343E-31,-8.35339501964906E-63));
#1706=DIRECTION('',(8.19019517489436E-63,9.86076131526265E-32,-1.));
#1707=DIRECTION('center_axis',(8.19019517489436E-63,9.86076131526265E-32,
-1.));
#1708=DIRECTION('ref_axis',(-1.,0.,0.));
#1709=DIRECTION('center_axis',(8.19019517489436E-63,9.86076131526265E-32,
-1.));
#1710=DIRECTION('ref_axis',(1.,-1.67771936320343E-31,-8.35339501964906E-63));
#1711=DIRECTION('center_axis',(0.,-1.,-9.86076131526265E-32));
#1712=DIRECTION('ref_axis',(1.,0.,0.));
#1713=DIRECTION('center_axis',(-8.19019517489436E-63,-9.86076131526265E-32,
1.));
#1714=DIRECTION('ref_axis',(1.,-1.67771936320342E-31,-8.35339501964906E-63));
#1715=DIRECTION('center_axis',(8.19019517489436E-63,9.86076131526265E-32,
-1.));
#1716=DIRECTION('ref_axis',(1.,-1.67771936320343E-31,-8.35339501964906E-63));
#1717=DIRECTION('center_axis',(-8.19019517489436E-63,-9.86076131526265E-32,
1.));
#1718=DIRECTION('ref_axis',(1.,-1.67771936320343E-31,-8.35339501964906E-63));
#1719=DIRECTION('center_axis',(8.19019517489436E-63,9.86076131526265E-32,
-1.));
#1720=DIRECTION('ref_axis',(1.,-1.67771936320343E-31,-8.35339501964906E-63));
#1721=DIRECTION('center_axis',(8.19019517489436E-63,9.86076131526265E-32,
-1.));
#1722=DIRECTION('ref_axis',(1.,-1.67771936320343E-31,-8.35339501964906E-63));
#1723=DIRECTION('',(8.19019517489436E-63,9.86076131526265E-32,-1.));
#1724=DIRECTION('center_axis',(-8.19019517489436E-63,-9.86076131526265E-32,
1.));
#1725=DIRECTION('ref_axis',(1.,-1.67771936320343E-31,-8.35339501964906E-63));
#1726=DIRECTION('center_axis',(-8.19019517489436E-63,-9.86076131526265E-32,
1.));
#1727=DIRECTION('ref_axis',(-1.67771936320342E-31,-1.,-9.86076131526265E-32));
#1728=DIRECTION('',(1.67771936320343E-31,1.,9.86076131526265E-32));
#1729=DIRECTION('center_axis',(-8.19019517489436E-63,-9.86076131526265E-32,
1.));
#1730=DIRECTION('ref_axis',(1.,-1.77635683940025E-15,-1.75162308040603E-46));
#1731=DIRECTION('',(-1.,1.67771936320343E-31,8.35339501964906E-63));
#1732=DIRECTION('center_axis',(-8.19019517489436E-63,-9.86076131526265E-32,
1.));
#1733=DIRECTION('ref_axis',(1.77635683940025E-15,1.,9.86076131526265E-32));
#1734=DIRECTION('',(-1.67771936320343E-31,-1.,-9.86076131526265E-32));
#1735=DIRECTION('center_axis',(-8.19019517489436E-63,-9.86076131526265E-32,
1.));
#1736=DIRECTION('ref_axis',(-1.,1.77635683940025E-15,1.75162308040603E-46));
#1737=DIRECTION('',(1.,-1.97372982155584E-16,-1.9462478671178E-47));
#1738=DIRECTION('center_axis',(8.19019517489436E-63,9.86076131526265E-32,
-1.));
#1739=DIRECTION('ref_axis',(1.,-1.67771936320342E-31,-8.35339501964906E-63));
#1740=DIRECTION('center_axis',(-8.19019517489436E-63,-9.86076131526265E-32,
1.));
#1741=DIRECTION('ref_axis',(-1.,1.67771936320342E-31,8.35339501964906E-63));
#1742=DIRECTION('',(-1.67771936320343E-31,-1.,-9.86076131526265E-32));
#1743=DIRECTION('center_axis',(8.19019517489436E-63,9.86076131526265E-32,
-1.));
#1744=DIRECTION('ref_axis',(3.41607084500048E-16,-1.,-9.86076131526265E-32));
#1745=DIRECTION('',(-1.,2.5019110414088E-16,2.46707476113524E-47));
#1746=DIRECTION('center_axis',(8.19019517489436E-63,9.86076131526265E-32,
-1.));
#1747=DIRECTION('ref_axis',(-1.,-3.41607084500048E-16,-3.36850592385773E-47));
#1748=DIRECTION('',(1.67771936320343E-31,1.,9.86076131526265E-32));
#1749=DIRECTION('center_axis',(8.19019517489436E-63,9.86076131526265E-32,
-1.));
#1750=DIRECTION('ref_axis',(-1.36642833800019E-16,1.,9.86076131526265E-32));
#1751=DIRECTION('',(1.,-1.67771936320343E-31,-8.35339501964906E-63));
#1752=DIRECTION('center_axis',(8.19019517489436E-63,9.86076131526265E-32,
-1.));
#1753=DIRECTION('ref_axis',(1.,-6.14892752100087E-16,-6.06331066294393E-47));
#1754=DIRECTION('center_axis',(8.19019517489436E-63,9.86076131526265E-32,
-1.));
#1755=DIRECTION('ref_axis',(-1.,1.67771936320342E-31,8.35339501964906E-63));
#1756=DIRECTION('center_axis',(8.19019517489436E-63,9.86076131526265E-32,
-1.));
#1757=DIRECTION('ref_axis',(-1.,0.,0.));
#1758=DIRECTION('center_axis',(8.19019517489436E-63,9.86076131526265E-32,
-1.));
#1759=DIRECTION('ref_axis',(-1.,1.67771936320343E-31,8.35339501964906E-63));
#1760=DIRECTION('center_axis',(0.,-1.,-9.86076131526265E-32));
#1761=DIRECTION('ref_axis',(1.,0.,0.));
#1762=DIRECTION('center_axis',(8.19019517489436E-63,9.86076131526265E-32,
-1.));
#1763=DIRECTION('ref_axis',(-1.,1.67771936320343E-31,8.35339501964906E-63));
#1764=DIRECTION('center_axis',(-8.19019517489436E-63,-9.86076131526265E-32,
1.));
#1765=DIRECTION('ref_axis',(-1.,1.67771936320343E-31,8.35339501964906E-63));
#1766=DIRECTION('',(8.19019517489436E-63,9.86076131526265E-32,-1.));
#1767=DIRECTION('center_axis',(-8.19019517489436E-63,-9.86076131526265E-32,
1.));
#1768=DIRECTION('ref_axis',(-1.,1.67771936320343E-31,8.35339501964906E-63));
#1769=DIRECTION('center_axis',(-8.19019517489436E-63,-9.86076131526265E-32,
1.));
#1770=DIRECTION('ref_axis',(1.,-1.67771936320343E-31,-8.35339501964906E-63));
#1771=DIRECTION('center_axis',(-8.19019517489436E-63,-9.86076131526265E-32,
1.));
#1772=DIRECTION('ref_axis',(-1.67771936320342E-31,-1.,-9.86076131526265E-32));
#1773=DIRECTION('',(1.,-1.97372982155584E-16,-1.9462478671178E-47));
#1774=DIRECTION('center_axis',(-8.19019517489436E-63,-9.86076131526265E-32,
1.));
#1775=DIRECTION('ref_axis',(-1.,1.77635683940025E-15,1.75162308040603E-46));
#1776=DIRECTION('',(-1.67771936320343E-31,-1.,-9.86076131526265E-32));
#1777=DIRECTION('center_axis',(-8.19019517489436E-63,-9.86076131526265E-32,
1.));
#1778=DIRECTION('ref_axis',(1.77635683940025E-15,1.,9.86076131526265E-32));
#1779=DIRECTION('',(-1.,1.67771936320343E-31,8.35339501964906E-63));
#1780=DIRECTION('center_axis',(-8.19019517489436E-63,-9.86076131526265E-32,
1.));
#1781=DIRECTION('ref_axis',(1.,-1.77635683940025E-15,-1.75162308040603E-46));
#1782=DIRECTION('',(1.67771936320343E-31,1.,9.86076131526265E-32));
#1783=DIRECTION('',(-1.77635683940025E-15,-1.,-9.86076131526265E-32));
#1784=DIRECTION('center_axis',(-8.19019517489436E-63,-9.86076131526265E-32,
1.));
#1785=DIRECTION('ref_axis',(-1.,6.83214169000097E-16,6.73701184771547E-47));
#1786=DIRECTION('',(1.,-1.67771936320343E-31,-8.35339501964906E-63));
#1787=DIRECTION('center_axis',(-8.19019517489436E-63,-9.86076131526265E-32,
1.));
#1788=DIRECTION('ref_axis',(1.77635683940024E-15,-1.,-9.86076131526265E-32));
#1789=DIRECTION('center_axis',(-8.19019517489436E-63,-9.86076131526265E-32,
1.));
#1790=DIRECTION('ref_axis',(-3.55271367880049E-15,1.,9.86076131526265E-32));
#1791=DIRECTION('',(1.,-1.67771936320343E-31,-8.35339501964906E-63));
#1792=DIRECTION('center_axis',(-8.19019517489436E-63,-9.86076131526265E-32,
1.));
#1793=DIRECTION('ref_axis',(-6.83214169000097E-16,-1.,-9.86076131526265E-32));
#1794=DIRECTION('',(1.67771936320343E-31,1.,9.86076131526265E-32));
#1795=DIRECTION('center_axis',(-8.19019517489436E-63,-9.86076131526265E-32,
1.));
#1796=DIRECTION('ref_axis',(1.,1.77635683940025E-15,1.75162308040602E-46));
#1797=DIRECTION('center_axis',(-8.19019517489436E-63,-9.86076131526265E-32,
1.));
#1798=DIRECTION('ref_axis',(-1.,-7.10542735760098E-15,-7.00649232162406E-46));
#1799=DIRECTION('',(1.77635683940025E-15,1.,9.86076131526265E-32));
#1800=DIRECTION('center_axis',(-8.19019517489436E-63,-9.86076131526265E-32,
1.));
#1801=DIRECTION('ref_axis',(1.,-6.83214169000097E-16,-6.73701184771547E-47));
#1802=DIRECTION('',(-1.,1.67771936320343E-31,8.35339501964906E-63));
#1803=DIRECTION('center_axis',(-8.19019517489436E-63,-9.86076131526265E-32,
1.));
#1804=DIRECTION('ref_axis',(-1.77635683940024E-15,1.,9.86076131526265E-32));
#1805=DIRECTION('center_axis',(-8.19019517489436E-63,-9.86076131526265E-32,
1.));
#1806=DIRECTION('ref_axis',(-1.,1.67771936320343E-31,8.35339501964906E-63));
#1807=DIRECTION('center_axis',(-8.19019517489436E-63,-9.86076131526265E-32,
1.));
#1808=DIRECTION('ref_axis',(3.55271367880049E-15,-1.,-9.86076131526265E-32));
#1809=DIRECTION('',(-1.,1.67771936320343E-31,8.35339501964906E-63));
#1810=DIRECTION('center_axis',(-8.19019517489436E-63,-9.86076131526265E-32,
1.));
#1811=DIRECTION('ref_axis',(6.83214169000097E-16,1.,9.86076131526265E-32));
#1812=DIRECTION('',(-1.67771936320343E-31,-1.,-9.86076131526265E-32));
#1813=DIRECTION('center_axis',(-8.19019517489436E-63,-9.86076131526265E-32,
1.));
#1814=DIRECTION('ref_axis',(-1.,-1.77635683940025E-15,-1.75162308040602E-46));
#1815=DIRECTION('center_axis',(-8.19019517489436E-63,-9.86076131526265E-32,
1.));
#1816=DIRECTION('ref_axis',(-1.67771936320343E-31,-1.,-9.86076131526265E-32));
#1817=DIRECTION('center_axis',(-8.19019517489436E-63,-9.86076131526265E-32,
1.));
#1818=DIRECTION('ref_axis',(1.,7.10542735760098E-15,7.00649232162406E-46));
#1819=DIRECTION('center_axis',(-8.19019517489436E-63,-9.86076131526265E-32,
1.));
#1820=DIRECTION('ref_axis',(1.,0.,0.));
#1821=DIRECTION('center_axis',(8.19019517489436E-63,9.86076131526265E-32,
-1.));
#1822=DIRECTION('ref_axis',(-1.,1.67771936320343E-31,8.35339501964906E-63));
#1823=DIRECTION('center_axis',(0.,-1.,-9.86076131526265E-32));
#1824=DIRECTION('ref_axis',(-1.,0.,0.));
#1825=DIRECTION('center_axis',(8.19019517489436E-63,9.86076131526265E-32,
-1.));
#1826=DIRECTION('ref_axis',(-1.,1.67771936320343E-31,8.35339501964906E-63));
#1827=DIRECTION('center_axis',(8.19019517489436E-63,9.86076131526265E-32,
-1.));
#1828=DIRECTION('ref_axis',(-1.67771936320343E-31,-1.,-9.86076131526265E-32));
#1829=DIRECTION('center_axis',(8.19019517489436E-63,9.86076131526265E-32,
-1.));
#1830=DIRECTION('ref_axis',(-1.,1.67771936320343E-31,8.35339501964906E-63));
#1831=DIRECTION('center_axis',(8.19019517489436E-63,9.86076131526265E-32,
-1.));
#1832=DIRECTION('ref_axis',(-3.55271367880049E-15,1.,9.86076131526265E-32));
#1833=DIRECTION('',(8.19019517489436E-63,9.86076131526265E-32,-1.));
#1834=DIRECTION('center_axis',(-1.,1.77635683940025E-15,1.75162308040602E-46));
#1835=DIRECTION('ref_axis',(1.77635683940025E-15,1.,9.86076131526265E-32));
#1836=DIRECTION('',(8.19019517489436E-63,9.86076131526265E-32,-1.));
#1837=DIRECTION('center_axis',(8.19019517489436E-63,9.86076131526265E-32,
-1.));
#1838=DIRECTION('ref_axis',(-1.,6.83214169000097E-16,6.73701184771547E-47));
#1839=DIRECTION('',(8.19019517489436E-63,9.86076131526265E-32,-1.));
#1840=DIRECTION('center_axis',(-1.67771936320343E-31,-1.,-9.86076131526265E-32));
#1841=DIRECTION('ref_axis',(-1.,1.67771936320343E-31,8.35339501964906E-63));
#1842=DIRECTION('',(8.19019517489436E-63,9.86076131526265E-32,-1.));
#1843=DIRECTION('center_axis',(8.19019517489436E-63,9.86076131526265E-32,
-1.));
#1844=DIRECTION('ref_axis',(1.77635683940024E-15,-1.,-9.86076131526265E-32));
#1845=DIRECTION('center_axis',(8.19019517489436E-63,9.86076131526265E-32,
-1.));
#1846=DIRECTION('ref_axis',(-1.,-7.10542735760098E-15,-7.00649232162406E-46));
#1847=DIRECTION('',(8.19019517489436E-63,9.86076131526265E-32,-1.));
#1848=DIRECTION('center_axis',(-1.67771936320343E-31,-1.,-9.86076131526265E-32));
#1849=DIRECTION('ref_axis',(-1.,1.67771936320343E-31,8.35339501964906E-63));
#1850=DIRECTION('',(8.19019517489436E-63,9.86076131526265E-32,-1.));
#1851=DIRECTION('center_axis',(8.19019517489436E-63,9.86076131526265E-32,
-1.));
#1852=DIRECTION('ref_axis',(-6.83214169000097E-16,-1.,-9.86076131526265E-32));
#1853=DIRECTION('',(8.19019517489436E-63,9.86076131526265E-32,-1.));
#1854=DIRECTION('center_axis',(1.,-1.67771936320343E-31,-8.35339501964906E-63));
#1855=DIRECTION('ref_axis',(-1.67771936320343E-31,-1.,-9.86076131526265E-32));
#1856=DIRECTION('',(8.19019517489436E-63,9.86076131526265E-32,-1.));
#1857=DIRECTION('center_axis',(8.19019517489436E-63,9.86076131526265E-32,
-1.));
#1858=DIRECTION('ref_axis',(1.,1.77635683940025E-15,1.75162308040602E-46));
#1859=DIRECTION('center_axis',(8.19019517489436E-63,9.86076131526265E-32,
-1.));
#1860=DIRECTION('ref_axis',(3.55271367880049E-15,-1.,-9.86076131526265E-32));
#1861=DIRECTION('',(8.19019517489436E-63,9.86076131526265E-32,-1.));
#1862=DIRECTION('center_axis',(1.,-1.77635683940025E-15,-1.75162308040602E-46));
#1863=DIRECTION('ref_axis',(-1.77635683940025E-15,-1.,-9.86076131526265E-32));
#1864=DIRECTION('',(8.19019517489436E-63,9.86076131526265E-32,-1.));
#1865=DIRECTION('center_axis',(8.19019517489436E-63,9.86076131526265E-32,
-1.));
#1866=DIRECTION('ref_axis',(1.,-6.83214169000097E-16,-6.73701184771547E-47));
#1867=DIRECTION('',(8.19019517489436E-63,9.86076131526265E-32,-1.));
#1868=DIRECTION('center_axis',(1.67771936320343E-31,1.,9.86076131526265E-32));
#1869=DIRECTION('ref_axis',(1.,-1.67771936320343E-31,-8.35339501964906E-63));
#1870=DIRECTION('',(8.19019517489436E-63,9.86076131526265E-32,-1.));
#1871=DIRECTION('center_axis',(8.19019517489436E-63,9.86076131526265E-32,
-1.));
#1872=DIRECTION('ref_axis',(-1.77635683940024E-15,1.,9.86076131526265E-32));
#1873=DIRECTION('center_axis',(8.19019517489436E-63,9.86076131526265E-32,
-1.));
#1874=DIRECTION('ref_axis',(1.,7.10542735760098E-15,7.00649232162406E-46));
#1875=DIRECTION('',(8.19019517489436E-63,9.86076131526265E-32,-1.));
#1876=DIRECTION('center_axis',(1.67771936320343E-31,1.,9.86076131526265E-32));
#1877=DIRECTION('ref_axis',(1.,-1.67771936320343E-31,-8.35339501964906E-63));
#1878=DIRECTION('',(8.19019517489436E-63,9.86076131526265E-32,-1.));
#1879=DIRECTION('center_axis',(8.19019517489436E-63,9.86076131526265E-32,
-1.));
#1880=DIRECTION('ref_axis',(6.83214169000097E-16,1.,9.86076131526265E-32));
#1881=DIRECTION('',(8.19019517489436E-63,9.86076131526265E-32,-1.));
#1882=DIRECTION('center_axis',(-1.,1.67771936320343E-31,8.35339501964906E-63));
#1883=DIRECTION('ref_axis',(1.67771936320343E-31,1.,9.86076131526265E-32));
#1884=DIRECTION('',(8.19019517489436E-63,9.86076131526265E-32,-1.));
#1885=DIRECTION('center_axis',(8.19019517489436E-63,9.86076131526265E-32,
-1.));
#1886=DIRECTION('ref_axis',(-1.,-1.77635683940025E-15,-1.75162308040602E-46));
#1887=DIRECTION('center_axis',(1.,-1.67771936320343E-31,-8.35339501964906E-63));
#1888=DIRECTION('ref_axis',(-1.67771936320343E-31,-1.,-9.86076131526265E-32));
#1889=DIRECTION('',(8.19019517489436E-63,9.86076131526265E-32,-1.));
#1890=DIRECTION('',(8.19019517489436E-63,9.86076131526265E-32,-1.));
#1891=DIRECTION('center_axis',(8.19019517489436E-63,9.86076131526265E-32,
-1.));
#1892=DIRECTION('ref_axis',(1.,-6.14892752100087E-16,-6.06331066294393E-47));
#1893=DIRECTION('',(8.19019517489436E-63,9.86076131526265E-32,-1.));
#1894=DIRECTION('center_axis',(1.67771936320343E-31,1.,9.86076131526265E-32));
#1895=DIRECTION('ref_axis',(1.,-1.67771936320343E-31,-8.35339501964906E-63));
#1896=DIRECTION('',(8.19019517489436E-63,9.86076131526265E-32,-1.));
#1897=DIRECTION('center_axis',(8.19019517489436E-63,9.86076131526265E-32,
-1.));
#1898=DIRECTION('ref_axis',(-1.36642833800019E-16,1.,9.86076131526265E-32));
#1899=DIRECTION('',(8.19019517489436E-63,9.86076131526265E-32,-1.));
#1900=DIRECTION('center_axis',(-1.,1.67771936320343E-31,8.35339501964906E-63));
#1901=DIRECTION('ref_axis',(1.67771936320343E-31,1.,9.86076131526265E-32));
#1902=DIRECTION('',(8.19019517489436E-63,9.86076131526265E-32,-1.));
#1903=DIRECTION('center_axis',(8.19019517489436E-63,9.86076131526265E-32,
-1.));
#1904=DIRECTION('ref_axis',(-1.,-3.41607084500048E-16,-3.36850592385773E-47));
#1905=DIRECTION('',(8.19019517489436E-63,9.86076131526265E-32,-1.));
#1906=DIRECTION('center_axis',(-2.5019110414088E-16,-1.,-9.86076131526265E-32));
#1907=DIRECTION('ref_axis',(-1.,2.5019110414088E-16,2.46707476113524E-47));
#1908=DIRECTION('',(8.19019517489436E-63,9.86076131526265E-32,-1.));
#1909=DIRECTION('center_axis',(8.19019517489436E-63,9.86076131526265E-32,
-1.));
#1910=DIRECTION('ref_axis',(3.41607084500048E-16,-1.,-9.86076131526265E-32));
#1911=DIRECTION('center_axis',(-1.97372982155584E-16,-1.,-9.86076131526265E-32));
#1912=DIRECTION('ref_axis',(1.,-1.97372982155584E-16,-1.9462478671178E-47));
#1913=DIRECTION('',(-8.19019517489436E-63,-9.86076131526265E-32,1.));
#1914=DIRECTION('',(-8.19019517489436E-63,-9.86076131526265E-32,1.));
#1915=DIRECTION('center_axis',(-8.19019517489436E-63,-9.86076131526265E-32,
1.));
#1916=DIRECTION('ref_axis',(-1.,1.77635683940025E-15,1.75162308040603E-46));
#1917=DIRECTION('',(-8.19019517489436E-63,-9.86076131526265E-32,1.));
#1918=DIRECTION('center_axis',(-1.,1.67771936320343E-31,8.35339501964906E-63));
#1919=DIRECTION('ref_axis',(-1.67771936320343E-31,-1.,-9.86076131526265E-32));
#1920=DIRECTION('',(-8.19019517489436E-63,-9.86076131526265E-32,1.));
#1921=DIRECTION('center_axis',(-8.19019517489436E-63,-9.86076131526265E-32,
1.));
#1922=DIRECTION('ref_axis',(1.77635683940025E-15,1.,9.86076131526265E-32));
#1923=DIRECTION('',(-8.19019517489436E-63,-9.86076131526265E-32,1.));
#1924=DIRECTION('center_axis',(1.67771936320343E-31,1.,9.86076131526265E-32));
#1925=DIRECTION('ref_axis',(-1.,1.67771936320343E-31,8.35339501964906E-63));
#1926=DIRECTION('',(-8.19019517489436E-63,-9.86076131526265E-32,1.));
#1927=DIRECTION('center_axis',(-8.19019517489436E-63,-9.86076131526265E-32,
1.));
#1928=DIRECTION('ref_axis',(1.,-1.77635683940025E-15,-1.75162308040603E-46));
#1929=DIRECTION('',(-8.19019517489436E-63,-9.86076131526265E-32,1.));
#1930=DIRECTION('center_axis',(1.,-1.67771936320343E-31,-8.35339501964906E-63));
#1931=DIRECTION('ref_axis',(1.67771936320343E-31,1.,9.86076131526265E-32));
#1932=DIRECTION('',(-8.19019517489436E-63,-9.86076131526265E-32,1.));
#1933=DIRECTION('center_axis',(-8.19019517489436E-63,-9.86076131526265E-32,
1.));
#1934=DIRECTION('ref_axis',(-1.67771936320342E-31,-1.,-9.86076131526265E-32));
#1935=DIRECTION('center_axis',(-8.19019517489436E-63,-9.86076131526265E-32,
1.));
#1936=DIRECTION('ref_axis',(-1.,0.,0.));
#1937=DIRECTION('center_axis',(-8.19019517489436E-63,-9.86076131526265E-32,
1.));
#1938=DIRECTION('ref_axis',(1.,-1.67771936320343E-31,-8.35339501964906E-63));
#1939=DIRECTION('center_axis',(0.,1.,9.86076131526265E-32));
#1940=DIRECTION('ref_axis',(1.,0.,0.));
#1941=DIRECTION('center_axis',(-8.19019517489436E-63,-9.86076131526265E-32,
1.));
#1942=DIRECTION('ref_axis',(1.,-1.67771936320343E-31,-8.35339501964906E-63));
#1943=DIRECTION('center_axis',(8.19019517489436E-63,9.86076131526265E-32,
-1.));
#1944=DIRECTION('ref_axis',(-1.,0.,0.));
#1945=DIRECTION('center_axis',(-8.19019517489436E-63,-9.86076131526265E-32,
1.));
#1946=DIRECTION('ref_axis',(-1.,1.67771936320343E-31,8.35339501964906E-63));
#1947=DIRECTION('center_axis',(0.,-1.,-9.86076131526265E-32));
#1948=DIRECTION('ref_axis',(1.,0.,0.));
#1949=DIRECTION('center_axis',(-8.19019517489436E-63,-9.86076131526265E-32,
1.));
#1950=DIRECTION('ref_axis',(-1.,1.67771936320343E-31,8.35339501964906E-63));
#1951=DIRECTION('center_axis',(8.19019517489436E-63,9.86076131526265E-32,
-1.));
#1952=DIRECTION('ref_axis',(-1.,1.67771936320343E-31,8.35339501964906E-63));
#1953=DIRECTION('center_axis',(8.19019517489436E-63,9.86076131526265E-32,
-1.));
#1954=DIRECTION('ref_axis',(-1.,1.67771936320343E-31,8.35339501964906E-63));
#1955=DIRECTION('',(8.19019517489436E-63,9.86076131526265E-32,-1.));
#1956=DIRECTION('center_axis',(-8.19019517489436E-63,-9.86076131526265E-32,
1.));
#1957=DIRECTION('ref_axis',(1.,0.,0.));
#1958=DIRECTION('center_axis',(-8.19019517489436E-63,-9.86076131526265E-32,
1.));
#1959=DIRECTION('ref_axis',(-1.,1.67771936320343E-31,8.35339501964906E-63));
#1960=DIRECTION('center_axis',(0.,-1.,-9.86076131526265E-32));
#1961=DIRECTION('ref_axis',(-1.,0.,0.));
#1962=DIRECTION('center_axis',(-8.19019517489436E-63,-9.86076131526265E-32,
1.));
#1963=DIRECTION('ref_axis',(-1.,1.67771936320343E-31,8.35339501964906E-63));
#1964=DIRECTION('center_axis',(8.19019517489436E-63,9.86076131526265E-32,
-1.));
#1965=DIRECTION('ref_axis',(-1.,0.,0.));
#1966=DIRECTION('center_axis',(-8.19019517489436E-63,-9.86076131526265E-32,
1.));
#1967=DIRECTION('ref_axis',(1.,-1.67771936320343E-31,-8.35339501964906E-63));
#1968=DIRECTION('center_axis',(-8.19019517489436E-63,-9.86076131526265E-32,
1.));
#1969=DIRECTION('ref_axis',(1.,-1.67771936320343E-31,-8.35339501964906E-63));
#1970=DIRECTION('center_axis',(0.,-1.,-9.86076131526265E-32));
#1971=DIRECTION('ref_axis',(1.,0.,0.));
#1972=DIRECTION('center_axis',(8.19019517489436E-63,9.86076131526265E-32,
-1.));
#1973=DIRECTION('ref_axis',(1.,-1.67771936320343E-31,-8.35339501964906E-63));
#1974=DIRECTION('center_axis',(-8.19019517489436E-63,-9.86076131526265E-32,
1.));
#1975=DIRECTION('ref_axis',(1.,-1.67771936320343E-31,-8.35339501964906E-63));
#1976=DIRECTION('',(8.19019517489436E-63,9.86076131526265E-32,-1.));
#1977=DIRECTION('center_axis',(-8.19019517489436E-63,-9.86076131526265E-32,
1.));
#1978=DIRECTION('ref_axis',(1.,-1.67771936320343E-31,-8.35339501964906E-63));
#1979=DIRECTION('center_axis',(-8.19019517489436E-63,-9.86076131526265E-32,
1.));
#1980=DIRECTION('ref_axis',(-1.,0.,0.));
#1981=DIRECTION('center_axis',(8.19019517489436E-63,9.86076131526265E-32,
-1.));
#1982=DIRECTION('ref_axis',(1.,-1.67771936320343E-31,-8.35339501964906E-63));
#1983=DIRECTION('center_axis',(0.,1.,9.86076131526265E-32));
#1984=DIRECTION('ref_axis',(1.,0.,0.));
#1985=DIRECTION('center_axis',(8.19019517489436E-63,9.86076131526265E-32,
-1.));
#1986=DIRECTION('ref_axis',(1.,-1.67771936320343E-31,-8.35339501964906E-63));
#1987=CARTESIAN_POINT('',(0.,0.,0.));
#1988=CARTESIAN_POINT('Origin',(2.08113815402065E-6,-2.59055313685493E-13,
16.7));
#1989=CARTESIAN_POINT('',(-31.6227745205458,-15.,16.7000000000001));
#1990=CARTESIAN_POINT('',(-31.6227744145219,15.0000002235174,16.7000000000002));
#1991=CARTESIAN_POINT('Origin',(2.08113815402065E-6,-2.59055313685493E-13,
16.7000000000002));
#1992=CARTESIAN_POINT('',(-31.6227745205458,-15.,11.7000000000001));
#1993=CARTESIAN_POINT('',(-31.6227745205458,-15.,16.7000000000002));
#1994=CARTESIAN_POINT('',(-31.6227744145219,15.0000002235174,11.7000000000002));
#1995=CARTESIAN_POINT('Origin',(2.0811381273753E-6,-2.54614421586992E-13,
11.7));
#1996=CARTESIAN_POINT('',(-31.6227744145219,15.0000002235174,16.7000000000002));
#1997=CARTESIAN_POINT('Origin',(2.08113815402065E-6,-2.59055313685493E-13,
16.7));
#1998=CARTESIAN_POINT('',(15.,-31.6227775888545,16.6999999999999));
#1999=CARTESIAN_POINT('',(-15.,-31.6227756145135,16.7));
#2000=CARTESIAN_POINT('Origin',(2.08113815402065E-6,-2.59055313685493E-13,
16.7000000000002));
#2001=CARTESIAN_POINT('',(15.,-31.6227775888545,11.6999999999999));
#2002=CARTESIAN_POINT('',(15.,-31.6227775888545,16.6999999999999));
#2003=CARTESIAN_POINT('',(-15.,-31.6227756145135,11.7));
#2004=CARTESIAN_POINT('Origin',(2.0811381273753E-6,-2.54614421586992E-13,
11.7));
#2005=CARTESIAN_POINT('',(-15.,-31.6227756145135,16.7));
#2006=CARTESIAN_POINT('Origin',(2.08113815402065E-6,-2.59055313685493E-13,
16.7));
#2007=CARTESIAN_POINT('',(31.6227786828218,15.,16.6999999999998));
#2008=CARTESIAN_POINT('',(31.6227786828221,-15.,16.6999999999998));
#2009=CARTESIAN_POINT('Origin',(2.08113815402065E-6,-2.59055313685493E-13,
16.7000000000002));
#2010=CARTESIAN_POINT('',(31.6227786828218,15.,11.6999999999998));
#2011=CARTESIAN_POINT('',(31.6227785767982,15.0000002235174,16.6999999999998));
#2012=CARTESIAN_POINT('',(31.622778682822,-15.,11.6999999999998));
#2013=CARTESIAN_POINT('Origin',(2.0811381273753E-6,-2.54614421586992E-13,
11.7));
#2014=CARTESIAN_POINT('',(31.6227786828221,-15.,16.6999999999998));
#2015=CARTESIAN_POINT('Origin',(2.08113815402065E-6,-2.59055313685493E-13,
16.7));
#2016=CARTESIAN_POINT('',(-15.0000002235174,31.6227755084893,16.7000000000001));
#2017=CARTESIAN_POINT('',(15.,31.622777588854,16.6999999999999));
#2018=CARTESIAN_POINT('Origin',(2.08113815402065E-6,-2.59055313685493E-13,
16.7000000000002));
#2019=CARTESIAN_POINT('',(-15.0000002235175,31.6227755084893,11.7000000000001));
#2020=CARTESIAN_POINT('',(-15.,31.6227756145129,16.7000000000001));
#2021=CARTESIAN_POINT('',(15.,31.622777588854,11.6999999999999));
#2022=CARTESIAN_POINT('Origin',(2.0811381273753E-6,-2.54614421586992E-13,
11.7));
#2023=CARTESIAN_POINT('',(15.,31.622777588854,16.6999999999999));
#2024=CARTESIAN_POINT('Origin',(2.08113812941463E-6,-2.56388387636194E-13,
11.7));
#2025=CARTESIAN_POINT('',(-20.0000002235175,15.0000002235174,11.7000000000001));
#2026=CARTESIAN_POINT('',(-9.99999907118966,15.0000002235174,11.7000000000001));
#2027=CARTESIAN_POINT('',(-20.,-15.,11.7000000000001));
#2028=CARTESIAN_POINT('',(-44.9999989594309,-15.,11.7000000000002));
#2029=CARTESIAN_POINT('',(-15.,-20.,11.7000000000001));
#2030=CARTESIAN_POINT('Origin',(-20.,-20.,11.7));
#2031=CARTESIAN_POINT('',(-15.,-10.0000000000001,11.7000000000001));
#2032=CARTESIAN_POINT('',(15.,-20.,11.6999999999999));
#2033=CARTESIAN_POINT('',(15.,-45.0000000000001,11.6999999999999));
#2034=CARTESIAN_POINT('',(20.,-15.,11.6999999999999));
#2035=CARTESIAN_POINT('Origin',(20.,-20.,11.7));
#2036=CARTESIAN_POINT('',(-44.9999989594309,-15.,11.7000000000002));
#2037=CARTESIAN_POINT('',(20.,15.,11.6999999999999));
#2038=CARTESIAN_POINT('',(-9.99999907118966,15.0000002235174,11.7000000000001));
#2039=CARTESIAN_POINT('',(15.,20.,11.6999999999999));
#2040=CARTESIAN_POINT('Origin',(20.,20.,11.7));
#2041=CARTESIAN_POINT('',(15.,-45.0000000000001,11.6999999999999));
#2042=CARTESIAN_POINT('',(-15.0000002235175,20.0000002235174,11.7000000000001));
#2043=CARTESIAN_POINT('',(-15.,-10.0000000000001,11.7000000000001));
#2044=CARTESIAN_POINT('Origin',(-20.0000002235174,20.0000002235174,11.7));
#2045=CARTESIAN_POINT('Origin',(-90.,-15.,16.7));
#2046=CARTESIAN_POINT('',(20.,-15.,8.3));
#2047=CARTESIAN_POINT('',(20.,-15.,16.7));
#2048=CARTESIAN_POINT('',(90.,-15.,8.3));
#2049=CARTESIAN_POINT('',(10.,-15.,8.3));
#2050=CARTESIAN_POINT('',(90.,-15.,16.7));
#2051=CARTESIAN_POINT('',(90.,-15.,16.7));
#2052=CARTESIAN_POINT('',(-45.,-15.,16.7));
#2053=CARTESIAN_POINT('Origin',(20.,-20.,16.7));
#2054=CARTESIAN_POINT('',(15.,-20.,8.3));
#2055=CARTESIAN_POINT('',(15.,-20.,16.7));
#2056=CARTESIAN_POINT('Origin',(20.,-20.,8.3));
#2057=CARTESIAN_POINT('Origin',(15.,-90.,16.7));
#2058=CARTESIAN_POINT('',(15.,-90.,16.7));
#2059=CARTESIAN_POINT('',(15.,-45.,16.7));
#2060=CARTESIAN_POINT('',(15.,-90.,8.3));
#2061=CARTESIAN_POINT('',(15.,-90.,16.7));
#2062=CARTESIAN_POINT('',(15.,-45.,8.3));
#2063=CARTESIAN_POINT('Origin',(-15.,-20.,16.7));
#2064=CARTESIAN_POINT('',(-15.,-20.,8.3));
#2065=CARTESIAN_POINT('',(-15.,-20.,16.7));
#2066=CARTESIAN_POINT('',(-15.,-90.,8.3));
#2067=CARTESIAN_POINT('',(-15.,-10.,8.3));
#2068=CARTESIAN_POINT('',(-15.,-90.,16.7));
#2069=CARTESIAN_POINT('',(-15.,-90.,16.7));
#2070=CARTESIAN_POINT('',(-15.,-10.,16.7));
#2071=CARTESIAN_POINT('Origin',(-20.,-20.,16.7));
#2072=CARTESIAN_POINT('',(-20.,-15.,8.3));
#2073=CARTESIAN_POINT('',(-20.,-15.,16.7));
#2074=CARTESIAN_POINT('Origin',(-20.,-20.,8.3));
#2075=CARTESIAN_POINT('Origin',(-90.,-15.,16.7));
#2076=CARTESIAN_POINT('',(-90.,-15.,16.7));
#2077=CARTESIAN_POINT('',(-45.,-15.,16.7));
#2078=CARTESIAN_POINT('',(-90.,-15.,8.3));
#2079=CARTESIAN_POINT('',(-90.,-15.,16.7));
#2080=CARTESIAN_POINT('',(-45.,-15.,8.3));
#2081=CARTESIAN_POINT('Origin',(34.,-1.03709197240832E-15,16.7));
#2082=CARTESIAN_POINT('',(100.5,35.5,16.7));
#2083=CARTESIAN_POINT('',(100.5,-35.5,16.7));
#2084=CARTESIAN_POINT('',(100.5,35.5,16.7));
#2085=CARTESIAN_POINT('',(35.5,100.5,16.7));
#2086=CARTESIAN_POINT('Origin',(35.5,35.5000000000001,16.7));
#2087=CARTESIAN_POINT('',(-35.5,100.5,16.7));
#2088=CARTESIAN_POINT('',(-35.5,100.5,16.7));
#2089=CARTESIAN_POINT('',(-100.5,35.5,16.7));
#2090=CARTESIAN_POINT('Origin',(-35.5,35.5,16.7));
#2091=CARTESIAN_POINT('',(-100.5,-35.5,16.7));
#2092=CARTESIAN_POINT('',(-100.5,-35.5,16.7));
#2093=CARTESIAN_POINT('',(-35.5,-100.5,16.7));
#2094=CARTESIAN_POINT('Origin',(-35.5,-35.5,16.7));
#2095=CARTESIAN_POINT('',(35.5,-100.5,16.7));
#2096=CARTESIAN_POINT('',(35.5,-100.5,16.7));
#2097=CARTESIAN_POINT('Origin',(35.5,-35.5,16.7));
#2098=CARTESIAN_POINT('',(95.,-20.,16.7));
#2099=CARTESIAN_POINT('Origin',(90.,-20.,16.7));
#2100=CARTESIAN_POINT('',(95.,-30.,16.7));
#2101=CARTESIAN_POINT('',(95.,-10.,16.7));
#2102=CARTESIAN_POINT('',(30.,-95.,16.7));
#2103=CARTESIAN_POINT('Origin',(30.,-30.0000000000001,16.7));
#2104=CARTESIAN_POINT('',(20.,-95.,16.7));
#2105=CARTESIAN_POINT('',(15.,-95.,16.7));
#2106=CARTESIAN_POINT('Origin',(20.,-90.,16.7));
#2107=CARTESIAN_POINT('',(-20.,-95.,16.7));
#2108=CARTESIAN_POINT('Origin',(-20.,-90.,16.7));
#2109=CARTESIAN_POINT('',(-30.,-95.,16.7));
#2110=CARTESIAN_POINT('',(-10.,-95.,16.7));
#2111=CARTESIAN_POINT('',(-95.,-30.,16.7));
#2112=CARTESIAN_POINT('Origin',(-30.0000000000001,-30.0000000000001,16.7));
#2113=CARTESIAN_POINT('',(-95.,-20.,16.7));
#2114=CARTESIAN_POINT('',(-95.,-14.9999999999999,16.7));
#2115=CARTESIAN_POINT('Origin',(-90.,-20.,16.7));
#2116=CARTESIAN_POINT('',(-90.,15.0000002235174,16.7));
#2117=CARTESIAN_POINT('',(-10.0000001117587,15.0000002235174,16.7));
#2118=CARTESIAN_POINT('',(-95.,20.0000002235174,16.7));
#2119=CARTESIAN_POINT('Origin',(-90.,20.0000002235174,16.7));
#2120=CARTESIAN_POINT('',(-95.,30.,16.7));
#2121=CARTESIAN_POINT('',(-95.,10.0000001117587,16.7));
#2122=CARTESIAN_POINT('',(-30.,95.,16.7));
#2123=CARTESIAN_POINT('Origin',(-30.0000000000001,30.0000000000001,16.7));
#2124=CARTESIAN_POINT('',(-20.0000002235174,95.,16.7));
#2125=CARTESIAN_POINT('',(-15.,95.,16.7));
#2126=CARTESIAN_POINT('',(-15.0000002235174,90.,16.7));
#2127=CARTESIAN_POINT('Origin',(-20.0000002235174,90.,16.7));
#2128=CARTESIAN_POINT('',(-15.0000002235174,45.,16.7));
#2129=CARTESIAN_POINT('',(15.,90.,16.7));
#2130=CARTESIAN_POINT('',(15.,-45.,16.7));
#2131=CARTESIAN_POINT('',(20.,95.,16.7));
#2132=CARTESIAN_POINT('Origin',(20.,90.,16.7));
#2133=CARTESIAN_POINT('',(30.,95.,16.7));
#2134=CARTESIAN_POINT('',(9.99999999999999,95.,16.7));
#2135=CARTESIAN_POINT('',(95.,30.,16.7));
#2136=CARTESIAN_POINT('Origin',(30.,30.0000000000001,16.7));
#2137=CARTESIAN_POINT('',(95.,20.,16.7));
#2138=CARTESIAN_POINT('',(95.,14.9999999999999,16.7));
#2139=CARTESIAN_POINT('',(90.,15.,16.7));
#2140=CARTESIAN_POINT('Origin',(90.,20.,16.7));
#2141=CARTESIAN_POINT('',(45.,15.,16.7));
#2142=CARTESIAN_POINT('Origin',(-20.0000002235174,15.0000002235174,16.7));
#2143=CARTESIAN_POINT('',(90.,15.,8.3));
#2144=CARTESIAN_POINT('',(90.,15.,16.7));
#2145=CARTESIAN_POINT('',(20.,15.,8.3));
#2146=CARTESIAN_POINT('',(45.,15.,8.3));
#2147=CARTESIAN_POINT('',(20.,15.,16.7));
#2148=CARTESIAN_POINT('Origin',(-15.,-20.,16.7));
#2149=CARTESIAN_POINT('',(-15.0000002235174,90.,8.3));
#2150=CARTESIAN_POINT('',(-15.0000002235174,90.,16.7));
#2151=CARTESIAN_POINT('',(-15.0000002235174,20.0000002235174,8.3));
#2152=CARTESIAN_POINT('',(-15.0000002235174,45.,8.3));
#2153=CARTESIAN_POINT('',(-15.0000002235174,20.0000002235174,16.7));
#2154=CARTESIAN_POINT('Origin',(15.,-90.,16.7));
#2155=CARTESIAN_POINT('',(15.,20.,8.3));
#2156=CARTESIAN_POINT('',(15.,20.,16.7));
#2157=CARTESIAN_POINT('',(15.,90.,8.3));
#2158=CARTESIAN_POINT('',(15.,9.99999999999999,8.3));
#2159=CARTESIAN_POINT('',(15.,90.,16.7));
#2160=CARTESIAN_POINT('Origin',(-20.0000002235174,15.0000002235174,16.7));
#2161=CARTESIAN_POINT('',(-20.0000002235174,15.0000002235174,8.3));
#2162=CARTESIAN_POINT('',(-20.0000002235174,15.0000002235174,16.7));
#2163=CARTESIAN_POINT('',(-90.,15.0000002235174,8.3));
#2164=CARTESIAN_POINT('',(-10.0000001117587,15.0000002235174,8.3));
#2165=CARTESIAN_POINT('',(-90.,15.0000002235174,16.7));
#2166=CARTESIAN_POINT('Origin',(93.000001385808,-93.000001385808,19.3));
#2167=CARTESIAN_POINT('',(85.500001385808,-93.000001385808,19.3));
#2168=CARTESIAN_POINT('',(100.500001385808,-93.000001385808,19.3));
#2169=CARTESIAN_POINT('Origin',(93.000001385808,-93.000001385808,19.3));
#2170=CARTESIAN_POINT('',(101.500001385808,-93.000001385808,18.3));
#2171=CARTESIAN_POINT('Origin',(101.500001385808,-93.000001385808,19.3));
#2172=CARTESIAN_POINT('Origin',(93.000001385808,-93.000001385808,18.3));
#2173=CARTESIAN_POINT('Origin',(93.000001385808,-93.000001385808,19.3));
#2174=CARTESIAN_POINT('Origin',(93.000001385808,-93.000001385808,18.3));
#2175=CARTESIAN_POINT('',(85.500001385808,-93.000001385808,32.3));
#2176=CARTESIAN_POINT('',(100.500001385808,-93.000001385808,32.3));
#2177=CARTESIAN_POINT('Origin',(93.000001385808,-93.000001385808,32.3));
#2178=CARTESIAN_POINT('Origin',(93.000001385808,-93.000001385808,32.3));
#2179=CARTESIAN_POINT('',(85.500001385808,-93.000001385808,18.3));
#2180=CARTESIAN_POINT('Origin',(5.359773027319E-15,-1.65802143171605E-14,
18.3));
#2181=CARTESIAN_POINT('',(90.,-110.,18.3));
#2182=CARTESIAN_POINT('',(110.,-90.,18.3));
#2183=CARTESIAN_POINT('Origin',(90.,-90.,18.3));
#2184=CARTESIAN_POINT('',(110.,90.,18.3));
#2185=CARTESIAN_POINT('',(110.,90.,18.3));
#2186=CARTESIAN_POINT('',(90.,110.,18.3));
#2187=CARTESIAN_POINT('Origin',(90.,90.,18.3));
#2188=CARTESIAN_POINT('',(-90.,110.,18.3));
#2189=CARTESIAN_POINT('',(-90.,110.,18.3));
#2190=CARTESIAN_POINT('',(-110.,90.,18.3));
#2191=CARTESIAN_POINT('Origin',(-90.,90.,18.3));
#2192=CARTESIAN_POINT('',(-110.,-90.,18.3));
#2193=CARTESIAN_POINT('',(-110.,-90.,18.3));
#2194=CARTESIAN_POINT('',(-90.,-110.,18.3));
#2195=CARTESIAN_POINT('Origin',(-90.,-90.,18.3));
#2196=CARTESIAN_POINT('',(90.,-110.,18.3));
#2197=CARTESIAN_POINT('',(101.500001385808,93.000001385808,18.3));
#2198=CARTESIAN_POINT('Origin',(93.000001385808,93.000001385808,18.3));
#2199=CARTESIAN_POINT('',(-84.500001385808,-93.000001385808,18.3));
#2200=CARTESIAN_POINT('Origin',(-93.000001385808,-93.000001385808,18.3));
#2201=CARTESIAN_POINT('',(100.5,35.5,18.3));
#2202=CARTESIAN_POINT('',(100.5,-35.5,18.3));
#2203=CARTESIAN_POINT('',(100.5,17.75,18.3));
#2204=CARTESIAN_POINT('',(35.5,-100.5,18.3));
#2205=CARTESIAN_POINT('Origin',(35.5,-35.5,18.3));
#2206=CARTESIAN_POINT('',(-35.5,-100.5,18.3));
#2207=CARTESIAN_POINT('',(17.75,-100.5,18.3));
#2208=CARTESIAN_POINT('',(-100.5,-35.5,18.3));
#2209=CARTESIAN_POINT('Origin',(-35.5,-35.5,18.3));
#2210=CARTESIAN_POINT('',(-100.5,35.5,18.3));
#2211=CARTESIAN_POINT('',(-100.5,-17.75,18.3));
#2212=CARTESIAN_POINT('',(-35.5,100.5,18.3));
#2213=CARTESIAN_POINT('Origin',(-35.5,35.5,18.3));
#2214=CARTESIAN_POINT('',(35.5,100.5,18.3));
#2215=CARTESIAN_POINT('',(-17.75,100.5,18.3));
#2216=CARTESIAN_POINT('Origin',(35.5,35.5000000000001,18.3));
#2217=CARTESIAN_POINT('',(-84.500001385808,93.000001385808,18.3));
#2218=CARTESIAN_POINT('Origin',(-93.000001385808,93.000001385808,18.3));
#2219=CARTESIAN_POINT('Origin',(-93.000001385808,-93.000001385808,19.3));
#2220=CARTESIAN_POINT('',(-85.500001385808,-93.000001385808,19.3));
#2221=CARTESIAN_POINT('Origin',(-93.000001385808,-93.000001385808,19.3));
#2222=CARTESIAN_POINT('Origin',(-84.500001385808,-93.000001385808,19.3));
#2223=CARTESIAN_POINT('Origin',(-93.000001385808,-93.000001385808,18.3));
#2224=CARTESIAN_POINT('',(-85.500001385808,-93.000001385808,32.3));
#2225=CARTESIAN_POINT('',(-100.500001385808,-93.000001385808,32.3));
#2226=CARTESIAN_POINT('Origin',(-93.000001385808,-93.000001385808,32.3));
#2227=CARTESIAN_POINT('',(-85.500001385808,-93.000001385808,18.3));
#2228=CARTESIAN_POINT('Origin',(-93.000001385808,-93.000001385808,32.3));
#2229=CARTESIAN_POINT('Origin',(5.359773027319E-15,-1.65802143171605E-14,
8.3));
#2230=CARTESIAN_POINT('',(90.,-110.,8.3));
#2231=CARTESIAN_POINT('',(110.,-90.,8.3));
#2232=CARTESIAN_POINT('Origin',(90.,-90.,8.3));
#2233=CARTESIAN_POINT('',(-90.,-110.,8.3));
#2234=CARTESIAN_POINT('',(-45.,-110.,8.3));
#2235=CARTESIAN_POINT('',(-110.,-90.,8.3));
#2236=CARTESIAN_POINT('Origin',(-90.,-90.,8.3));
#2237=CARTESIAN_POINT('',(-110.,90.,8.3));
#2238=CARTESIAN_POINT('',(-110.,45.,8.3));
#2239=CARTESIAN_POINT('',(-90.,110.,8.3));
#2240=CARTESIAN_POINT('Origin',(-90.,90.,8.3));
#2241=CARTESIAN_POINT('',(90.,110.,8.3));
#2242=CARTESIAN_POINT('',(45.,110.,8.3));
#2243=CARTESIAN_POINT('',(110.,90.,8.3));
#2244=CARTESIAN_POINT('Origin',(90.,90.,8.3));
#2245=CARTESIAN_POINT('',(110.,-45.,8.3));
#2246=CARTESIAN_POINT('',(-95.,-20.,8.3));
#2247=CARTESIAN_POINT('',(-95.,-30.,8.3));
#2248=CARTESIAN_POINT('',(-95.,-14.9999999999999,8.3));
#2249=CARTESIAN_POINT('',(-30.,-95.,8.3));
#2250=CARTESIAN_POINT('Origin',(-30.0000000000001,-30.0000000000001,8.3));
#2251=CARTESIAN_POINT('',(-20.,-95.,8.3));
#2252=CARTESIAN_POINT('',(-10.,-95.,8.3));
#2253=CARTESIAN_POINT('Origin',(-20.,-90.,8.3));
#2254=CARTESIAN_POINT('Origin',(-90.,-20.,8.3));
#2255=CARTESIAN_POINT('',(20.,-95.,8.3));
#2256=CARTESIAN_POINT('',(30.,-95.,8.3));
#2257=CARTESIAN_POINT('',(15.,-95.,8.3));
#2258=CARTESIAN_POINT('',(95.,-30.,8.3));
#2259=CARTESIAN_POINT('Origin',(30.,-30.0000000000001,8.3));
#2260=CARTESIAN_POINT('',(95.,-20.,8.3));
#2261=CARTESIAN_POINT('',(95.,-10.,8.3));
#2262=CARTESIAN_POINT('Origin',(90.,-20.,8.3));
#2263=CARTESIAN_POINT('Origin',(20.,-90.,8.3));
#2264=CARTESIAN_POINT('',(95.,20.,8.3));
#2265=CARTESIAN_POINT('',(95.,30.,8.3));
#2266=CARTESIAN_POINT('',(95.,14.9999999999999,8.3));
#2267=CARTESIAN_POINT('',(30.,95.,8.3));
#2268=CARTESIAN_POINT('Origin',(30.,30.0000000000001,8.3));
#2269=CARTESIAN_POINT('',(20.,95.,8.3));
#2270=CARTESIAN_POINT('',(10.,95.,8.3));
#2271=CARTESIAN_POINT('Origin',(20.,90.,8.3));
#2272=CARTESIAN_POINT('Origin',(20.,20.,8.3));
#2273=CARTESIAN_POINT('Origin',(90.,20.,8.3));
#2274=CARTESIAN_POINT('',(-20.0000002235174,95.,8.3));
#2275=CARTESIAN_POINT('',(-30.,95.,8.3));
#2276=CARTESIAN_POINT('',(-15.,95.,8.3));
#2277=CARTESIAN_POINT('',(-95.,30.,8.3));
#2278=CARTESIAN_POINT('Origin',(-30.0000000000001,30.0000000000001,8.3));
#2279=CARTESIAN_POINT('',(-95.,20.0000002235174,8.3));
#2280=CARTESIAN_POINT('',(-95.,10.0000001117587,8.3));
#2281=CARTESIAN_POINT('Origin',(-90.,20.0000002235174,8.3));
#2282=CARTESIAN_POINT('Origin',(-20.0000002235174,20.0000002235174,8.3));
#2283=CARTESIAN_POINT('Origin',(-20.0000002235174,90.,8.3));
#2284=CARTESIAN_POINT('Origin',(-93.000001385808,-93.000001385808,32.3));
#2285=CARTESIAN_POINT('',(-99.500001385808,-93.000001385808,33.3));
#2286=CARTESIAN_POINT('Origin',(-93.000001385808,-93.000001385808,33.3));
#2287=CARTESIAN_POINT('Origin',(-99.500001385808,-93.000001385808,32.3));
#2288=CARTESIAN_POINT('Origin',(-93.000001385808,-93.000001385808,33.3));
#2289=CARTESIAN_POINT('Origin',(-20.0000002235174,20.0000002235174,16.7));
#2290=CARTESIAN_POINT('Origin',(20.,20.,16.7));
#2291=CARTESIAN_POINT('Origin',(-90.,-20.,16.7));
#2292=CARTESIAN_POINT('',(-95.,-20.,16.7));
#2293=CARTESIAN_POINT('Origin',(-95.,-30.,16.7));
#2294=CARTESIAN_POINT('',(-95.,-30.,16.7));
#2295=CARTESIAN_POINT('Origin',(-30.0000000000001,-30.0000000000001,16.7));
#2296=CARTESIAN_POINT('',(-30.,-95.,16.7));
#2297=CARTESIAN_POINT('Origin',(-20.,-95.,16.7));
#2298=CARTESIAN_POINT('',(-20.,-95.,16.7));
#2299=CARTESIAN_POINT('Origin',(-20.,-90.,16.7));
#2300=CARTESIAN_POINT('Origin',(20.,-90.,16.7));
#2301=CARTESIAN_POINT('',(20.,-95.,16.7));
#2302=CARTESIAN_POINT('Origin',(30.,-95.,16.7));
#2303=CARTESIAN_POINT('',(30.,-95.,16.7));
#2304=CARTESIAN_POINT('Origin',(30.,-30.0000000000001,16.7));
#2305=CARTESIAN_POINT('',(95.,-30.,16.7));
#2306=CARTESIAN_POINT('Origin',(95.,-20.,16.7));
#2307=CARTESIAN_POINT('',(95.,-20.,16.7));
#2308=CARTESIAN_POINT('Origin',(90.,-20.,16.7));
#2309=CARTESIAN_POINT('Origin',(90.,20.,16.7));
#2310=CARTESIAN_POINT('',(95.,20.,16.7));
#2311=CARTESIAN_POINT('Origin',(95.,30.,16.7));
#2312=CARTESIAN_POINT('',(95.,30.,16.7));
#2313=CARTESIAN_POINT('Origin',(30.,30.0000000000001,16.7));
#2314=CARTESIAN_POINT('',(30.,95.,16.7));
#2315=CARTESIAN_POINT('Origin',(20.,95.,16.7));
#2316=CARTESIAN_POINT('',(20.,95.,16.7));
#2317=CARTESIAN_POINT('Origin',(20.,90.,16.7));
#2318=CARTESIAN_POINT('Origin',(-20.0000002235174,90.,16.7));
#2319=CARTESIAN_POINT('',(-20.0000002235174,95.,16.7));
#2320=CARTESIAN_POINT('Origin',(-30.,95.,16.7));
#2321=CARTESIAN_POINT('',(-30.,95.,16.7));
#2322=CARTESIAN_POINT('Origin',(-30.0000000000001,30.0000000000001,16.7));
#2323=CARTESIAN_POINT('',(-95.,30.,16.7));
#2324=CARTESIAN_POINT('Origin',(-95.,20.0000002235174,16.7));
#2325=CARTESIAN_POINT('',(-95.,20.0000002235174,16.7));
#2326=CARTESIAN_POINT('Origin',(-90.,20.0000002235174,16.7));
#2327=CARTESIAN_POINT('Origin',(100.5,35.5,18.3));
#2328=CARTESIAN_POINT('',(100.5,35.5,18.3));
#2329=CARTESIAN_POINT('',(100.5,-35.5,18.3));
#2330=CARTESIAN_POINT('Origin',(35.5,35.5000000000001,18.3));
#2331=CARTESIAN_POINT('',(35.5,100.5,18.3));
#2332=CARTESIAN_POINT('Origin',(-35.5,100.5,18.3));
#2333=CARTESIAN_POINT('',(-35.5,100.5,18.3));
#2334=CARTESIAN_POINT('Origin',(-35.5,35.5,18.3));
#2335=CARTESIAN_POINT('',(-100.5,35.5,18.3));
#2336=CARTESIAN_POINT('Origin',(-100.5,-35.5,18.3));
#2337=CARTESIAN_POINT('',(-100.5,-35.5,18.3));
#2338=CARTESIAN_POINT('Origin',(-35.5,-35.5,18.3));
#2339=CARTESIAN_POINT('',(-35.5,-100.5,18.3));
#2340=CARTESIAN_POINT('Origin',(35.5,-100.5,18.3));
#2341=CARTESIAN_POINT('',(35.5,-100.5,18.3));
#2342=CARTESIAN_POINT('Origin',(35.5,-35.5,18.3));
#2343=CARTESIAN_POINT('Origin',(-90.,-110.,-1.7));
#2344=CARTESIAN_POINT('',(90.,-110.,-1.7));
#2345=CARTESIAN_POINT('',(-90.,-110.,-1.7));
#2346=CARTESIAN_POINT('Origin',(-90.,-90.,-1.7));
#2347=CARTESIAN_POINT('',(-110.,-90.,-1.7));
#2348=CARTESIAN_POINT('Origin',(-110.,90.,-1.7));
#2349=CARTESIAN_POINT('',(-110.,90.,-1.7));
#2350=CARTESIAN_POINT('Origin',(-90.,90.,-1.7));
#2351=CARTESIAN_POINT('',(-90.,110.,-1.7));
#2352=CARTESIAN_POINT('Origin',(90.,110.,-1.7));
#2353=CARTESIAN_POINT('',(90.,110.,-1.7));
#2354=CARTESIAN_POINT('Origin',(90.,90.,-1.7));
#2355=CARTESIAN_POINT('',(110.,90.,-1.7));
#2356=CARTESIAN_POINT('Origin',(110.,-90.,-1.7));
#2357=CARTESIAN_POINT('',(110.,-90.,-1.7));
#2358=CARTESIAN_POINT('Origin',(90.,-90.,-1.7));
#2359=CARTESIAN_POINT('Origin',(93.000001385808,-93.000001385808,32.3));
#2360=CARTESIAN_POINT('',(99.500001385808,-93.000001385808,33.3));
#2361=CARTESIAN_POINT('Origin',(93.000001385808,-93.000001385808,33.3));
#2362=CARTESIAN_POINT('Origin',(99.500001385808,-93.000001385808,32.3));
#2363=CARTESIAN_POINT('Origin',(93.000001385808,-93.000001385808,33.3));
#2364=CARTESIAN_POINT('Origin',(-93.000001385808,93.000001385808,19.3));
#2365=CARTESIAN_POINT('',(-85.500001385808,93.000001385808,19.3));
#2366=CARTESIAN_POINT('Origin',(-93.000001385808,93.000001385808,19.3));
#2367=CARTESIAN_POINT('Origin',(-84.500001385808,93.000001385808,19.3));
#2368=CARTESIAN_POINT('Origin',(-93.000001385808,93.000001385808,18.3));
#2369=CARTESIAN_POINT('',(-85.500001385808,93.000001385808,32.3));
#2370=CARTESIAN_POINT('',(-100.500001385808,93.000001385808,32.3));
#2371=CARTESIAN_POINT('Origin',(-93.000001385808,93.000001385808,32.3));
#2372=CARTESIAN_POINT('Origin',(-93.000001385808,93.000001385808,32.3));
#2373=CARTESIAN_POINT('',(-85.500001385808,93.000001385808,18.3));
#2374=CARTESIAN_POINT('Origin',(-93.000001385808,93.000001385808,32.3));
#2375=CARTESIAN_POINT('',(-99.500001385808,93.000001385808,33.3));
#2376=CARTESIAN_POINT('Origin',(-93.000001385808,93.000001385808,33.3));
#2377=CARTESIAN_POINT('Origin',(-99.500001385808,93.000001385808,32.3));
#2378=CARTESIAN_POINT('Origin',(-93.000001385808,93.000001385808,33.3));
#2379=CARTESIAN_POINT('Origin',(93.000001385808,93.000001385808,19.3));
#2380=CARTESIAN_POINT('',(85.500001385808,93.000001385808,19.3));
#2381=CARTESIAN_POINT('',(100.500001385808,93.000001385808,19.3));
#2382=CARTESIAN_POINT('Origin',(93.000001385808,93.000001385808,19.3));
#2383=CARTESIAN_POINT('Origin',(93.000001385808,93.000001385808,19.3));
#2384=CARTESIAN_POINT('Origin',(101.500001385808,93.000001385808,19.3));
#2385=CARTESIAN_POINT('Origin',(93.000001385808,93.000001385808,18.3));
#2386=CARTESIAN_POINT('',(85.500001385808,93.000001385808,32.3));
#2387=CARTESIAN_POINT('',(100.500001385808,93.000001385808,32.3));
#2388=CARTESIAN_POINT('Origin',(93.000001385808,93.000001385808,32.3));
#2389=CARTESIAN_POINT('',(85.500001385808,93.000001385808,18.3));
#2390=CARTESIAN_POINT('Origin',(93.000001385808,93.000001385808,32.3));
#2391=CARTESIAN_POINT('Origin',(93.000001385808,93.000001385808,32.3));
#2392=CARTESIAN_POINT('',(99.500001385808,93.000001385808,33.3));
#2393=CARTESIAN_POINT('Origin',(93.000001385808,93.000001385808,33.3));
#2394=CARTESIAN_POINT('Origin',(99.500001385808,93.000001385808,32.3));
#2395=CARTESIAN_POINT('Origin',(93.000001385808,93.000001385808,33.3));
#2396=UNCERTAINTY_MEASURE_WITH_UNIT(LENGTH_MEASURE(0.01),#2400,
'DISTANCE_ACCURACY_VALUE',
'Maximum model space distance between geometric entities at asserted c
onnectivities');
#2397=UNCERTAINTY_MEASURE_WITH_UNIT(LENGTH_MEASURE(0.01),#2400,
'DISTANCE_ACCURACY_VALUE',
'Maximum model space distance between geometric entities at asserted c
onnectivities');
#2398=(
GEOMETRIC_REPRESENTATION_CONTEXT(3)
GLOBAL_UNCERTAINTY_ASSIGNED_CONTEXT((#2396))
GLOBAL_UNIT_ASSIGNED_CONTEXT((#2400,#2402,#2403))
REPRESENTATION_CONTEXT('','3D')
);
#2399=(
GEOMETRIC_REPRESENTATION_CONTEXT(3)
GLOBAL_UNCERTAINTY_ASSIGNED_CONTEXT((#2397))
GLOBAL_UNIT_ASSIGNED_CONTEXT((#2400,#2402,#2403))
REPRESENTATION_CONTEXT('','3D')
);
#2400=(
LENGTH_UNIT()
NAMED_UNIT(*)
SI_UNIT(.MILLI.,.METRE.)
);
#2401=(
LENGTH_UNIT()
NAMED_UNIT(*)
SI_UNIT($,.METRE.)
);
#2402=(
NAMED_UNIT(*)
PLANE_ANGLE_UNIT()
SI_UNIT($,.RADIAN.)
);
#2403=(
NAMED_UNIT(*)
SI_UNIT($,.STERADIAN.)
SOLID_ANGLE_UNIT()
);
#2404=SHAPE_DEFINITION_REPRESENTATION(#2405,#2406);
#2405=PRODUCT_DEFINITION_SHAPE('',$,#2408);
#2406=SHAPE_REPRESENTATION('',(#1394),#2398);
#2407=PRODUCT_DEFINITION_CONTEXT('part definition',#2412,'design');
#2408=PRODUCT_DEFINITION('2026-04-22-09-49-33-760','Base',#2409,#2407);
#2409=PRODUCT_DEFINITION_FORMATION('',$,#2414);
#2410=PRODUCT_RELATED_PRODUCT_CATEGORY('Base','Base',(#2414));
#2411=APPLICATION_PROTOCOL_DEFINITION('international standard',
'automotive_design',2009,#2412);
#2412=APPLICATION_CONTEXT(
'Core Data for Automotive Mechanical Design Process');
#2413=PRODUCT_CONTEXT('part definition',#2412,'mechanical');
#2414=PRODUCT('2026-04-22-09-49-33-760','Base',$,(#2413));
#2415=PRESENTATION_STYLE_ASSIGNMENT((#2416));
#2416=SURFACE_STYLE_USAGE(.BOTH.,#2417);
#2417=SURFACE_SIDE_STYLE('',(#2418));
#2418=SURFACE_STYLE_FILL_AREA(#2419);
#2419=FILL_AREA_STYLE('Acero - Satinado',(#2420));
#2420=FILL_AREA_STYLE_COLOUR('Acero - Satinado',#2421);
#2421=COLOUR_RGB('Acero - Satinado',0.627450980392157,0.627450980392157,
0.627450980392157);
ENDSEC;
END-ISO-10303-21;
