ISO-10303-21;
HEADER;
/* Generated by software containing ST-Developer
 * from STEP Tools, Inc. (www.steptools.com) 
 */

FILE_DESCRIPTION(
/* description */ (''),
/* implementation_level */ '2;1');

FILE_NAME(
/* name */ 'Top.step',
/* time_stamp */ '2026-04-22T09:49:48+09:00',
/* author */ (''),
/* organization */ (''),
/* preprocessor_version */ 'ST-DEVELOPER v20.1',
/* originating_system */ 'Autodesk Translation Framework v15.8.0.0',
/* authorisation */ '');

FILE_SCHEMA (('AUTOMOTIVE_DESIGN { 1 0 10303 214 3 1 1 }'));
ENDSEC;

DATA;
#10=MECHANICAL_DESIGN_GEOMETRIC_PRESENTATION_REPRESENTATION('',(#13),#6368);
#11=SHAPE_REPRESENTATION_RELATIONSHIP('SRR','None',#6375,#12);
#12=ADVANCED_BREP_SHAPE_REPRESENTATION('',(#14),#6367);
#13=STYLED_ITEM('',(#6384),#14);
#14=MANIFOLD_SOLID_BREP('Cuerpo1',#3554);
#15=(
BOUNDED_SURFACE()
B_SPLINE_SURFACE(5,1,((#5726,#5727),(#5728,#5729),(#5730,#5731),(#5732,
#5733),(#5734,#5735),(#5736,#5737),(#5738,#5739),(#5740,#5741),(#5742,#5743),
(#5744,#5745),(#5746,#5747)),.UNSPECIFIED.,.F.,.F.,.F.)
B_SPLINE_SURFACE_WITH_KNOTS((6,1,1,1,1,1,6),(2,2),(0.0936049641181441,0.1,
0.2,0.3,0.4,0.5,0.524587079289961),(-11.3891807528644,3.),.UNSPECIFIED.)
GEOMETRIC_REPRESENTATION_ITEM()
RATIONAL_B_SPLINE_SURFACE(((1.,1.),(1.,1.),(1.,1.),(1.,1.),(1.,1.),(1.,
1.),(1.,1.),(1.,1.),(1.,1.),(1.,1.),(1.,1.)))
REPRESENTATION_ITEM('')
SURFACE()
);
#16=(
BOUNDED_SURFACE()
B_SPLINE_SURFACE(5,1,((#5790,#5791),(#5792,#5793),(#5794,#5795),(#5796,
#5797),(#5798,#5799),(#5800,#5801),(#5802,#5803),(#5804,#5805),(#5806,#5807),
(#5808,#5809),(#5810,#5811)),.UNSPECIFIED.,.F.,.F.,.F.)
B_SPLINE_SURFACE_WITH_KNOTS((6,1,1,1,1,1,6),(2,2),(0.0936049641181441,0.1,
0.2,0.3,0.4,0.5,0.524587079289961),(-11.3891807528644,3.),.UNSPECIFIED.)
GEOMETRIC_REPRESENTATION_ITEM()
RATIONAL_B_SPLINE_SURFACE(((1.,1.),(1.,1.),(1.,1.),(1.,1.),(1.,1.),(1.,
1.),(1.,1.),(1.,1.),(1.,1.),(1.,1.),(1.,1.)))
REPRESENTATION_ITEM('')
SURFACE()
);
#17=(
BOUNDED_SURFACE()
B_SPLINE_SURFACE(5,1,((#5854,#5855),(#5856,#5857),(#5858,#5859),(#5860,
#5861),(#5862,#5863),(#5864,#5865),(#5866,#5867),(#5868,#5869),(#5870,#5871),
(#5872,#5873),(#5874,#5875)),.UNSPECIFIED.,.F.,.F.,.F.)
B_SPLINE_SURFACE_WITH_KNOTS((6,1,1,1,1,1,6),(2,2),(0.0936049641181441,0.1,
0.2,0.3,0.4,0.5,0.524587079289961),(-11.3891807528644,3.),.UNSPECIFIED.)
GEOMETRIC_REPRESENTATION_ITEM()
RATIONAL_B_SPLINE_SURFACE(((1.,1.),(1.,1.),(1.,1.),(1.,1.),(1.,1.),(1.,
1.),(1.,1.),(1.,1.),(1.,1.),(1.,1.),(1.,1.)))
REPRESENTATION_ITEM('')
SURFACE()
);
#18=(
BOUNDED_SURFACE()
B_SPLINE_SURFACE(5,1,((#5918,#5919),(#5920,#5921),(#5922,#5923),(#5924,
#5925),(#5926,#5927),(#5928,#5929),(#5930,#5931),(#5932,#5933),(#5934,#5935),
(#5936,#5937),(#5938,#5939)),.UNSPECIFIED.,.F.,.F.,.F.)
B_SPLINE_SURFACE_WITH_KNOTS((6,1,1,1,1,1,6),(2,2),(0.0936049641181441,0.1,
0.2,0.3,0.4,0.5,0.524587079289961),(-11.3891807528644,3.),.UNSPECIFIED.)
GEOMETRIC_REPRESENTATION_ITEM()
RATIONAL_B_SPLINE_SURFACE(((1.,1.),(1.,1.),(1.,1.),(1.,1.),(1.,1.),(1.,
1.),(1.,1.),(1.,1.),(1.,1.),(1.,1.),(1.,1.)))
REPRESENTATION_ITEM('')
SURFACE()
);
#19=(
BOUNDED_SURFACE()
B_SPLINE_SURFACE(5,1,((#5982,#5983),(#5984,#5985),(#5986,#5987),(#5988,
#5989),(#5990,#5991),(#5992,#5993),(#5994,#5995),(#5996,#5997),(#5998,#5999),
(#6000,#6001),(#6002,#6003)),.UNSPECIFIED.,.F.,.F.,.F.)
B_SPLINE_SURFACE_WITH_KNOTS((6,1,1,1,1,1,6),(2,2),(0.0936049641181441,0.1,
0.2,0.3,0.4,0.5,0.524587079289961),(-11.3891807528644,3.),.UNSPECIFIED.)
GEOMETRIC_REPRESENTATION_ITEM()
RATIONAL_B_SPLINE_SURFACE(((1.,1.),(1.,1.),(1.,1.),(1.,1.),(1.,1.),(1.,
1.),(1.,1.),(1.,1.),(1.,1.),(1.,1.),(1.,1.)))
REPRESENTATION_ITEM('')
SURFACE()
);
#20=(
BOUNDED_SURFACE()
B_SPLINE_SURFACE(5,1,((#6046,#6047),(#6048,#6049),(#6050,#6051),(#6052,
#6053),(#6054,#6055),(#6056,#6057),(#6058,#6059),(#6060,#6061),(#6062,#6063),
(#6064,#6065),(#6066,#6067)),.UNSPECIFIED.,.F.,.F.,.F.)
B_SPLINE_SURFACE_WITH_KNOTS((6,1,1,1,1,1,6),(2,2),(0.0936049641181441,0.1,
0.2,0.3,0.4,0.5,0.524587079289961),(-11.3891807528644,3.),.UNSPECIFIED.)
GEOMETRIC_REPRESENTATION_ITEM()
RATIONAL_B_SPLINE_SURFACE(((1.,1.),(1.,1.),(1.,1.),(1.,1.),(1.,1.),(1.,
1.),(1.,1.),(1.,1.),(1.,1.),(1.,1.),(1.,1.)))
REPRESENTATION_ITEM('')
SURFACE()
);
#21=(
BOUNDED_SURFACE()
B_SPLINE_SURFACE(5,1,((#6243,#6244),(#6245,#6246),(#6247,#6248),(#6249,
#6250),(#6251,#6252),(#6253,#6254),(#6255,#6256),(#6257,#6258),(#6259,#6260),
(#6261,#6262),(#6263,#6264)),.UNSPECIFIED.,.F.,.F.,.F.)
B_SPLINE_SURFACE_WITH_KNOTS((6,1,1,1,1,1,6),(2,2),(0.0936049641181441,0.1,
0.2,0.3,0.4,0.5,0.524587079289961),(0.,3.),.UNSPECIFIED.)
GEOMETRIC_REPRESENTATION_ITEM()
RATIONAL_B_SPLINE_SURFACE(((1.,1.),(1.,1.),(1.,1.),(1.,1.),(1.,1.),(1.,
1.),(1.,1.),(1.,1.),(1.,1.),(1.,1.),(1.,1.)))
REPRESENTATION_ITEM('')
SURFACE()
);
#22=(
BOUNDED_SURFACE()
B_SPLINE_SURFACE(5,1,((#6307,#6308),(#6309,#6310),(#6311,#6312),(#6313,
#6314),(#6315,#6316),(#6317,#6318),(#6319,#6320),(#6321,#6322),(#6323,#6324),
(#6325,#6326),(#6327,#6328)),.UNSPECIFIED.,.F.,.F.,.F.)
B_SPLINE_SURFACE_WITH_KNOTS((6,1,1,1,1,1,6),(2,2),(0.0936049641181441,0.1,
0.2,0.3,0.4,0.5,0.524587079289961),(0.,3.),.UNSPECIFIED.)
GEOMETRIC_REPRESENTATION_ITEM()
RATIONAL_B_SPLINE_SURFACE(((1.,1.),(1.,1.),(1.,1.),(1.,1.),(1.,1.),(1.,
1.),(1.,1.),(1.,1.),(1.,1.),(1.,1.),(1.,1.)))
REPRESENTATION_ITEM('')
SURFACE()
);
#23=FACE_BOUND('',#1063,.T.);
#24=FACE_BOUND('',#1064,.T.);
#25=FACE_BOUND('',#1065,.T.);
#26=FACE_BOUND('',#1069,.T.);
#27=FACE_BOUND('',#1070,.T.);
#28=FACE_BOUND('',#1071,.T.);
#29=FACE_BOUND('',#1085,.T.);
#30=FACE_BOUND('',#1086,.T.);
#31=FACE_BOUND('',#1087,.T.);
#32=FACE_BOUND('',#1088,.T.);
#33=FACE_BOUND('',#1089,.T.);
#34=FACE_BOUND('',#1120,.T.);
#35=FACE_BOUND('',#1121,.T.);
#36=FACE_BOUND('',#1122,.T.);
#37=FACE_BOUND('',#1123,.T.);
#38=FACE_BOUND('',#1124,.T.);
#39=FACE_BOUND('',#1125,.T.);
#40=FACE_BOUND('',#1126,.T.);
#41=FACE_BOUND('',#1127,.T.);
#42=FACE_BOUND('',#1128,.T.);
#43=FACE_BOUND('',#1138,.T.);
#44=FACE_BOUND('',#1139,.T.);
#45=FACE_BOUND('',#1140,.T.);
#46=FACE_BOUND('',#1144,.T.);
#47=FACE_BOUND('',#1145,.T.);
#48=FACE_BOUND('',#1146,.T.);
#49=FACE_BOUND('',#1210,.T.);
#50=FACE_BOUND('',#1211,.T.);
#51=FACE_BOUND('',#1212,.T.);
#52=FACE_BOUND('',#1213,.T.);
#53=FACE_BOUND('',#1214,.T.);
#54=(
BOUNDED_CURVE()
B_SPLINE_CURVE(5,(#5025,#5026,#5027,#5028,#5029,#5030,#5031,#5032,#5033,
#5034,#5035),.UNSPECIFIED.,.F.,.F.)
B_SPLINE_CURVE_WITH_KNOTS((6,1,1,1,1,1,6),(0.0936049641181441,0.1,0.2,0.3,
0.4,0.5,0.524587079289961),.UNSPECIFIED.)
CURVE()
GEOMETRIC_REPRESENTATION_ITEM()
RATIONAL_B_SPLINE_CURVE((1.,1.,1.,1.,1.,1.,1.,1.,1.,1.,1.))
REPRESENTATION_ITEM('')
);
#55=(
BOUNDED_CURVE()
B_SPLINE_CURVE(5,(#5047,#5048,#5049,#5050,#5051,#5052,#5053,#5054,#5055,
#5056,#5057),.UNSPECIFIED.,.F.,.F.)
B_SPLINE_CURVE_WITH_KNOTS((6,1,1,1,1,1,6),(-0.524587079289961,-0.5,-0.4,
-0.3,-0.2,-0.1,-0.0936049641181441),.UNSPECIFIED.)
CURVE()
GEOMETRIC_REPRESENTATION_ITEM()
RATIONAL_B_SPLINE_CURVE((1.,1.,1.,1.,1.,1.,1.,1.,1.,1.,1.))
REPRESENTATION_ITEM('')
);
#56=(
BOUNDED_CURVE()
B_SPLINE_CURVE(5,(#5104,#5105,#5106,#5107,#5108,#5109,#5110,#5111,#5112,
#5113,#5114),.UNSPECIFIED.,.F.,.F.)
B_SPLINE_CURVE_WITH_KNOTS((6,1,1,1,1,1,6),(-0.524587079289961,-0.5,-0.4,
-0.3,-0.2,-0.1,-0.0936049641181441),.UNSPECIFIED.)
CURVE()
GEOMETRIC_REPRESENTATION_ITEM()
RATIONAL_B_SPLINE_CURVE((1.,1.,1.,1.,1.,1.,1.,1.,1.,1.,1.))
REPRESENTATION_ITEM('')
);
#57=(
BOUNDED_CURVE()
B_SPLINE_CURVE(5,(#5138,#5139,#5140,#5141,#5142,#5143,#5144,#5145,#5146,
#5147,#5148),.UNSPECIFIED.,.F.,.F.)
B_SPLINE_CURVE_WITH_KNOTS((6,1,1,1,1,1,6),(0.0936049641181441,0.1,0.2,0.3,
0.4,0.5,0.524587079289961),.UNSPECIFIED.)
CURVE()
GEOMETRIC_REPRESENTATION_ITEM()
RATIONAL_B_SPLINE_CURVE((1.,1.,1.,1.,1.,1.,1.,1.,1.,1.,1.))
REPRESENTATION_ITEM('')
);
#58=(
BOUNDED_CURVE()
B_SPLINE_CURVE(5,(#5587,#5588,#5589,#5590,#5591,#5592,#5593,#5594,#5595,
#5596,#5597),.UNSPECIFIED.,.F.,.F.)
B_SPLINE_CURVE_WITH_KNOTS((6,1,1,1,1,1,6),(0.0936049641181441,0.1,0.2,0.3,
0.4,0.5,0.524587079289961),.UNSPECIFIED.)
CURVE()
GEOMETRIC_REPRESENTATION_ITEM()
RATIONAL_B_SPLINE_CURVE((1.,1.,1.,1.,1.,1.,1.,1.,1.,1.,1.))
REPRESENTATION_ITEM('')
);
#59=(
BOUNDED_CURVE()
B_SPLINE_CURVE(5,(#5621,#5622,#5623,#5624,#5625,#5626,#5627,#5628,#5629,
#5630,#5631),.UNSPECIFIED.,.F.,.F.)
B_SPLINE_CURVE_WITH_KNOTS((6,1,1,1,1,1,6),(0.0936049641181441,0.1,0.2,0.3,
0.4,0.5,0.524587079289961),.UNSPECIFIED.)
CURVE()
GEOMETRIC_REPRESENTATION_ITEM()
RATIONAL_B_SPLINE_CURVE((1.,1.,1.,1.,1.,1.,1.,1.,1.,1.,1.))
REPRESENTATION_ITEM('')
);
#60=(
BOUNDED_CURVE()
B_SPLINE_CURVE(5,(#5665,#5666,#5667,#5668,#5669,#5670,#5671,#5672,#5673,
#5674,#5675),.UNSPECIFIED.,.F.,.F.)
B_SPLINE_CURVE_WITH_KNOTS((6,1,1,1,1,1,6),(-0.524587079289961,-0.5,-0.4,
-0.3,-0.2,-0.1,-0.0936049641181441),.UNSPECIFIED.)
CURVE()
GEOMETRIC_REPRESENTATION_ITEM()
RATIONAL_B_SPLINE_CURVE((1.,1.,1.,1.,1.,1.,1.,1.,1.,1.,1.))
REPRESENTATION_ITEM('')
);
#61=(
BOUNDED_CURVE()
B_SPLINE_CURVE(5,(#5695,#5696,#5697,#5698,#5699,#5700,#5701,#5702,#5703,
#5704,#5705),.UNSPECIFIED.,.F.,.F.)
B_SPLINE_CURVE_WITH_KNOTS((6,1,1,1,1,1,6),(0.0936049641181441,0.1,0.2,0.3,
0.4,0.5,0.524587079289961),.UNSPECIFIED.)
CURVE()
GEOMETRIC_REPRESENTATION_ITEM()
RATIONAL_B_SPLINE_CURVE((1.,1.,1.,1.,1.,1.,1.,1.,1.,1.,1.))
REPRESENTATION_ITEM('')
);
#62=(
BOUNDED_CURVE()
B_SPLINE_CURVE(5,(#5751,#5752,#5753,#5754,#5755,#5756,#5757,#5758,#5759,
#5760,#5761),.UNSPECIFIED.,.F.,.F.)
B_SPLINE_CURVE_WITH_KNOTS((6,1,1,1,1,1,6),(0.0936049641181441,0.1,0.2,0.3,
0.4,0.5,0.524587079289961),.UNSPECIFIED.)
CURVE()
GEOMETRIC_REPRESENTATION_ITEM()
RATIONAL_B_SPLINE_CURVE((1.,1.,1.,1.,1.,1.,1.,1.,1.,1.,1.))
REPRESENTATION_ITEM('')
);
#63=(
BOUNDED_CURVE()
B_SPLINE_CURVE(5,(#5815,#5816,#5817,#5818,#5819,#5820,#5821,#5822,#5823,
#5824,#5825),.UNSPECIFIED.,.F.,.F.)
B_SPLINE_CURVE_WITH_KNOTS((6,1,1,1,1,1,6),(0.0936049641181441,0.1,0.2,0.3,
0.4,0.5,0.524587079289961),.UNSPECIFIED.)
CURVE()
GEOMETRIC_REPRESENTATION_ITEM()
RATIONAL_B_SPLINE_CURVE((1.,1.,1.,1.,1.,1.,1.,1.,1.,1.,1.))
REPRESENTATION_ITEM('')
);
#64=(
BOUNDED_CURVE()
B_SPLINE_CURVE(5,(#5879,#5880,#5881,#5882,#5883,#5884,#5885,#5886,#5887,
#5888,#5889),.UNSPECIFIED.,.F.,.F.)
B_SPLINE_CURVE_WITH_KNOTS((6,1,1,1,1,1,6),(0.0936049641181441,0.1,0.2,0.3,
0.4,0.5,0.524587079289961),.UNSPECIFIED.)
CURVE()
GEOMETRIC_REPRESENTATION_ITEM()
RATIONAL_B_SPLINE_CURVE((1.,1.,1.,1.,1.,1.,1.,1.,1.,1.,1.))
REPRESENTATION_ITEM('')
);
#65=(
BOUNDED_CURVE()
B_SPLINE_CURVE(5,(#5943,#5944,#5945,#5946,#5947,#5948,#5949,#5950,#5951,
#5952,#5953),.UNSPECIFIED.,.F.,.F.)
B_SPLINE_CURVE_WITH_KNOTS((6,1,1,1,1,1,6),(0.0936049641181441,0.1,0.2,0.3,
0.4,0.5,0.524587079289961),.UNSPECIFIED.)
CURVE()
GEOMETRIC_REPRESENTATION_ITEM()
RATIONAL_B_SPLINE_CURVE((1.,1.,1.,1.,1.,1.,1.,1.,1.,1.,1.))
REPRESENTATION_ITEM('')
);
#66=(
BOUNDED_CURVE()
B_SPLINE_CURVE(5,(#6007,#6008,#6009,#6010,#6011,#6012,#6013,#6014,#6015,
#6016,#6017),.UNSPECIFIED.,.F.,.F.)
B_SPLINE_CURVE_WITH_KNOTS((6,1,1,1,1,1,6),(0.0936049641181441,0.1,0.2,0.3,
0.4,0.5,0.524587079289961),.UNSPECIFIED.)
CURVE()
GEOMETRIC_REPRESENTATION_ITEM()
RATIONAL_B_SPLINE_CURVE((1.,1.,1.,1.,1.,1.,1.,1.,1.,1.,1.))
REPRESENTATION_ITEM('')
);
#67=(
BOUNDED_CURVE()
B_SPLINE_CURVE(5,(#6071,#6072,#6073,#6074,#6075,#6076,#6077,#6078,#6079,
#6080,#6081),.UNSPECIFIED.,.F.,.F.)
B_SPLINE_CURVE_WITH_KNOTS((6,1,1,1,1,1,6),(0.0936049641181441,0.1,0.2,0.3,
0.4,0.5,0.524587079289961),.UNSPECIFIED.)
CURVE()
GEOMETRIC_REPRESENTATION_ITEM()
RATIONAL_B_SPLINE_CURVE((1.,1.,1.,1.,1.,1.,1.,1.,1.,1.,1.))
REPRESENTATION_ITEM('')
);
#68=(
BOUNDED_CURVE()
B_SPLINE_CURVE(5,(#6268,#6269,#6270,#6271,#6272,#6273,#6274,#6275,#6276,
#6277,#6278),.UNSPECIFIED.,.F.,.F.)
B_SPLINE_CURVE_WITH_KNOTS((6,1,1,1,1,1,6),(0.0936049641181441,0.1,0.2,0.3,
0.4,0.5,0.524587079289961),.UNSPECIFIED.)
CURVE()
GEOMETRIC_REPRESENTATION_ITEM()
RATIONAL_B_SPLINE_CURVE((1.,1.,1.,1.,1.,1.,1.,1.,1.,1.,1.))
REPRESENTATION_ITEM('')
);
#69=(
BOUNDED_CURVE()
B_SPLINE_CURVE(5,(#6332,#6333,#6334,#6335,#6336,#6337,#6338,#6339,#6340,
#6341,#6342),.UNSPECIFIED.,.F.,.F.)
B_SPLINE_CURVE_WITH_KNOTS((6,1,1,1,1,1,6),(0.0936049641181441,0.1,0.2,0.3,
0.4,0.5,0.524587079289961),.UNSPECIFIED.)
CURVE()
GEOMETRIC_REPRESENTATION_ITEM()
RATIONAL_B_SPLINE_CURVE((1.,1.,1.,1.,1.,1.,1.,1.,1.,1.,1.))
REPRESENTATION_ITEM('')
);
#70=PLANE('',#3574);
#71=PLANE('',#3595);
#72=PLANE('',#3610);
#73=PLANE('',#3617);
#74=PLANE('',#3621);
#75=PLANE('',#3625);
#76=PLANE('',#3629);
#77=PLANE('',#3630);
#78=PLANE('',#3634);
#79=PLANE('',#3657);
#80=PLANE('',#3662);
#81=PLANE('',#3665);
#82=PLANE('',#3668);
#83=PLANE('',#3671);
#84=PLANE('',#3672);
#85=PLANE('',#3677);
#86=PLANE('',#3680);
#87=PLANE('',#3683);
#88=PLANE('',#3686);
#89=PLANE('',#3687);
#90=PLANE('',#3692);
#91=PLANE('',#3695);
#92=PLANE('',#3698);
#93=PLANE('',#3701);
#94=PLANE('',#3730);
#95=PLANE('',#3732);
#96=PLANE('',#3733);
#97=PLANE('',#3734);
#98=PLANE('',#3735);
#99=PLANE('',#3743);
#100=PLANE('',#3758);
#101=PLANE('',#3764);
#102=PLANE('',#3781);
#103=PLANE('',#3782);
#104=PLANE('',#3785);
#105=PLANE('',#3788);
#106=PLANE('',#3791);
#107=PLANE('',#3794);
#108=PLANE('',#3797);
#109=PLANE('',#3800);
#110=PLANE('',#3803);
#111=PLANE('',#3806);
#112=PLANE('',#3809);
#113=PLANE('',#3812);
#114=PLANE('',#3815);
#115=PLANE('',#3818);
#116=PLANE('',#3821);
#117=PLANE('',#3824);
#118=PLANE('',#3827);
#119=PLANE('',#3830);
#120=PLANE('',#3833);
#121=PLANE('',#3836);
#122=PLANE('',#3839);
#123=PLANE('',#3842);
#124=PLANE('',#3845);
#125=PLANE('',#3848);
#126=PLANE('',#3851);
#127=PLANE('',#3857);
#128=PLANE('',#3858);
#129=PLANE('',#3859);
#130=PLANE('',#3860);
#131=PLANE('',#3867);
#132=PLANE('',#3868);
#133=PLANE('',#3869);
#134=PLANE('',#3870);
#135=PLANE('',#3871);
#136=PLANE('',#3872);
#137=PLANE('',#3873);
#138=PLANE('',#3874);
#139=PLANE('',#3878);
#140=PLANE('',#3880);
#141=PLANE('',#3882);
#142=PLANE('',#3886);
#143=PLANE('',#3888);
#144=PLANE('',#3890);
#145=PLANE('',#3894);
#146=PLANE('',#3895);
#147=PLANE('',#3901);
#148=PLANE('',#3909);
#149=PLANE('',#3911);
#150=PLANE('',#3915);
#151=PLANE('',#3918);
#152=PLANE('',#3921);
#153=PLANE('',#3924);
#154=PLANE('',#3927);
#155=PLANE('',#3930);
#156=PLANE('',#3933);
#157=LINE('',#4996,#470);
#158=LINE('',#5007,#471);
#159=LINE('',#5011,#472);
#160=LINE('',#5015,#473);
#161=LINE('',#5018,#474);
#162=LINE('',#5021,#475);
#163=LINE('',#5039,#476);
#164=LINE('',#5043,#477);
#165=LINE('',#5061,#478);
#166=LINE('',#5065,#479);
#167=LINE('',#5069,#480);
#168=LINE('',#5079,#481);
#169=LINE('',#5086,#482);
#170=LINE('',#5090,#483);
#171=LINE('',#5094,#484);
#172=LINE('',#5098,#485);
#173=LINE('',#5118,#486);
#174=LINE('',#5122,#487);
#175=LINE('',#5126,#488);
#176=LINE('',#5130,#489);
#177=LINE('',#5134,#490);
#178=LINE('',#5152,#491);
#179=LINE('',#5157,#492);
#180=LINE('',#5159,#493);
#181=LINE('',#5161,#494);
#182=LINE('',#5162,#495);
#183=LINE('',#5168,#496);
#184=LINE('',#5174,#497);
#185=LINE('',#5177,#498);
#186=LINE('',#5180,#499);
#187=LINE('',#5182,#500);
#188=LINE('',#5183,#501);
#189=LINE('',#5188,#502);
#190=LINE('',#5192,#503);
#191=LINE('',#5194,#504);
#192=LINE('',#5195,#505);
#193=LINE('',#5201,#506);
#194=LINE('',#5204,#507);
#195=LINE('',#5206,#508);
#196=LINE('',#5207,#509);
#197=LINE('',#5212,#510);
#198=LINE('',#5215,#511);
#199=LINE('',#5216,#512);
#200=LINE('',#5219,#513);
#201=LINE('',#5221,#514);
#202=LINE('',#5222,#515);
#203=LINE('',#5231,#516);
#204=LINE('',#5235,#517);
#205=LINE('',#5239,#518);
#206=LINE('',#5242,#519);
#207=LINE('',#5245,#520);
#208=LINE('',#5247,#521);
#209=LINE('',#5249,#522);
#210=LINE('',#5251,#523);
#211=LINE('',#5253,#524);
#212=LINE('',#5255,#525);
#213=LINE('',#5257,#526);
#214=LINE('',#5258,#527);
#215=LINE('',#5261,#528);
#216=LINE('',#5265,#529);
#217=LINE('',#5269,#530);
#218=LINE('',#5273,#531);
#219=LINE('',#5277,#532);
#220=LINE('',#5281,#533);
#221=LINE('',#5285,#534);
#222=LINE('',#5289,#535);
#223=LINE('',#5293,#536);
#224=LINE('',#5297,#537);
#225=LINE('',#5301,#538);
#226=LINE('',#5305,#539);
#227=LINE('',#5311,#540);
#228=LINE('',#5315,#541);
#229=LINE('',#5319,#542);
#230=LINE('',#5323,#543);
#231=LINE('',#5327,#544);
#232=LINE('',#5330,#545);
#233=LINE('',#5333,#546);
#234=LINE('',#5335,#547);
#235=LINE('',#5336,#548);
#236=LINE('',#5339,#549);
#237=LINE('',#5343,#550);
#238=LINE('',#5346,#551);
#239=LINE('',#5349,#552);
#240=LINE('',#5350,#553);
#241=LINE('',#5354,#554);
#242=LINE('',#5357,#555);
#243=LINE('',#5358,#556);
#244=LINE('',#5362,#557);
#245=LINE('',#5365,#558);
#246=LINE('',#5366,#559);
#247=LINE('',#5370,#560);
#248=LINE('',#5372,#561);
#249=LINE('',#5375,#562);
#250=LINE('',#5377,#563);
#251=LINE('',#5378,#564);
#252=LINE('',#5381,#565);
#253=LINE('',#5385,#566);
#254=LINE('',#5388,#567);
#255=LINE('',#5391,#568);
#256=LINE('',#5392,#569);
#257=LINE('',#5396,#570);
#258=LINE('',#5399,#571);
#259=LINE('',#5400,#572);
#260=LINE('',#5404,#573);
#261=LINE('',#5407,#574);
#262=LINE('',#5408,#575);
#263=LINE('',#5412,#576);
#264=LINE('',#5414,#577);
#265=LINE('',#5417,#578);
#266=LINE('',#5418,#579);
#267=LINE('',#5423,#580);
#268=LINE('',#5426,#581);
#269=LINE('',#5429,#582);
#270=LINE('',#5430,#583);
#271=LINE('',#5433,#584);
#272=LINE('',#5436,#585);
#273=LINE('',#5439,#586);
#274=LINE('',#5440,#587);
#275=LINE('',#5443,#588);
#276=LINE('',#5447,#589);
#277=LINE('',#5448,#590);
#278=LINE('',#5452,#591);
#279=LINE('',#5458,#592);
#280=LINE('',#5462,#593);
#281=LINE('',#5466,#594);
#282=LINE('',#5474,#595);
#283=LINE('',#5478,#596);
#284=LINE('',#5482,#597);
#285=LINE('',#5490,#598);
#286=LINE('',#5494,#599);
#287=LINE('',#5498,#600);
#288=LINE('',#5506,#601);
#289=LINE('',#5510,#602);
#290=LINE('',#5514,#603);
#291=LINE('',#5519,#604);
#292=LINE('',#5522,#605);
#293=LINE('',#5525,#606);
#294=LINE('',#5528,#607);
#295=LINE('',#5540,#608);
#296=LINE('',#5542,#609);
#297=LINE('',#5545,#610);
#298=LINE('',#5558,#611);
#299=LINE('',#5569,#612);
#300=LINE('',#5573,#613);
#301=LINE('',#5577,#614);
#302=LINE('',#5580,#615);
#303=LINE('',#5583,#616);
#304=LINE('',#5601,#617);
#305=LINE('',#5605,#618);
#306=LINE('',#5609,#619);
#307=LINE('',#5613,#620);
#308=LINE('',#5617,#621);
#309=LINE('',#5647,#622);
#310=LINE('',#5651,#623);
#311=LINE('',#5655,#624);
#312=LINE('',#5659,#625);
#313=LINE('',#5679,#626);
#314=LINE('',#5683,#627);
#315=LINE('',#5687,#628);
#316=LINE('',#5691,#629);
#317=LINE('',#5709,#630);
#318=LINE('',#5713,#631);
#319=LINE('',#5717,#632);
#320=LINE('',#5722,#633);
#321=LINE('',#5724,#634);
#322=LINE('',#5725,#635);
#323=LINE('',#5749,#636);
#324=LINE('',#5762,#637);
#325=LINE('',#5766,#638);
#326=LINE('',#5769,#639);
#327=LINE('',#5770,#640);
#328=LINE('',#5774,#641);
#329=LINE('',#5777,#642);
#330=LINE('',#5778,#643);
#331=LINE('',#5786,#644);
#332=LINE('',#5788,#645);
#333=LINE('',#5789,#646);
#334=LINE('',#5813,#647);
#335=LINE('',#5826,#648);
#336=LINE('',#5829,#649);
#337=LINE('',#5833,#650);
#338=LINE('',#5834,#651);
#339=LINE('',#5837,#652);
#340=LINE('',#5841,#653);
#341=LINE('',#5842,#654);
#342=LINE('',#5850,#655);
#343=LINE('',#5852,#656);
#344=LINE('',#5853,#657);
#345=LINE('',#5877,#658);
#346=LINE('',#5890,#659);
#347=LINE('',#5893,#660);
#348=LINE('',#5897,#661);
#349=LINE('',#5898,#662);
#350=LINE('',#5901,#663);
#351=LINE('',#5905,#664);
#352=LINE('',#5906,#665);
#353=LINE('',#5914,#666);
#354=LINE('',#5916,#667);
#355=LINE('',#5917,#668);
#356=LINE('',#5941,#669);
#357=LINE('',#5954,#670);
#358=LINE('',#5958,#671);
#359=LINE('',#5961,#672);
#360=LINE('',#5962,#673);
#361=LINE('',#5966,#674);
#362=LINE('',#5969,#675);
#363=LINE('',#5970,#676);
#364=LINE('',#5978,#677);
#365=LINE('',#5980,#678);
#366=LINE('',#5981,#679);
#367=LINE('',#6005,#680);
#368=LINE('',#6018,#681);
#369=LINE('',#6021,#682);
#370=LINE('',#6025,#683);
#371=LINE('',#6026,#684);
#372=LINE('',#6029,#685);
#373=LINE('',#6033,#686);
#374=LINE('',#6034,#687);
#375=LINE('',#6042,#688);
#376=LINE('',#6044,#689);
#377=LINE('',#6045,#690);
#378=LINE('',#6069,#691);
#379=LINE('',#6082,#692);
#380=LINE('',#6086,#693);
#381=LINE('',#6089,#694);
#382=LINE('',#6090,#695);
#383=LINE('',#6094,#696);
#384=LINE('',#6097,#697);
#385=LINE('',#6098,#698);
#386=LINE('',#6105,#699);
#387=LINE('',#6106,#700);
#388=LINE('',#6108,#701);
#389=LINE('',#6110,#702);
#390=LINE('',#6111,#703);
#391=LINE('',#6114,#704);
#392=LINE('',#6115,#705);
#393=LINE('',#6116,#706);
#394=LINE('',#6119,#707);
#395=LINE('',#6121,#708);
#396=LINE('',#6122,#709);
#397=LINE('',#6126,#710);
#398=LINE('',#6128,#711);
#399=LINE('',#6130,#712);
#400=LINE('',#6132,#713);
#401=LINE('',#6134,#714);
#402=LINE('',#6136,#715);
#403=LINE('',#6138,#716);
#404=LINE('',#6139,#717);
#405=LINE('',#6151,#718);
#406=LINE('',#6152,#719);
#407=LINE('',#6154,#720);
#408=LINE('',#6155,#721);
#409=LINE('',#6157,#722);
#410=LINE('',#6159,#723);
#411=LINE('',#6161,#724);
#412=LINE('',#6163,#725);
#413=LINE('',#6165,#726);
#414=LINE('',#6167,#727);
#415=LINE('',#6170,#728);
#416=LINE('',#6171,#729);
#417=LINE('',#6173,#730);
#418=LINE('',#6175,#731);
#419=LINE('',#6177,#732);
#420=LINE('',#6179,#733);
#421=LINE('',#6181,#734);
#422=LINE('',#6182,#735);
#423=LINE('',#6184,#736);
#424=LINE('',#6186,#737);
#425=LINE('',#6188,#738);
#426=LINE('',#6190,#739);
#427=LINE('',#6192,#740);
#428=LINE('',#6194,#741);
#429=LINE('',#6196,#742);
#430=LINE('',#6198,#743);
#431=LINE('',#6199,#744);
#432=LINE('',#6201,#745);
#433=LINE('',#6203,#746);
#434=LINE('',#6205,#747);
#435=LINE('',#6207,#748);
#436=LINE('',#6209,#749);
#437=LINE('',#6211,#750);
#438=LINE('',#6213,#751);
#439=LINE('',#6215,#752);
#440=LINE('',#6217,#753);
#441=LINE('',#6219,#754);
#442=LINE('',#6221,#755);
#443=LINE('',#6223,#756);
#444=LINE('',#6227,#757);
#445=LINE('',#6231,#758);
#446=LINE('',#6233,#759);
#447=LINE('',#6235,#760);
#448=LINE('',#6237,#761);
#449=LINE('',#6239,#762);
#450=LINE('',#6241,#763);
#451=LINE('',#6266,#764);
#452=LINE('',#6279,#765);
#453=LINE('',#6282,#766);
#454=LINE('',#6286,#767);
#455=LINE('',#6287,#768);
#456=LINE('',#6290,#769);
#457=LINE('',#6294,#770);
#458=LINE('',#6295,#771);
#459=LINE('',#6303,#772);
#460=LINE('',#6305,#773);
#461=LINE('',#6306,#774);
#462=LINE('',#6330,#775);
#463=LINE('',#6343,#776);
#464=LINE('',#6347,#777);
#465=LINE('',#6350,#778);
#466=LINE('',#6351,#779);
#467=LINE('',#6355,#780);
#468=LINE('',#6358,#781);
#469=LINE('',#6359,#782);
#470=VECTOR('',#3948,7.74999999999999);
#471=VECTOR('',#3959,10.);
#472=VECTOR('',#3962,10.);
#473=VECTOR('',#3965,10.);
#474=VECTOR('',#3968,10.);
#475=VECTOR('',#3969,10.);
#476=VECTOR('',#3974,10.);
#477=VECTOR('',#3977,10.);
#478=VECTOR('',#3982,10.);
#479=VECTOR('',#3985,10.);
#480=VECTOR('',#3988,10.);
#481=VECTOR('',#4001,7.74999999999999);
#482=VECTOR('',#4008,10.);
#483=VECTOR('',#4011,10.);
#484=VECTOR('',#4014,10.);
#485=VECTOR('',#4017,10.);
#486=VECTOR('',#4024,10.);
#487=VECTOR('',#4027,10.);
#488=VECTOR('',#4030,10.);
#489=VECTOR('',#4033,10.);
#490=VECTOR('',#4036,10.);
#491=VECTOR('',#4041,10.);
#492=VECTOR('',#4046,10.);
#493=VECTOR('',#4047,10.);
#494=VECTOR('',#4048,10.);
#495=VECTOR('',#4049,10.);
#496=VECTOR('',#4056,10.);
#497=VECTOR('',#4061,10.);
#498=VECTOR('',#4064,10.);
#499=VECTOR('',#4067,10.);
#500=VECTOR('',#4068,10.);
#501=VECTOR('',#4069,10.);
#502=VECTOR('',#4074,10.);
#503=VECTOR('',#4079,10.);
#504=VECTOR('',#4080,10.);
#505=VECTOR('',#4081,10.);
#506=VECTOR('',#4088,10.);
#507=VECTOR('',#4091,10.);
#508=VECTOR('',#4092,10.);
#509=VECTOR('',#4093,10.);
#510=VECTOR('',#4098,10.);
#511=VECTOR('',#4103,10.);
#512=VECTOR('',#4104,10.);
#513=VECTOR('',#4107,10.);
#514=VECTOR('',#4108,10.);
#515=VECTOR('',#4109,10.);
#516=VECTOR('',#4120,10.);
#517=VECTOR('',#4123,10.);
#518=VECTOR('',#4126,10.);
#519=VECTOR('',#4129,10.);
#520=VECTOR('',#4130,10.);
#521=VECTOR('',#4131,10.);
#522=VECTOR('',#4132,10.);
#523=VECTOR('',#4133,10.);
#524=VECTOR('',#4134,10.);
#525=VECTOR('',#4135,10.);
#526=VECTOR('',#4136,10.);
#527=VECTOR('',#4137,10.);
#528=VECTOR('',#4138,10.);
#529=VECTOR('',#4141,10.);
#530=VECTOR('',#4144,10.);
#531=VECTOR('',#4147,10.);
#532=VECTOR('',#4150,10.);
#533=VECTOR('',#4153,10.);
#534=VECTOR('',#4156,10.);
#535=VECTOR('',#4159,10.);
#536=VECTOR('',#4162,10.);
#537=VECTOR('',#4165,10.);
#538=VECTOR('',#4168,10.);
#539=VECTOR('',#4171,10.);
#540=VECTOR('',#4176,10.);
#541=VECTOR('',#4179,10.);
#542=VECTOR('',#4182,10.);
#543=VECTOR('',#4185,10.);
#544=VECTOR('',#4188,10.);
#545=VECTOR('',#4191,10.);
#546=VECTOR('',#4194,10.);
#547=VECTOR('',#4195,10.);
#548=VECTOR('',#4196,10.);
#549=VECTOR('',#4199,10.);
#550=VECTOR('',#4204,10.);
#551=VECTOR('',#4207,10.);
#552=VECTOR('',#4210,10.);
#553=VECTOR('',#4211,10.);
#554=VECTOR('',#4216,10.);
#555=VECTOR('',#4219,10.);
#556=VECTOR('',#4220,10.);
#557=VECTOR('',#4225,10.);
#558=VECTOR('',#4228,10.);
#559=VECTOR('',#4229,10.);
#560=VECTOR('',#4234,10.);
#561=VECTOR('',#4237,10.);
#562=VECTOR('',#4240,10.);
#563=VECTOR('',#4241,10.);
#564=VECTOR('',#4242,10.);
#565=VECTOR('',#4245,10.);
#566=VECTOR('',#4250,10.);
#567=VECTOR('',#4253,10.);
#568=VECTOR('',#4256,10.);
#569=VECTOR('',#4257,10.);
#570=VECTOR('',#4262,10.);
#571=VECTOR('',#4265,10.);
#572=VECTOR('',#4266,10.);
#573=VECTOR('',#4271,10.);
#574=VECTOR('',#4274,10.);
#575=VECTOR('',#4275,10.);
#576=VECTOR('',#4280,10.);
#577=VECTOR('',#4283,10.);
#578=VECTOR('',#4286,10.);
#579=VECTOR('',#4287,10.);
#580=VECTOR('',#4294,10.);
#581=VECTOR('',#4297,10.);
#582=VECTOR('',#4300,10.);
#583=VECTOR('',#4301,10.);
#584=VECTOR('',#4304,10.);
#585=VECTOR('',#4307,10.);
#586=VECTOR('',#4310,10.);
#587=VECTOR('',#4311,10.);
#588=VECTOR('',#4314,10.);
#589=VECTOR('',#4319,10.);
#590=VECTOR('',#4320,10.);
#591=VECTOR('',#4325,10.);
#592=VECTOR('',#4330,10.);
#593=VECTOR('',#4333,10.);
#594=VECTOR('',#4336,10.);
#595=VECTOR('',#4343,10.);
#596=VECTOR('',#4346,10.);
#597=VECTOR('',#4349,10.);
#598=VECTOR('',#4356,10.);
#599=VECTOR('',#4359,10.);
#600=VECTOR('',#4362,10.);
#601=VECTOR('',#4369,10.);
#602=VECTOR('',#4372,10.);
#603=VECTOR('',#4375,10.);
#604=VECTOR('',#4380,10.);
#605=VECTOR('',#4383,10.);
#606=VECTOR('',#4386,10.);
#607=VECTOR('',#4389,10.);
#608=VECTOR('',#4402,10.);
#609=VECTOR('',#4405,10.);
#610=VECTOR('',#4410,10.);
#611=VECTOR('',#4427,7.74999999999999);
#612=VECTOR('',#4438,10.);
#613=VECTOR('',#4441,10.);
#614=VECTOR('',#4444,10.);
#615=VECTOR('',#4447,10.);
#616=VECTOR('',#4448,10.);
#617=VECTOR('',#4453,10.);
#618=VECTOR('',#4456,10.);
#619=VECTOR('',#4459,10.);
#620=VECTOR('',#4462,10.);
#621=VECTOR('',#4465,10.);
#622=VECTOR('',#4486,10.);
#623=VECTOR('',#4489,10.);
#624=VECTOR('',#4492,10.);
#625=VECTOR('',#4495,10.);
#626=VECTOR('',#4502,10.);
#627=VECTOR('',#4505,10.);
#628=VECTOR('',#4508,10.);
#629=VECTOR('',#4511,10.);
#630=VECTOR('',#4516,10.);
#631=VECTOR('',#4519,10.);
#632=VECTOR('',#4524,7.74999999999999);
#633=VECTOR('',#4531,10.);
#634=VECTOR('',#4532,10.);
#635=VECTOR('',#4533,10.);
#636=VECTOR('',#4534,10.);
#637=VECTOR('',#4535,10.);
#638=VECTOR('',#4540,10.);
#639=VECTOR('',#4543,10.);
#640=VECTOR('',#4544,10.);
#641=VECTOR('',#4549,10.);
#642=VECTOR('',#4552,10.);
#643=VECTOR('',#4553,10.);
#644=VECTOR('',#4566,10.);
#645=VECTOR('',#4567,10.);
#646=VECTOR('',#4568,10.);
#647=VECTOR('',#4569,10.);
#648=VECTOR('',#4570,10.);
#649=VECTOR('',#4573,10.);
#650=VECTOR('',#4578,10.);
#651=VECTOR('',#4579,10.);
#652=VECTOR('',#4582,10.);
#653=VECTOR('',#4587,10.);
#654=VECTOR('',#4588,10.);
#655=VECTOR('',#4601,10.);
#656=VECTOR('',#4602,10.);
#657=VECTOR('',#4603,10.);
#658=VECTOR('',#4604,10.);
#659=VECTOR('',#4605,10.);
#660=VECTOR('',#4608,10.);
#661=VECTOR('',#4613,10.);
#662=VECTOR('',#4614,10.);
#663=VECTOR('',#4617,10.);
#664=VECTOR('',#4622,10.);
#665=VECTOR('',#4623,10.);
#666=VECTOR('',#4636,10.);
#667=VECTOR('',#4637,10.);
#668=VECTOR('',#4638,10.);
#669=VECTOR('',#4639,10.);
#670=VECTOR('',#4640,10.);
#671=VECTOR('',#4645,10.);
#672=VECTOR('',#4648,10.);
#673=VECTOR('',#4649,10.);
#674=VECTOR('',#4654,10.);
#675=VECTOR('',#4657,10.);
#676=VECTOR('',#4658,10.);
#677=VECTOR('',#4671,10.);
#678=VECTOR('',#4672,10.);
#679=VECTOR('',#4673,10.);
#680=VECTOR('',#4674,10.);
#681=VECTOR('',#4675,10.);
#682=VECTOR('',#4678,10.);
#683=VECTOR('',#4683,10.);
#684=VECTOR('',#4684,10.);
#685=VECTOR('',#4687,10.);
#686=VECTOR('',#4692,10.);
#687=VECTOR('',#4693,10.);
#688=VECTOR('',#4706,10.);
#689=VECTOR('',#4707,10.);
#690=VECTOR('',#4708,10.);
#691=VECTOR('',#4709,10.);
#692=VECTOR('',#4710,10.);
#693=VECTOR('',#4715,10.);
#694=VECTOR('',#4718,10.);
#695=VECTOR('',#4719,10.);
#696=VECTOR('',#4724,10.);
#697=VECTOR('',#4727,10.);
#698=VECTOR('',#4728,10.);
#699=VECTOR('',#4741,10.);
#700=VECTOR('',#4742,10.);
#701=VECTOR('',#4745,10.);
#702=VECTOR('',#4748,10.);
#703=VECTOR('',#4749,10.);
#704=VECTOR('',#4754,10.);
#705=VECTOR('',#4755,10.);
#706=VECTOR('',#4756,10.);
#707=VECTOR('',#4759,10.);
#708=VECTOR('',#4760,10.);
#709=VECTOR('',#4761,10.);
#710=VECTOR('',#4764,10.);
#711=VECTOR('',#4765,10.);
#712=VECTOR('',#4766,10.);
#713=VECTOR('',#4767,10.);
#714=VECTOR('',#4768,10.);
#715=VECTOR('',#4769,10.);
#716=VECTOR('',#4770,10.);
#717=VECTOR('',#4771,10.);
#718=VECTOR('',#4784,10.);
#719=VECTOR('',#4785,10.);
#720=VECTOR('',#4788,10.);
#721=VECTOR('',#4789,10.);
#722=VECTOR('',#4792,10.);
#723=VECTOR('',#4795,10.);
#724=VECTOR('',#4798,10.);
#725=VECTOR('',#4801,10.);
#726=VECTOR('',#4804,10.);
#727=VECTOR('',#4807,10.);
#728=VECTOR('',#4812,10.);
#729=VECTOR('',#4813,10.);
#730=VECTOR('',#4816,10.);
#731=VECTOR('',#4819,10.);
#732=VECTOR('',#4822,10.);
#733=VECTOR('',#4825,10.);
#734=VECTOR('',#4828,10.);
#735=VECTOR('',#4829,10.);
#736=VECTOR('',#4832,10.);
#737=VECTOR('',#4835,10.);
#738=VECTOR('',#4838,10.);
#739=VECTOR('',#4841,10.);
#740=VECTOR('',#4844,10.);
#741=VECTOR('',#4847,10.);
#742=VECTOR('',#4850,10.);
#743=VECTOR('',#4853,10.);
#744=VECTOR('',#4854,10.);
#745=VECTOR('',#4857,10.);
#746=VECTOR('',#4860,10.);
#747=VECTOR('',#4863,10.);
#748=VECTOR('',#4866,10.);
#749=VECTOR('',#4869,10.);
#750=VECTOR('',#4872,10.);
#751=VECTOR('',#4875,10.);
#752=VECTOR('',#4878,1.6);
#753=VECTOR('',#4881,1.6);
#754=VECTOR('',#4884,1.6);
#755=VECTOR('',#4887,1.6);
#756=VECTOR('',#4890,10.);
#757=VECTOR('',#4897,11.5);
#758=VECTOR('',#4904,10.);
#759=VECTOR('',#4907,10.);
#760=VECTOR('',#4910,10.);
#761=VECTOR('',#4913,10.);
#762=VECTOR('',#4916,10.);
#763=VECTOR('',#4919,10.);
#764=VECTOR('',#4922,10.);
#765=VECTOR('',#4923,10.);
#766=VECTOR('',#4926,10.);
#767=VECTOR('',#4931,10.);
#768=VECTOR('',#4932,10.);
#769=VECTOR('',#4935,10.);
#770=VECTOR('',#4940,10.);
#771=VECTOR('',#4941,10.);
#772=VECTOR('',#4954,10.);
#773=VECTOR('',#4955,10.);
#774=VECTOR('',#4956,10.);
#775=VECTOR('',#4957,10.);
#776=VECTOR('',#4958,10.);
#777=VECTOR('',#4963,10.);
#778=VECTOR('',#4966,10.);
#779=VECTOR('',#4967,10.);
#780=VECTOR('',#4972,10.);
#781=VECTOR('',#4975,10.);
#782=VECTOR('',#4976,10.);
#783=CYLINDRICAL_SURFACE('',#3572,7.74999999999999);
#784=CYLINDRICAL_SURFACE('',#3593,7.74999999999999);
#785=CYLINDRICAL_SURFACE('',#3611,5.);
#786=CYLINDRICAL_SURFACE('',#3614,5.);
#787=CYLINDRICAL_SURFACE('',#3618,5.);
#788=CYLINDRICAL_SURFACE('',#3622,5.);
#789=CYLINDRICAL_SURFACE('',#3626,5.);
#790=CYLINDRICAL_SURFACE('',#3631,39.9999999999999);
#791=CYLINDRICAL_SURFACE('',#3658,5.);
#792=CYLINDRICAL_SURFACE('',#3660,5.);
#793=CYLINDRICAL_SURFACE('',#3663,5.);
#794=CYLINDRICAL_SURFACE('',#3666,5.);
#795=CYLINDRICAL_SURFACE('',#3669,5.);
#796=CYLINDRICAL_SURFACE('',#3673,5.);
#797=CYLINDRICAL_SURFACE('',#3675,5.);
#798=CYLINDRICAL_SURFACE('',#3678,5.);
#799=CYLINDRICAL_SURFACE('',#3681,5.);
#800=CYLINDRICAL_SURFACE('',#3684,5.);
#801=CYLINDRICAL_SURFACE('',#3688,39.9999999999999);
#802=CYLINDRICAL_SURFACE('',#3690,5.);
#803=CYLINDRICAL_SURFACE('',#3693,5.);
#804=CYLINDRICAL_SURFACE('',#3696,5.);
#805=CYLINDRICAL_SURFACE('',#3699,5.);
#806=CYLINDRICAL_SURFACE('',#3731,5.);
#807=CYLINDRICAL_SURFACE('',#3741,7.74999999999999);
#808=CYLINDRICAL_SURFACE('',#3779,7.74999999999999);
#809=CYLINDRICAL_SURFACE('',#3783,2.);
#810=CYLINDRICAL_SURFACE('',#3786,1.99999999999998);
#811=CYLINDRICAL_SURFACE('',#3789,1.99999999999998);
#812=CYLINDRICAL_SURFACE('',#3793,2.);
#813=CYLINDRICAL_SURFACE('',#3795,1.99999999999999);
#814=CYLINDRICAL_SURFACE('',#3798,1.99999999999998);
#815=CYLINDRICAL_SURFACE('',#3801,1.99999999999998);
#816=CYLINDRICAL_SURFACE('',#3805,2.);
#817=CYLINDRICAL_SURFACE('',#3807,1.99999999999999);
#818=CYLINDRICAL_SURFACE('',#3810,1.99999999999998);
#819=CYLINDRICAL_SURFACE('',#3813,1.99999999999998);
#820=CYLINDRICAL_SURFACE('',#3817,2.);
#821=CYLINDRICAL_SURFACE('',#3819,1.99999999999999);
#822=CYLINDRICAL_SURFACE('',#3822,1.99999999999998);
#823=CYLINDRICAL_SURFACE('',#3825,1.99999999999998);
#824=CYLINDRICAL_SURFACE('',#3829,2.);
#825=CYLINDRICAL_SURFACE('',#3831,1.99999999999999);
#826=CYLINDRICAL_SURFACE('',#3834,1.99999999999998);
#827=CYLINDRICAL_SURFACE('',#3837,1.99999999999998);
#828=CYLINDRICAL_SURFACE('',#3841,2.);
#829=CYLINDRICAL_SURFACE('',#3843,1.99999999999999);
#830=CYLINDRICAL_SURFACE('',#3846,1.99999999999998);
#831=CYLINDRICAL_SURFACE('',#3849,1.99999999999998);
#832=CYLINDRICAL_SURFACE('',#3853,2.);
#833=CYLINDRICAL_SURFACE('',#3854,4.);
#834=CYLINDRICAL_SURFACE('',#3855,64.9999999999999);
#835=CYLINDRICAL_SURFACE('',#3856,4.);
#836=CYLINDRICAL_SURFACE('',#3866,20.);
#837=CYLINDRICAL_SURFACE('',#3875,4.);
#838=CYLINDRICAL_SURFACE('',#3876,65.);
#839=CYLINDRICAL_SURFACE('',#3877,4.);
#840=CYLINDRICAL_SURFACE('',#3879,4.);
#841=CYLINDRICAL_SURFACE('',#3881,4.);
#842=CYLINDRICAL_SURFACE('',#3883,4.);
#843=CYLINDRICAL_SURFACE('',#3884,65.);
#844=CYLINDRICAL_SURFACE('',#3885,4.);
#845=CYLINDRICAL_SURFACE('',#3887,4.);
#846=CYLINDRICAL_SURFACE('',#3889,4.);
#847=CYLINDRICAL_SURFACE('',#3891,4.);
#848=CYLINDRICAL_SURFACE('',#3892,65.);
#849=CYLINDRICAL_SURFACE('',#3893,4.);
#850=CYLINDRICAL_SURFACE('',#3896,1.6);
#851=CYLINDRICAL_SURFACE('',#3897,1.6);
#852=CYLINDRICAL_SURFACE('',#3898,1.6);
#853=CYLINDRICAL_SURFACE('',#3899,1.6);
#854=CYLINDRICAL_SURFACE('',#3900,40.);
#855=CYLINDRICAL_SURFACE('',#3902,39.9999999999999);
#856=CYLINDRICAL_SURFACE('',#3903,11.5);
#857=CYLINDRICAL_SURFACE('',#3904,4.);
#858=CYLINDRICAL_SURFACE('',#3905,20.);
#859=CYLINDRICAL_SURFACE('',#3906,20.);
#860=CYLINDRICAL_SURFACE('',#3907,4.);
#861=CYLINDRICAL_SURFACE('',#3908,20.);
#862=CYLINDRICAL_SURFACE('',#3910,4.);
#863=CYLINDRICAL_SURFACE('',#3912,4.);
#864=CYLINDRICAL_SURFACE('',#3913,1.99999999999999);
#865=CYLINDRICAL_SURFACE('',#3916,1.99999999999998);
#866=CYLINDRICAL_SURFACE('',#3919,1.99999999999998);
#867=CYLINDRICAL_SURFACE('',#3923,2.);
#868=CYLINDRICAL_SURFACE('',#3925,1.99999999999999);
#869=CYLINDRICAL_SURFACE('',#3928,1.99999999999998);
#870=CYLINDRICAL_SURFACE('',#3931,1.99999999999998);
#871=CYLINDRICAL_SURFACE('',#3935,2.);
#872=FACE_OUTER_BOUND('',#1060,.T.);
#873=FACE_OUTER_BOUND('',#1061,.T.);
#874=FACE_OUTER_BOUND('',#1062,.T.);
#875=FACE_OUTER_BOUND('',#1066,.T.);
#876=FACE_OUTER_BOUND('',#1067,.T.);
#877=FACE_OUTER_BOUND('',#1068,.T.);
#878=FACE_OUTER_BOUND('',#1072,.T.);
#879=FACE_OUTER_BOUND('',#1073,.T.);
#880=FACE_OUTER_BOUND('',#1074,.T.);
#881=FACE_OUTER_BOUND('',#1075,.T.);
#882=FACE_OUTER_BOUND('',#1076,.T.);
#883=FACE_OUTER_BOUND('',#1077,.T.);
#884=FACE_OUTER_BOUND('',#1078,.T.);
#885=FACE_OUTER_BOUND('',#1079,.T.);
#886=FACE_OUTER_BOUND('',#1080,.T.);
#887=FACE_OUTER_BOUND('',#1081,.T.);
#888=FACE_OUTER_BOUND('',#1082,.T.);
#889=FACE_OUTER_BOUND('',#1083,.T.);
#890=FACE_OUTER_BOUND('',#1084,.T.);
#891=FACE_OUTER_BOUND('',#1090,.T.);
#892=FACE_OUTER_BOUND('',#1091,.T.);
#893=FACE_OUTER_BOUND('',#1092,.T.);
#894=FACE_OUTER_BOUND('',#1093,.T.);
#895=FACE_OUTER_BOUND('',#1094,.T.);
#896=FACE_OUTER_BOUND('',#1095,.T.);
#897=FACE_OUTER_BOUND('',#1096,.T.);
#898=FACE_OUTER_BOUND('',#1097,.T.);
#899=FACE_OUTER_BOUND('',#1098,.T.);
#900=FACE_OUTER_BOUND('',#1099,.T.);
#901=FACE_OUTER_BOUND('',#1100,.T.);
#902=FACE_OUTER_BOUND('',#1101,.T.);
#903=FACE_OUTER_BOUND('',#1102,.T.);
#904=FACE_OUTER_BOUND('',#1103,.T.);
#905=FACE_OUTER_BOUND('',#1104,.T.);
#906=FACE_OUTER_BOUND('',#1105,.T.);
#907=FACE_OUTER_BOUND('',#1106,.T.);
#908=FACE_OUTER_BOUND('',#1107,.T.);
#909=FACE_OUTER_BOUND('',#1108,.T.);
#910=FACE_OUTER_BOUND('',#1109,.T.);
#911=FACE_OUTER_BOUND('',#1110,.T.);
#912=FACE_OUTER_BOUND('',#1111,.T.);
#913=FACE_OUTER_BOUND('',#1112,.T.);
#914=FACE_OUTER_BOUND('',#1113,.T.);
#915=FACE_OUTER_BOUND('',#1114,.T.);
#916=FACE_OUTER_BOUND('',#1115,.T.);
#917=FACE_OUTER_BOUND('',#1116,.T.);
#918=FACE_OUTER_BOUND('',#1117,.T.);
#919=FACE_OUTER_BOUND('',#1118,.T.);
#920=FACE_OUTER_BOUND('',#1119,.T.);
#921=FACE_OUTER_BOUND('',#1129,.T.);
#922=FACE_OUTER_BOUND('',#1130,.T.);
#923=FACE_OUTER_BOUND('',#1131,.T.);
#924=FACE_OUTER_BOUND('',#1132,.T.);
#925=FACE_OUTER_BOUND('',#1133,.T.);
#926=FACE_OUTER_BOUND('',#1134,.T.);
#927=FACE_OUTER_BOUND('',#1135,.T.);
#928=FACE_OUTER_BOUND('',#1136,.T.);
#929=FACE_OUTER_BOUND('',#1137,.T.);
#930=FACE_OUTER_BOUND('',#1141,.T.);
#931=FACE_OUTER_BOUND('',#1142,.T.);
#932=FACE_OUTER_BOUND('',#1143,.T.);
#933=FACE_OUTER_BOUND('',#1147,.T.);
#934=FACE_OUTER_BOUND('',#1148,.T.);
#935=FACE_OUTER_BOUND('',#1149,.T.);
#936=FACE_OUTER_BOUND('',#1150,.T.);
#937=FACE_OUTER_BOUND('',#1151,.T.);
#938=FACE_OUTER_BOUND('',#1152,.T.);
#939=FACE_OUTER_BOUND('',#1153,.T.);
#940=FACE_OUTER_BOUND('',#1154,.T.);
#941=FACE_OUTER_BOUND('',#1155,.T.);
#942=FACE_OUTER_BOUND('',#1156,.T.);
#943=FACE_OUTER_BOUND('',#1157,.T.);
#944=FACE_OUTER_BOUND('',#1158,.T.);
#945=FACE_OUTER_BOUND('',#1159,.T.);
#946=FACE_OUTER_BOUND('',#1160,.T.);
#947=FACE_OUTER_BOUND('',#1161,.T.);
#948=FACE_OUTER_BOUND('',#1162,.T.);
#949=FACE_OUTER_BOUND('',#1163,.T.);
#950=FACE_OUTER_BOUND('',#1164,.T.);
#951=FACE_OUTER_BOUND('',#1165,.T.);
#952=FACE_OUTER_BOUND('',#1166,.T.);
#953=FACE_OUTER_BOUND('',#1167,.T.);
#954=FACE_OUTER_BOUND('',#1168,.T.);
#955=FACE_OUTER_BOUND('',#1169,.T.);
#956=FACE_OUTER_BOUND('',#1170,.T.);
#957=FACE_OUTER_BOUND('',#1171,.T.);
#958=FACE_OUTER_BOUND('',#1172,.T.);
#959=FACE_OUTER_BOUND('',#1173,.T.);
#960=FACE_OUTER_BOUND('',#1174,.T.);
#961=FACE_OUTER_BOUND('',#1175,.T.);
#962=FACE_OUTER_BOUND('',#1176,.T.);
#963=FACE_OUTER_BOUND('',#1177,.T.);
#964=FACE_OUTER_BOUND('',#1178,.T.);
#965=FACE_OUTER_BOUND('',#1179,.T.);
#966=FACE_OUTER_BOUND('',#1180,.T.);
#967=FACE_OUTER_BOUND('',#1181,.T.);
#968=FACE_OUTER_BOUND('',#1182,.T.);
#969=FACE_OUTER_BOUND('',#1183,.T.);
#970=FACE_OUTER_BOUND('',#1184,.T.);
#971=FACE_OUTER_BOUND('',#1185,.T.);
#972=FACE_OUTER_BOUND('',#1186,.T.);
#973=FACE_OUTER_BOUND('',#1187,.T.);
#974=FACE_OUTER_BOUND('',#1188,.T.);
#975=FACE_OUTER_BOUND('',#1189,.T.);
#976=FACE_OUTER_BOUND('',#1190,.T.);
#977=FACE_OUTER_BOUND('',#1191,.T.);
#978=FACE_OUTER_BOUND('',#1192,.T.);
#979=FACE_OUTER_BOUND('',#1193,.T.);
#980=FACE_OUTER_BOUND('',#1194,.T.);
#981=FACE_OUTER_BOUND('',#1195,.T.);
#982=FACE_OUTER_BOUND('',#1196,.T.);
#983=FACE_OUTER_BOUND('',#1197,.T.);
#984=FACE_OUTER_BOUND('',#1198,.T.);
#985=FACE_OUTER_BOUND('',#1199,.T.);
#986=FACE_OUTER_BOUND('',#1200,.T.);
#987=FACE_OUTER_BOUND('',#1201,.T.);
#988=FACE_OUTER_BOUND('',#1202,.T.);
#989=FACE_OUTER_BOUND('',#1203,.T.);
#990=FACE_OUTER_BOUND('',#1204,.T.);
#991=FACE_OUTER_BOUND('',#1205,.T.);
#992=FACE_OUTER_BOUND('',#1206,.T.);
#993=FACE_OUTER_BOUND('',#1207,.T.);
#994=FACE_OUTER_BOUND('',#1208,.T.);
#995=FACE_OUTER_BOUND('',#1209,.T.);
#996=FACE_OUTER_BOUND('',#1215,.T.);
#997=FACE_OUTER_BOUND('',#1216,.T.);
#998=FACE_OUTER_BOUND('',#1217,.T.);
#999=FACE_OUTER_BOUND('',#1218,.T.);
#1000=FACE_OUTER_BOUND('',#1219,.T.);
#1001=FACE_OUTER_BOUND('',#1220,.T.);
#1002=FACE_OUTER_BOUND('',#1221,.T.);
#1003=FACE_OUTER_BOUND('',#1222,.T.);
#1004=FACE_OUTER_BOUND('',#1223,.T.);
#1005=FACE_OUTER_BOUND('',#1224,.T.);
#1006=FACE_OUTER_BOUND('',#1225,.T.);
#1007=FACE_OUTER_BOUND('',#1226,.T.);
#1008=FACE_OUTER_BOUND('',#1227,.T.);
#1009=FACE_OUTER_BOUND('',#1228,.T.);
#1010=FACE_OUTER_BOUND('',#1229,.T.);
#1011=FACE_OUTER_BOUND('',#1230,.T.);
#1012=FACE_OUTER_BOUND('',#1231,.T.);
#1013=FACE_OUTER_BOUND('',#1232,.T.);
#1014=FACE_OUTER_BOUND('',#1233,.T.);
#1015=FACE_OUTER_BOUND('',#1234,.T.);
#1016=FACE_OUTER_BOUND('',#1235,.T.);
#1017=FACE_OUTER_BOUND('',#1236,.T.);
#1018=FACE_OUTER_BOUND('',#1237,.T.);
#1019=FACE_OUTER_BOUND('',#1238,.T.);
#1020=FACE_OUTER_BOUND('',#1239,.T.);
#1021=FACE_OUTER_BOUND('',#1240,.T.);
#1022=FACE_OUTER_BOUND('',#1241,.T.);
#1023=FACE_OUTER_BOUND('',#1242,.T.);
#1024=FACE_OUTER_BOUND('',#1243,.T.);
#1025=FACE_OUTER_BOUND('',#1244,.T.);
#1026=FACE_OUTER_BOUND('',#1245,.T.);
#1027=FACE_OUTER_BOUND('',#1246,.T.);
#1028=FACE_OUTER_BOUND('',#1247,.T.);
#1029=FACE_OUTER_BOUND('',#1248,.T.);
#1030=FACE_OUTER_BOUND('',#1249,.T.);
#1031=FACE_OUTER_BOUND('',#1250,.T.);
#1032=FACE_OUTER_BOUND('',#1251,.T.);
#1033=FACE_OUTER_BOUND('',#1252,.T.);
#1034=FACE_OUTER_BOUND('',#1253,.T.);
#1035=FACE_OUTER_BOUND('',#1254,.T.);
#1036=FACE_OUTER_BOUND('',#1255,.T.);
#1037=FACE_OUTER_BOUND('',#1256,.T.);
#1038=FACE_OUTER_BOUND('',#1257,.T.);
#1039=FACE_OUTER_BOUND('',#1258,.T.);
#1040=FACE_OUTER_BOUND('',#1259,.T.);
#1041=FACE_OUTER_BOUND('',#1260,.T.);
#1042=FACE_OUTER_BOUND('',#1261,.T.);
#1043=FACE_OUTER_BOUND('',#1262,.T.);
#1044=FACE_OUTER_BOUND('',#1263,.T.);
#1045=FACE_OUTER_BOUND('',#1264,.T.);
#1046=FACE_OUTER_BOUND('',#1265,.T.);
#1047=FACE_OUTER_BOUND('',#1266,.T.);
#1048=FACE_OUTER_BOUND('',#1267,.T.);
#1049=FACE_OUTER_BOUND('',#1268,.T.);
#1050=FACE_OUTER_BOUND('',#1269,.T.);
#1051=FACE_OUTER_BOUND('',#1270,.T.);
#1052=FACE_OUTER_BOUND('',#1271,.T.);
#1053=FACE_OUTER_BOUND('',#1272,.T.);
#1054=FACE_OUTER_BOUND('',#1273,.T.);
#1055=FACE_OUTER_BOUND('',#1274,.T.);
#1056=FACE_OUTER_BOUND('',#1275,.T.);
#1057=FACE_OUTER_BOUND('',#1276,.T.);
#1058=FACE_OUTER_BOUND('',#1277,.T.);
#1059=FACE_OUTER_BOUND('',#1278,.T.);
#1060=EDGE_LOOP('',(#2328,#2329,#2330,#2331));
#1061=EDGE_LOOP('',(#2332,#2333,#2334,#2335));
#1062=EDGE_LOOP('',(#2336,#2337,#2338,#2339,#2340,#2341,#2342,#2343,#2344,
#2345));
#1063=EDGE_LOOP('',(#2346,#2347,#2348,#2349,#2350,#2351,#2352,#2353));
#1064=EDGE_LOOP('',(#2354,#2355,#2356,#2357,#2358,#2359,#2360,#2361));
#1065=EDGE_LOOP('',(#2362));
#1066=EDGE_LOOP('',(#2363,#2364,#2365,#2366));
#1067=EDGE_LOOP('',(#2367,#2368,#2369,#2370));
#1068=EDGE_LOOP('',(#2371,#2372,#2373,#2374,#2375,#2376,#2377,#2378,#2379,
#2380));
#1069=EDGE_LOOP('',(#2381,#2382,#2383,#2384,#2385,#2386,#2387,#2388));
#1070=EDGE_LOOP('',(#2389,#2390,#2391,#2392,#2393,#2394,#2395,#2396));
#1071=EDGE_LOOP('',(#2397));
#1072=EDGE_LOOP('',(#2398,#2399,#2400,#2401));
#1073=EDGE_LOOP('',(#2402,#2403,#2404,#2405));
#1074=EDGE_LOOP('',(#2406,#2407,#2408,#2409));
#1075=EDGE_LOOP('',(#2410,#2411,#2412,#2413));
#1076=EDGE_LOOP('',(#2414,#2415,#2416,#2417));
#1077=EDGE_LOOP('',(#2418,#2419,#2420,#2421));
#1078=EDGE_LOOP('',(#2422,#2423,#2424,#2425));
#1079=EDGE_LOOP('',(#2426,#2427,#2428,#2429));
#1080=EDGE_LOOP('',(#2430,#2431,#2432,#2433));
#1081=EDGE_LOOP('',(#2434,#2435,#2436,#2437));
#1082=EDGE_LOOP('',(#2438,#2439,#2440,#2441));
#1083=EDGE_LOOP('',(#2442,#2443,#2444,#2445));
#1084=EDGE_LOOP('',(#2446,#2447,#2448,#2449,#2450,#2451,#2452,#2453));
#1085=EDGE_LOOP('',(#2454,#2455,#2456,#2457,#2458,#2459,#2460,#2461));
#1086=EDGE_LOOP('',(#2462,#2463,#2464,#2465,#2466,#2467,#2468,#2469,#2470,
#2471,#2472,#2473));
#1087=EDGE_LOOP('',(#2474,#2475,#2476,#2477,#2478,#2479,#2480,#2481,#2482,
#2483,#2484,#2485));
#1088=EDGE_LOOP('',(#2486,#2487,#2488,#2489,#2490,#2491,#2492,#2493,#2494,
#2495,#2496,#2497));
#1089=EDGE_LOOP('',(#2498,#2499,#2500,#2501,#2502,#2503,#2504,#2505,#2506,
#2507,#2508,#2509));
#1090=EDGE_LOOP('',(#2510,#2511,#2512,#2513));
#1091=EDGE_LOOP('',(#2514,#2515,#2516,#2517));
#1092=EDGE_LOOP('',(#2518,#2519,#2520,#2521));
#1093=EDGE_LOOP('',(#2522,#2523,#2524,#2525));
#1094=EDGE_LOOP('',(#2526,#2527,#2528,#2529));
#1095=EDGE_LOOP('',(#2530,#2531,#2532,#2533));
#1096=EDGE_LOOP('',(#2534,#2535,#2536,#2537));
#1097=EDGE_LOOP('',(#2538,#2539,#2540,#2541));
#1098=EDGE_LOOP('',(#2542,#2543,#2544,#2545));
#1099=EDGE_LOOP('',(#2546,#2547,#2548,#2549));
#1100=EDGE_LOOP('',(#2550,#2551,#2552,#2553));
#1101=EDGE_LOOP('',(#2554,#2555,#2556,#2557));
#1102=EDGE_LOOP('',(#2558,#2559,#2560,#2561));
#1103=EDGE_LOOP('',(#2562,#2563,#2564,#2565));
#1104=EDGE_LOOP('',(#2566,#2567,#2568,#2569));
#1105=EDGE_LOOP('',(#2570,#2571,#2572,#2573));
#1106=EDGE_LOOP('',(#2574,#2575,#2576,#2577));
#1107=EDGE_LOOP('',(#2578,#2579,#2580,#2581));
#1108=EDGE_LOOP('',(#2582,#2583,#2584,#2585));
#1109=EDGE_LOOP('',(#2586,#2587,#2588,#2589));
#1110=EDGE_LOOP('',(#2590,#2591,#2592,#2593));
#1111=EDGE_LOOP('',(#2594,#2595,#2596,#2597));
#1112=EDGE_LOOP('',(#2598,#2599,#2600,#2601));
#1113=EDGE_LOOP('',(#2602,#2603,#2604,#2605));
#1114=EDGE_LOOP('',(#2606,#2607,#2608,#2609));
#1115=EDGE_LOOP('',(#2610,#2611,#2612,#2613));
#1116=EDGE_LOOP('',(#2614,#2615,#2616,#2617));
#1117=EDGE_LOOP('',(#2618,#2619,#2620,#2621));
#1118=EDGE_LOOP('',(#2622,#2623,#2624,#2625));
#1119=EDGE_LOOP('',(#2626,#2627,#2628,#2629,#2630,#2631,#2632,#2633,#2634,
#2635,#2636,#2637,#2638,#2639,#2640,#2641,#2642,#2643,#2644,#2645,#2646,
#2647,#2648,#2649,#2650,#2651,#2652,#2653,#2654,#2655,#2656,#2657));
#1120=EDGE_LOOP('',(#2658,#2659,#2660,#2661,#2662,#2663,#2664,#2665,#2666,
#2667,#2668,#2669));
#1121=EDGE_LOOP('',(#2670,#2671,#2672,#2673,#2674,#2675,#2676,#2677,#2678,
#2679,#2680,#2681));
#1122=EDGE_LOOP('',(#2682,#2683,#2684,#2685,#2686,#2687,#2688,#2689,#2690,
#2691,#2692,#2693));
#1123=EDGE_LOOP('',(#2694,#2695,#2696,#2697,#2698,#2699,#2700,#2701,#2702,
#2703,#2704,#2705));
#1124=EDGE_LOOP('',(#2706));
#1125=EDGE_LOOP('',(#2707));
#1126=EDGE_LOOP('',(#2708));
#1127=EDGE_LOOP('',(#2709));
#1128=EDGE_LOOP('',(#2710));
#1129=EDGE_LOOP('',(#2711,#2712,#2713,#2714));
#1130=EDGE_LOOP('',(#2715,#2716,#2717,#2718));
#1131=EDGE_LOOP('',(#2719,#2720,#2721,#2722));
#1132=EDGE_LOOP('',(#2723,#2724,#2725,#2726));
#1133=EDGE_LOOP('',(#2727));
#1134=EDGE_LOOP('',(#2728));
#1135=EDGE_LOOP('',(#2729,#2730,#2731,#2732,#2733));
#1136=EDGE_LOOP('',(#2734,#2735,#2736,#2737,#2738));
#1137=EDGE_LOOP('',(#2739,#2740,#2741,#2742,#2743,#2744,#2745,#2746,#2747,
#2748));
#1138=EDGE_LOOP('',(#2749,#2750,#2751,#2752,#2753,#2754,#2755,#2756));
#1139=EDGE_LOOP('',(#2757,#2758,#2759,#2760,#2761,#2762,#2763,#2764));
#1140=EDGE_LOOP('',(#2765));
#1141=EDGE_LOOP('',(#2766));
#1142=EDGE_LOOP('',(#2767,#2768,#2769,#2770,#2771));
#1143=EDGE_LOOP('',(#2772,#2773,#2774,#2775,#2776,#2777,#2778,#2779,#2780,
#2781));
#1144=EDGE_LOOP('',(#2782,#2783,#2784,#2785,#2786,#2787,#2788,#2789));
#1145=EDGE_LOOP('',(#2790,#2791,#2792,#2793,#2794,#2795,#2796,#2797));
#1146=EDGE_LOOP('',(#2798));
#1147=EDGE_LOOP('',(#2799,#2800,#2801,#2802,#2803));
#1148=EDGE_LOOP('',(#2804));
#1149=EDGE_LOOP('',(#2805,#2806,#2807,#2808));
#1150=EDGE_LOOP('',(#2809,#2810,#2811,#2812));
#1151=EDGE_LOOP('',(#2813,#2814,#2815,#2816));
#1152=EDGE_LOOP('',(#2817,#2818,#2819,#2820));
#1153=EDGE_LOOP('',(#2821,#2822,#2823,#2824));
#1154=EDGE_LOOP('',(#2825,#2826,#2827,#2828));
#1155=EDGE_LOOP('',(#2829,#2830,#2831,#2832));
#1156=EDGE_LOOP('',(#2833,#2834,#2835,#2836,#2837,#2838,#2839,#2840));
#1157=EDGE_LOOP('',(#2841,#2842,#2843,#2844));
#1158=EDGE_LOOP('',(#2845,#2846,#2847,#2848));
#1159=EDGE_LOOP('',(#2849,#2850,#2851,#2852));
#1160=EDGE_LOOP('',(#2853,#2854,#2855,#2856));
#1161=EDGE_LOOP('',(#2857,#2858,#2859,#2860));
#1162=EDGE_LOOP('',(#2861,#2862,#2863,#2864));
#1163=EDGE_LOOP('',(#2865,#2866,#2867,#2868));
#1164=EDGE_LOOP('',(#2869,#2870,#2871,#2872));
#1165=EDGE_LOOP('',(#2873,#2874,#2875,#2876,#2877,#2878,#2879,#2880));
#1166=EDGE_LOOP('',(#2881,#2882,#2883,#2884));
#1167=EDGE_LOOP('',(#2885,#2886,#2887,#2888));
#1168=EDGE_LOOP('',(#2889,#2890,#2891,#2892));
#1169=EDGE_LOOP('',(#2893,#2894,#2895,#2896));
#1170=EDGE_LOOP('',(#2897,#2898,#2899,#2900));
#1171=EDGE_LOOP('',(#2901,#2902,#2903,#2904));
#1172=EDGE_LOOP('',(#2905,#2906,#2907,#2908));
#1173=EDGE_LOOP('',(#2909,#2910,#2911,#2912));
#1174=EDGE_LOOP('',(#2913,#2914,#2915,#2916,#2917,#2918,#2919,#2920));
#1175=EDGE_LOOP('',(#2921,#2922,#2923,#2924));
#1176=EDGE_LOOP('',(#2925,#2926,#2927,#2928));
#1177=EDGE_LOOP('',(#2929,#2930,#2931,#2932));
#1178=EDGE_LOOP('',(#2933,#2934,#2935,#2936));
#1179=EDGE_LOOP('',(#2937,#2938,#2939,#2940));
#1180=EDGE_LOOP('',(#2941,#2942,#2943,#2944));
#1181=EDGE_LOOP('',(#2945,#2946,#2947,#2948));
#1182=EDGE_LOOP('',(#2949,#2950,#2951,#2952));
#1183=EDGE_LOOP('',(#2953,#2954,#2955,#2956,#2957,#2958,#2959,#2960));
#1184=EDGE_LOOP('',(#2961,#2962,#2963,#2964));
#1185=EDGE_LOOP('',(#2965,#2966,#2967,#2968));
#1186=EDGE_LOOP('',(#2969,#2970,#2971,#2972));
#1187=EDGE_LOOP('',(#2973,#2974,#2975,#2976));
#1188=EDGE_LOOP('',(#2977,#2978,#2979,#2980));
#1189=EDGE_LOOP('',(#2981,#2982,#2983,#2984));
#1190=EDGE_LOOP('',(#2985,#2986,#2987,#2988));
#1191=EDGE_LOOP('',(#2989,#2990,#2991,#2992));
#1192=EDGE_LOOP('',(#2993,#2994,#2995,#2996,#2997,#2998,#2999,#3000));
#1193=EDGE_LOOP('',(#3001,#3002,#3003,#3004));
#1194=EDGE_LOOP('',(#3005,#3006,#3007,#3008));
#1195=EDGE_LOOP('',(#3009,#3010,#3011,#3012));
#1196=EDGE_LOOP('',(#3013,#3014,#3015,#3016));
#1197=EDGE_LOOP('',(#3017,#3018,#3019,#3020));
#1198=EDGE_LOOP('',(#3021,#3022,#3023,#3024));
#1199=EDGE_LOOP('',(#3025,#3026,#3027,#3028));
#1200=EDGE_LOOP('',(#3029,#3030,#3031,#3032));
#1201=EDGE_LOOP('',(#3033,#3034,#3035,#3036,#3037,#3038,#3039,#3040));
#1202=EDGE_LOOP('',(#3041,#3042,#3043,#3044));
#1203=EDGE_LOOP('',(#3045,#3046,#3047,#3048));
#1204=EDGE_LOOP('',(#3049,#3050,#3051,#3052));
#1205=EDGE_LOOP('',(#3053,#3054,#3055,#3056));
#1206=EDGE_LOOP('',(#3057,#3058,#3059,#3060));
#1207=EDGE_LOOP('',(#3061,#3062,#3063,#3064,#3065,#3066,#3067,#3068));
#1208=EDGE_LOOP('',(#3069,#3070,#3071,#3072));
#1209=EDGE_LOOP('',(#3073,#3074,#3075,#3076,#3077,#3078,#3079,#3080));
#1210=EDGE_LOOP('',(#3081));
#1211=EDGE_LOOP('',(#3082));
#1212=EDGE_LOOP('',(#3083));
#1213=EDGE_LOOP('',(#3084));
#1214=EDGE_LOOP('',(#3085));
#1215=EDGE_LOOP('',(#3086,#3087,#3088,#3089));
#1216=EDGE_LOOP('',(#3090,#3091,#3092,#3093));
#1217=EDGE_LOOP('',(#3094,#3095,#3096,#3097));
#1218=EDGE_LOOP('',(#3098,#3099,#3100,#3101));
#1219=EDGE_LOOP('',(#3102,#3103,#3104,#3105));
#1220=EDGE_LOOP('',(#3106,#3107,#3108,#3109));
#1221=EDGE_LOOP('',(#3110,#3111,#3112,#3113));
#1222=EDGE_LOOP('',(#3114,#3115,#3116,#3117));
#1223=EDGE_LOOP('',(#3118,#3119,#3120,#3121));
#1224=EDGE_LOOP('',(#3122,#3123,#3124,#3125));
#1225=EDGE_LOOP('',(#3126,#3127,#3128,#3129));
#1226=EDGE_LOOP('',(#3130,#3131,#3132,#3133));
#1227=EDGE_LOOP('',(#3134,#3135,#3136,#3137));
#1228=EDGE_LOOP('',(#3138,#3139,#3140,#3141));
#1229=EDGE_LOOP('',(#3142,#3143,#3144,#3145,#3146,#3147,#3148,#3149));
#1230=EDGE_LOOP('',(#3150,#3151,#3152,#3153));
#1231=EDGE_LOOP('',(#3154,#3155,#3156,#3157));
#1232=EDGE_LOOP('',(#3158,#3159,#3160,#3161));
#1233=EDGE_LOOP('',(#3162,#3163,#3164,#3165));
#1234=EDGE_LOOP('',(#3166,#3167,#3168,#3169));
#1235=EDGE_LOOP('',(#3170,#3171,#3172,#3173));
#1236=EDGE_LOOP('',(#3174,#3175,#3176,#3177));
#1237=EDGE_LOOP('',(#3178,#3179,#3180,#3181,#3182,#3183,#3184,#3185));
#1238=EDGE_LOOP('',(#3186,#3187,#3188,#3189));
#1239=EDGE_LOOP('',(#3190,#3191,#3192,#3193));
#1240=EDGE_LOOP('',(#3194,#3195,#3196,#3197));
#1241=EDGE_LOOP('',(#3198,#3199,#3200,#3201));
#1242=EDGE_LOOP('',(#3202,#3203,#3204,#3205));
#1243=EDGE_LOOP('',(#3206,#3207,#3208,#3209));
#1244=EDGE_LOOP('',(#3210,#3211,#3212,#3213));
#1245=EDGE_LOOP('',(#3214,#3215,#3216,#3217));
#1246=EDGE_LOOP('',(#3218,#3219,#3220,#3221));
#1247=EDGE_LOOP('',(#3222,#3223,#3224,#3225));
#1248=EDGE_LOOP('',(#3226,#3227,#3228,#3229));
#1249=EDGE_LOOP('',(#3230,#3231,#3232,#3233));
#1250=EDGE_LOOP('',(#3234,#3235,#3236,#3237));
#1251=EDGE_LOOP('',(#3238,#3239,#3240,#3241));
#1252=EDGE_LOOP('',(#3242,#3243,#3244,#3245));
#1253=EDGE_LOOP('',(#3246,#3247,#3248,#3249));
#1254=EDGE_LOOP('',(#3250,#3251,#3252,#3253));
#1255=EDGE_LOOP('',(#3254,#3255,#3256,#3257));
#1256=EDGE_LOOP('',(#3258,#3259,#3260,#3261));
#1257=EDGE_LOOP('',(#3262,#3263,#3264,#3265));
#1258=EDGE_LOOP('',(#3266,#3267,#3268,#3269,#3270,#3271,#3272,#3273));
#1259=EDGE_LOOP('',(#3274,#3275,#3276,#3277));
#1260=EDGE_LOOP('',(#3278,#3279,#3280,#3281));
#1261=EDGE_LOOP('',(#3282,#3283,#3284,#3285));
#1262=EDGE_LOOP('',(#3286,#3287,#3288,#3289));
#1263=EDGE_LOOP('',(#3290,#3291,#3292,#3293));
#1264=EDGE_LOOP('',(#3294,#3295,#3296,#3297));
#1265=EDGE_LOOP('',(#3298,#3299,#3300,#3301));
#1266=EDGE_LOOP('',(#3302,#3303,#3304,#3305));
#1267=EDGE_LOOP('',(#3306,#3307,#3308,#3309));
#1268=EDGE_LOOP('',(#3310,#3311,#3312,#3313,#3314,#3315,#3316,#3317));
#1269=EDGE_LOOP('',(#3318,#3319,#3320,#3321));
#1270=EDGE_LOOP('',(#3322,#3323,#3324,#3325));
#1271=EDGE_LOOP('',(#3326,#3327,#3328,#3329));
#1272=EDGE_LOOP('',(#3330,#3331,#3332,#3333));
#1273=EDGE_LOOP('',(#3334,#3335,#3336,#3337));
#1274=EDGE_LOOP('',(#3338,#3339,#3340,#3341));
#1275=EDGE_LOOP('',(#3342,#3343,#3344,#3345));
#1276=EDGE_LOOP('',(#3346,#3347,#3348,#3349));
#1277=EDGE_LOOP('',(#3350,#3351,#3352,#3353,#3354,#3355,#3356,#3357));
#1278=EDGE_LOOP('',(#3358,#3359,#3360,#3361));
#1279=CIRCLE('',#3569,7.74999999999999);
#1280=CIRCLE('',#3570,1.);
#1281=CIRCLE('',#3571,8.74999999999999);
#1282=CIRCLE('',#3573,7.74999999999999);
#1283=CIRCLE('',#3575,4.);
#1284=CIRCLE('',#3576,65.);
#1285=CIRCLE('',#3577,4.);
#1286=CIRCLE('',#3578,4.);
#1287=CIRCLE('',#3579,20.);
#1288=CIRCLE('',#3580,4.);
#1289=CIRCLE('',#3581,2.);
#1290=CIRCLE('',#3582,1.99999999999999);
#1291=CIRCLE('',#3583,1.99999999999998);
#1292=CIRCLE('',#3584,1.99999999999998);
#1293=CIRCLE('',#3585,2.);
#1294=CIRCLE('',#3586,1.99999999999998);
#1295=CIRCLE('',#3587,1.99999999999998);
#1296=CIRCLE('',#3588,1.99999999999999);
#1297=CIRCLE('',#3590,7.74999999999999);
#1298=CIRCLE('',#3591,1.);
#1299=CIRCLE('',#3592,8.74999999999999);
#1300=CIRCLE('',#3594,7.74999999999999);
#1301=CIRCLE('',#3596,4.);
#1302=CIRCLE('',#3597,4.);
#1303=CIRCLE('',#3598,20.);
#1304=CIRCLE('',#3599,4.);
#1305=CIRCLE('',#3600,4.);
#1306=CIRCLE('',#3601,65.);
#1307=CIRCLE('',#3602,2.);
#1308=CIRCLE('',#3603,1.99999999999998);
#1309=CIRCLE('',#3604,1.99999999999998);
#1310=CIRCLE('',#3605,1.99999999999999);
#1311=CIRCLE('',#3606,1.99999999999998);
#1312=CIRCLE('',#3607,2.);
#1313=CIRCLE('',#3608,2.);
#1314=CIRCLE('',#3609,1.99999999999998);
#1315=CIRCLE('',#3612,5.);
#1316=CIRCLE('',#3613,5.);
#1317=CIRCLE('',#3615,5.);
#1318=CIRCLE('',#3616,5.);
#1319=CIRCLE('',#3619,5.);
#1320=CIRCLE('',#3620,5.);
#1321=CIRCLE('',#3623,5.);
#1322=CIRCLE('',#3624,5.);
#1323=CIRCLE('',#3627,5.);
#1324=CIRCLE('',#3628,5.);
#1325=CIRCLE('',#3632,39.9999999999999);
#1326=CIRCLE('',#3633,39.9999999999999);
#1327=CIRCLE('',#3635,20.);
#1328=CIRCLE('',#3636,20.);
#1329=CIRCLE('',#3637,20.);
#1330=CIRCLE('',#3638,20.);
#1331=CIRCLE('',#3639,5.);
#1332=CIRCLE('',#3640,5.);
#1333=CIRCLE('',#3641,5.);
#1334=CIRCLE('',#3642,5.);
#1335=CIRCLE('',#3643,5.);
#1336=CIRCLE('',#3644,40.);
#1337=CIRCLE('',#3645,39.9999999999999);
#1338=CIRCLE('',#3646,5.);
#1339=CIRCLE('',#3647,5.);
#1340=CIRCLE('',#3648,5.);
#1341=CIRCLE('',#3649,5.);
#1342=CIRCLE('',#3650,5.);
#1343=CIRCLE('',#3651,5.);
#1344=CIRCLE('',#3652,5.);
#1345=CIRCLE('',#3653,5.);
#1346=CIRCLE('',#3654,39.9999999999999);
#1347=CIRCLE('',#3655,5.);
#1348=CIRCLE('',#3656,5.);
#1349=CIRCLE('',#3659,5.);
#1350=CIRCLE('',#3661,5.);
#1351=CIRCLE('',#3664,5.);
#1352=CIRCLE('',#3667,5.);
#1353=CIRCLE('',#3670,5.);
#1354=CIRCLE('',#3674,5.);
#1355=CIRCLE('',#3676,5.);
#1356=CIRCLE('',#3679,5.);
#1357=CIRCLE('',#3682,5.);
#1358=CIRCLE('',#3685,5.);
#1359=CIRCLE('',#3689,39.9999999999999);
#1360=CIRCLE('',#3691,5.);
#1361=CIRCLE('',#3694,5.);
#1362=CIRCLE('',#3697,5.);
#1363=CIRCLE('',#3700,5.);
#1364=CIRCLE('',#3702,4.);
#1365=CIRCLE('',#3703,4.);
#1366=CIRCLE('',#3704,4.);
#1367=CIRCLE('',#3705,4.);
#1368=CIRCLE('',#3706,65.);
#1369=CIRCLE('',#3707,4.);
#1370=CIRCLE('',#3708,4.);
#1371=CIRCLE('',#3709,4.);
#1372=CIRCLE('',#3710,4.);
#1373=CIRCLE('',#3711,65.);
#1374=CIRCLE('',#3712,4.);
#1375=CIRCLE('',#3713,4.);
#1376=CIRCLE('',#3714,4.);
#1377=CIRCLE('',#3715,4.);
#1378=CIRCLE('',#3716,65.);
#1379=CIRCLE('',#3717,4.);
#1380=CIRCLE('',#3718,4.);
#1381=CIRCLE('',#3719,4.);
#1382=CIRCLE('',#3720,4.);
#1383=CIRCLE('',#3721,64.9999999999999);
#1384=CIRCLE('',#3722,40.);
#1385=CIRCLE('',#3723,5.);
#1386=CIRCLE('',#3724,39.9999999999999);
#1387=CIRCLE('',#3725,1.6);
#1388=CIRCLE('',#3726,1.6);
#1389=CIRCLE('',#3727,1.6);
#1390=CIRCLE('',#3728,1.6);
#1391=CIRCLE('',#3729,11.5);
#1392=CIRCLE('',#3737,7.74999999999999);
#1393=CIRCLE('',#3738,1.);
#1394=CIRCLE('',#3739,8.74999999999999);
#1395=CIRCLE('',#3740,7.74999999999999);
#1396=CIRCLE('',#3742,7.74999999999999);
#1397=CIRCLE('',#3744,4.);
#1398=CIRCLE('',#3745,64.9999999999999);
#1399=CIRCLE('',#3746,4.);
#1400=CIRCLE('',#3747,4.);
#1401=CIRCLE('',#3748,20.);
#1402=CIRCLE('',#3749,4.);
#1403=CIRCLE('',#3750,2.);
#1404=CIRCLE('',#3751,1.99999999999999);
#1405=CIRCLE('',#3752,1.99999999999998);
#1406=CIRCLE('',#3753,1.99999999999998);
#1407=CIRCLE('',#3754,1.99999999999998);
#1408=CIRCLE('',#3755,1.99999999999998);
#1409=CIRCLE('',#3756,1.99999999999999);
#1410=CIRCLE('',#3757,2.);
#1411=CIRCLE('',#3760,7.74999999999999);
#1412=CIRCLE('',#3761,1.);
#1413=CIRCLE('',#3762,8.74999999999999);
#1414=CIRCLE('',#3763,7.74999999999999);
#1415=CIRCLE('',#3765,4.);
#1416=CIRCLE('',#3766,4.);
#1417=CIRCLE('',#3767,20.);
#1418=CIRCLE('',#3768,4.);
#1419=CIRCLE('',#3769,4.);
#1420=CIRCLE('',#3770,65.);
#1421=CIRCLE('',#3771,2.);
#1422=CIRCLE('',#3772,1.99999999999998);
#1423=CIRCLE('',#3773,1.99999999999998);
#1424=CIRCLE('',#3774,1.99999999999999);
#1425=CIRCLE('',#3775,2.);
#1426=CIRCLE('',#3776,1.99999999999999);
#1427=CIRCLE('',#3777,1.99999999999998);
#1428=CIRCLE('',#3778,1.99999999999998);
#1429=CIRCLE('',#3780,7.74999999999999);
#1430=CIRCLE('',#3784,2.);
#1431=CIRCLE('',#3787,1.99999999999998);
#1432=CIRCLE('',#3790,1.99999999999998);
#1433=CIRCLE('',#3792,2.);
#1434=CIRCLE('',#3796,1.99999999999999);
#1435=CIRCLE('',#3799,1.99999999999998);
#1436=CIRCLE('',#3802,1.99999999999998);
#1437=CIRCLE('',#3804,2.);
#1438=CIRCLE('',#3808,1.99999999999999);
#1439=CIRCLE('',#3811,1.99999999999998);
#1440=CIRCLE('',#3814,1.99999999999998);
#1441=CIRCLE('',#3816,2.);
#1442=CIRCLE('',#3820,1.99999999999999);
#1443=CIRCLE('',#3823,1.99999999999998);
#1444=CIRCLE('',#3826,1.99999999999998);
#1445=CIRCLE('',#3828,2.);
#1446=CIRCLE('',#3832,1.99999999999999);
#1447=CIRCLE('',#3835,1.99999999999998);
#1448=CIRCLE('',#3838,1.99999999999998);
#1449=CIRCLE('',#3840,2.);
#1450=CIRCLE('',#3844,1.99999999999999);
#1451=CIRCLE('',#3847,1.99999999999998);
#1452=CIRCLE('',#3850,1.99999999999998);
#1453=CIRCLE('',#3852,2.);
#1454=CIRCLE('',#3861,11.5);
#1455=CIRCLE('',#3862,1.6);
#1456=CIRCLE('',#3863,1.6);
#1457=CIRCLE('',#3864,1.6);
#1458=CIRCLE('',#3865,1.6);
#1459=CIRCLE('',#3914,1.99999999999999);
#1460=CIRCLE('',#3917,1.99999999999998);
#1461=CIRCLE('',#3920,1.99999999999998);
#1462=CIRCLE('',#3922,2.);
#1463=CIRCLE('',#3926,1.99999999999999);
#1464=CIRCLE('',#3929,1.99999999999998);
#1465=CIRCLE('',#3932,1.99999999999998);
#1466=CIRCLE('',#3934,2.);
#1467=VERTEX_POINT('',#4989);
#1468=VERTEX_POINT('',#4991);
#1469=VERTEX_POINT('',#4995);
#1470=VERTEX_POINT('',#4999);
#1471=VERTEX_POINT('',#5000);
#1472=VERTEX_POINT('',#5002);
#1473=VERTEX_POINT('',#5004);
#1474=VERTEX_POINT('',#5006);
#1475=VERTEX_POINT('',#5008);
#1476=VERTEX_POINT('',#5010);
#1477=VERTEX_POINT('',#5012);
#1478=VERTEX_POINT('',#5014);
#1479=VERTEX_POINT('',#5016);
#1480=VERTEX_POINT('',#5019);
#1481=VERTEX_POINT('',#5020);
#1482=VERTEX_POINT('',#5022);
#1483=VERTEX_POINT('',#5024);
#1484=VERTEX_POINT('',#5036);
#1485=VERTEX_POINT('',#5038);
#1486=VERTEX_POINT('',#5040);
#1487=VERTEX_POINT('',#5042);
#1488=VERTEX_POINT('',#5045);
#1489=VERTEX_POINT('',#5046);
#1490=VERTEX_POINT('',#5058);
#1491=VERTEX_POINT('',#5060);
#1492=VERTEX_POINT('',#5062);
#1493=VERTEX_POINT('',#5064);
#1494=VERTEX_POINT('',#5066);
#1495=VERTEX_POINT('',#5068);
#1496=VERTEX_POINT('',#5072);
#1497=VERTEX_POINT('',#5074);
#1498=VERTEX_POINT('',#5078);
#1499=VERTEX_POINT('',#5082);
#1500=VERTEX_POINT('',#5083);
#1501=VERTEX_POINT('',#5085);
#1502=VERTEX_POINT('',#5087);
#1503=VERTEX_POINT('',#5089);
#1504=VERTEX_POINT('',#5091);
#1505=VERTEX_POINT('',#5093);
#1506=VERTEX_POINT('',#5095);
#1507=VERTEX_POINT('',#5097);
#1508=VERTEX_POINT('',#5099);
#1509=VERTEX_POINT('',#5102);
#1510=VERTEX_POINT('',#5103);
#1511=VERTEX_POINT('',#5115);
#1512=VERTEX_POINT('',#5117);
#1513=VERTEX_POINT('',#5119);
#1514=VERTEX_POINT('',#5121);
#1515=VERTEX_POINT('',#5123);
#1516=VERTEX_POINT('',#5125);
#1517=VERTEX_POINT('',#5128);
#1518=VERTEX_POINT('',#5129);
#1519=VERTEX_POINT('',#5131);
#1520=VERTEX_POINT('',#5133);
#1521=VERTEX_POINT('',#5135);
#1522=VERTEX_POINT('',#5137);
#1523=VERTEX_POINT('',#5149);
#1524=VERTEX_POINT('',#5151);
#1525=VERTEX_POINT('',#5155);
#1526=VERTEX_POINT('',#5156);
#1527=VERTEX_POINT('',#5158);
#1528=VERTEX_POINT('',#5160);
#1529=VERTEX_POINT('',#5164);
#1530=VERTEX_POINT('',#5166);
#1531=VERTEX_POINT('',#5170);
#1532=VERTEX_POINT('',#5171);
#1533=VERTEX_POINT('',#5173);
#1534=VERTEX_POINT('',#5175);
#1535=VERTEX_POINT('',#5179);
#1536=VERTEX_POINT('',#5181);
#1537=VERTEX_POINT('',#5185);
#1538=VERTEX_POINT('',#5187);
#1539=VERTEX_POINT('',#5191);
#1540=VERTEX_POINT('',#5193);
#1541=VERTEX_POINT('',#5197);
#1542=VERTEX_POINT('',#5199);
#1543=VERTEX_POINT('',#5203);
#1544=VERTEX_POINT('',#5205);
#1545=VERTEX_POINT('',#5209);
#1546=VERTEX_POINT('',#5211);
#1547=VERTEX_POINT('',#5218);
#1548=VERTEX_POINT('',#5220);
#1549=VERTEX_POINT('',#5227);
#1550=VERTEX_POINT('',#5228);
#1551=VERTEX_POINT('',#5230);
#1552=VERTEX_POINT('',#5232);
#1553=VERTEX_POINT('',#5234);
#1554=VERTEX_POINT('',#5236);
#1555=VERTEX_POINT('',#5238);
#1556=VERTEX_POINT('',#5240);
#1557=VERTEX_POINT('',#5243);
#1558=VERTEX_POINT('',#5244);
#1559=VERTEX_POINT('',#5246);
#1560=VERTEX_POINT('',#5248);
#1561=VERTEX_POINT('',#5250);
#1562=VERTEX_POINT('',#5252);
#1563=VERTEX_POINT('',#5254);
#1564=VERTEX_POINT('',#5256);
#1565=VERTEX_POINT('',#5259);
#1566=VERTEX_POINT('',#5260);
#1567=VERTEX_POINT('',#5262);
#1568=VERTEX_POINT('',#5264);
#1569=VERTEX_POINT('',#5266);
#1570=VERTEX_POINT('',#5268);
#1571=VERTEX_POINT('',#5270);
#1572=VERTEX_POINT('',#5272);
#1573=VERTEX_POINT('',#5274);
#1574=VERTEX_POINT('',#5276);
#1575=VERTEX_POINT('',#5278);
#1576=VERTEX_POINT('',#5280);
#1577=VERTEX_POINT('',#5283);
#1578=VERTEX_POINT('',#5284);
#1579=VERTEX_POINT('',#5286);
#1580=VERTEX_POINT('',#5288);
#1581=VERTEX_POINT('',#5290);
#1582=VERTEX_POINT('',#5292);
#1583=VERTEX_POINT('',#5294);
#1584=VERTEX_POINT('',#5296);
#1585=VERTEX_POINT('',#5298);
#1586=VERTEX_POINT('',#5300);
#1587=VERTEX_POINT('',#5302);
#1588=VERTEX_POINT('',#5304);
#1589=VERTEX_POINT('',#5307);
#1590=VERTEX_POINT('',#5308);
#1591=VERTEX_POINT('',#5310);
#1592=VERTEX_POINT('',#5312);
#1593=VERTEX_POINT('',#5314);
#1594=VERTEX_POINT('',#5316);
#1595=VERTEX_POINT('',#5318);
#1596=VERTEX_POINT('',#5320);
#1597=VERTEX_POINT('',#5322);
#1598=VERTEX_POINT('',#5324);
#1599=VERTEX_POINT('',#5326);
#1600=VERTEX_POINT('',#5328);
#1601=VERTEX_POINT('',#5332);
#1602=VERTEX_POINT('',#5334);
#1603=VERTEX_POINT('',#5338);
#1604=VERTEX_POINT('',#5342);
#1605=VERTEX_POINT('',#5344);
#1606=VERTEX_POINT('',#5348);
#1607=VERTEX_POINT('',#5352);
#1608=VERTEX_POINT('',#5356);
#1609=VERTEX_POINT('',#5360);
#1610=VERTEX_POINT('',#5364);
#1611=VERTEX_POINT('',#5368);
#1612=VERTEX_POINT('',#5374);
#1613=VERTEX_POINT('',#5376);
#1614=VERTEX_POINT('',#5380);
#1615=VERTEX_POINT('',#5384);
#1616=VERTEX_POINT('',#5386);
#1617=VERTEX_POINT('',#5390);
#1618=VERTEX_POINT('',#5394);
#1619=VERTEX_POINT('',#5398);
#1620=VERTEX_POINT('',#5402);
#1621=VERTEX_POINT('',#5406);
#1622=VERTEX_POINT('',#5410);
#1623=VERTEX_POINT('',#5416);
#1624=VERTEX_POINT('',#5422);
#1625=VERTEX_POINT('',#5424);
#1626=VERTEX_POINT('',#5428);
#1627=VERTEX_POINT('',#5432);
#1628=VERTEX_POINT('',#5434);
#1629=VERTEX_POINT('',#5438);
#1630=VERTEX_POINT('',#5442);
#1631=VERTEX_POINT('',#5446);
#1632=VERTEX_POINT('',#5450);
#1633=VERTEX_POINT('',#5454);
#1634=VERTEX_POINT('',#5455);
#1635=VERTEX_POINT('',#5457);
#1636=VERTEX_POINT('',#5459);
#1637=VERTEX_POINT('',#5461);
#1638=VERTEX_POINT('',#5463);
#1639=VERTEX_POINT('',#5465);
#1640=VERTEX_POINT('',#5467);
#1641=VERTEX_POINT('',#5469);
#1642=VERTEX_POINT('',#5471);
#1643=VERTEX_POINT('',#5473);
#1644=VERTEX_POINT('',#5475);
#1645=VERTEX_POINT('',#5477);
#1646=VERTEX_POINT('',#5479);
#1647=VERTEX_POINT('',#5481);
#1648=VERTEX_POINT('',#5483);
#1649=VERTEX_POINT('',#5485);
#1650=VERTEX_POINT('',#5487);
#1651=VERTEX_POINT('',#5489);
#1652=VERTEX_POINT('',#5491);
#1653=VERTEX_POINT('',#5493);
#1654=VERTEX_POINT('',#5495);
#1655=VERTEX_POINT('',#5497);
#1656=VERTEX_POINT('',#5499);
#1657=VERTEX_POINT('',#5501);
#1658=VERTEX_POINT('',#5503);
#1659=VERTEX_POINT('',#5505);
#1660=VERTEX_POINT('',#5507);
#1661=VERTEX_POINT('',#5509);
#1662=VERTEX_POINT('',#5511);
#1663=VERTEX_POINT('',#5513);
#1664=VERTEX_POINT('',#5515);
#1665=VERTEX_POINT('',#5518);
#1666=VERTEX_POINT('',#5521);
#1667=VERTEX_POINT('',#5523);
#1668=VERTEX_POINT('',#5526);
#1669=VERTEX_POINT('',#5529);
#1670=VERTEX_POINT('',#5531);
#1671=VERTEX_POINT('',#5533);
#1672=VERTEX_POINT('',#5535);
#1673=VERTEX_POINT('',#5537);
#1674=VERTEX_POINT('',#5549);
#1675=VERTEX_POINT('',#5550);
#1676=VERTEX_POINT('',#5552);
#1677=VERTEX_POINT('',#5557);
#1678=VERTEX_POINT('',#5561);
#1679=VERTEX_POINT('',#5562);
#1680=VERTEX_POINT('',#5564);
#1681=VERTEX_POINT('',#5566);
#1682=VERTEX_POINT('',#5568);
#1683=VERTEX_POINT('',#5570);
#1684=VERTEX_POINT('',#5572);
#1685=VERTEX_POINT('',#5574);
#1686=VERTEX_POINT('',#5576);
#1687=VERTEX_POINT('',#5578);
#1688=VERTEX_POINT('',#5581);
#1689=VERTEX_POINT('',#5582);
#1690=VERTEX_POINT('',#5584);
#1691=VERTEX_POINT('',#5586);
#1692=VERTEX_POINT('',#5598);
#1693=VERTEX_POINT('',#5600);
#1694=VERTEX_POINT('',#5602);
#1695=VERTEX_POINT('',#5604);
#1696=VERTEX_POINT('',#5607);
#1697=VERTEX_POINT('',#5608);
#1698=VERTEX_POINT('',#5610);
#1699=VERTEX_POINT('',#5612);
#1700=VERTEX_POINT('',#5614);
#1701=VERTEX_POINT('',#5616);
#1702=VERTEX_POINT('',#5618);
#1703=VERTEX_POINT('',#5620);
#1704=VERTEX_POINT('',#5635);
#1705=VERTEX_POINT('',#5636);
#1706=VERTEX_POINT('',#5638);
#1707=VERTEX_POINT('',#5643);
#1708=VERTEX_POINT('',#5644);
#1709=VERTEX_POINT('',#5646);
#1710=VERTEX_POINT('',#5648);
#1711=VERTEX_POINT('',#5650);
#1712=VERTEX_POINT('',#5652);
#1713=VERTEX_POINT('',#5654);
#1714=VERTEX_POINT('',#5656);
#1715=VERTEX_POINT('',#5658);
#1716=VERTEX_POINT('',#5660);
#1717=VERTEX_POINT('',#5663);
#1718=VERTEX_POINT('',#5664);
#1719=VERTEX_POINT('',#5676);
#1720=VERTEX_POINT('',#5678);
#1721=VERTEX_POINT('',#5680);
#1722=VERTEX_POINT('',#5682);
#1723=VERTEX_POINT('',#5684);
#1724=VERTEX_POINT('',#5686);
#1725=VERTEX_POINT('',#5689);
#1726=VERTEX_POINT('',#5690);
#1727=VERTEX_POINT('',#5692);
#1728=VERTEX_POINT('',#5694);
#1729=VERTEX_POINT('',#5706);
#1730=VERTEX_POINT('',#5708);
#1731=VERTEX_POINT('',#5710);
#1732=VERTEX_POINT('',#5712);
#1733=VERTEX_POINT('',#5716);
#1734=VERTEX_POINT('',#5721);
#1735=VERTEX_POINT('',#5723);
#1736=VERTEX_POINT('',#5748);
#1737=VERTEX_POINT('',#5750);
#1738=VERTEX_POINT('',#5764);
#1739=VERTEX_POINT('',#5768);
#1740=VERTEX_POINT('',#5772);
#1741=VERTEX_POINT('',#5776);
#1742=VERTEX_POINT('',#5785);
#1743=VERTEX_POINT('',#5787);
#1744=VERTEX_POINT('',#5812);
#1745=VERTEX_POINT('',#5814);
#1746=VERTEX_POINT('',#5828);
#1747=VERTEX_POINT('',#5832);
#1748=VERTEX_POINT('',#5836);
#1749=VERTEX_POINT('',#5840);
#1750=VERTEX_POINT('',#5849);
#1751=VERTEX_POINT('',#5851);
#1752=VERTEX_POINT('',#5876);
#1753=VERTEX_POINT('',#5878);
#1754=VERTEX_POINT('',#5892);
#1755=VERTEX_POINT('',#5896);
#1756=VERTEX_POINT('',#5900);
#1757=VERTEX_POINT('',#5904);
#1758=VERTEX_POINT('',#5913);
#1759=VERTEX_POINT('',#5915);
#1760=VERTEX_POINT('',#5940);
#1761=VERTEX_POINT('',#5942);
#1762=VERTEX_POINT('',#5956);
#1763=VERTEX_POINT('',#5960);
#1764=VERTEX_POINT('',#5964);
#1765=VERTEX_POINT('',#5968);
#1766=VERTEX_POINT('',#5977);
#1767=VERTEX_POINT('',#5979);
#1768=VERTEX_POINT('',#6004);
#1769=VERTEX_POINT('',#6006);
#1770=VERTEX_POINT('',#6020);
#1771=VERTEX_POINT('',#6024);
#1772=VERTEX_POINT('',#6028);
#1773=VERTEX_POINT('',#6032);
#1774=VERTEX_POINT('',#6041);
#1775=VERTEX_POINT('',#6043);
#1776=VERTEX_POINT('',#6068);
#1777=VERTEX_POINT('',#6070);
#1778=VERTEX_POINT('',#6084);
#1779=VERTEX_POINT('',#6088);
#1780=VERTEX_POINT('',#6092);
#1781=VERTEX_POINT('',#6096);
#1782=VERTEX_POINT('',#6118);
#1783=VERTEX_POINT('',#6120);
#1784=VERTEX_POINT('',#6124);
#1785=VERTEX_POINT('',#6125);
#1786=VERTEX_POINT('',#6127);
#1787=VERTEX_POINT('',#6129);
#1788=VERTEX_POINT('',#6131);
#1789=VERTEX_POINT('',#6133);
#1790=VERTEX_POINT('',#6135);
#1791=VERTEX_POINT('',#6137);
#1792=VERTEX_POINT('',#6140);
#1793=VERTEX_POINT('',#6142);
#1794=VERTEX_POINT('',#6144);
#1795=VERTEX_POINT('',#6146);
#1796=VERTEX_POINT('',#6148);
#1797=VERTEX_POINT('',#6265);
#1798=VERTEX_POINT('',#6267);
#1799=VERTEX_POINT('',#6281);
#1800=VERTEX_POINT('',#6285);
#1801=VERTEX_POINT('',#6289);
#1802=VERTEX_POINT('',#6293);
#1803=VERTEX_POINT('',#6302);
#1804=VERTEX_POINT('',#6304);
#1805=VERTEX_POINT('',#6329);
#1806=VERTEX_POINT('',#6331);
#1807=VERTEX_POINT('',#6345);
#1808=VERTEX_POINT('',#6349);
#1809=VERTEX_POINT('',#6353);
#1810=VERTEX_POINT('',#6357);
#1811=EDGE_CURVE('',#1467,#1467,#1279,.T.);
#1812=EDGE_CURVE('',#1467,#1468,#1280,.T.);
#1813=EDGE_CURVE('',#1468,#1468,#1281,.T.);
#1814=EDGE_CURVE('',#1467,#1469,#157,.T.);
#1815=EDGE_CURVE('',#1469,#1469,#1282,.T.);
#1816=EDGE_CURVE('',#1470,#1471,#1283,.T.);
#1817=EDGE_CURVE('',#1470,#1472,#1284,.T.);
#1818=EDGE_CURVE('',#1473,#1472,#1285,.T.);
#1819=EDGE_CURVE('',#1473,#1474,#158,.T.);
#1820=EDGE_CURVE('',#1475,#1474,#1286,.T.);
#1821=EDGE_CURVE('',#1475,#1476,#159,.T.);
#1822=EDGE_CURVE('',#1477,#1476,#1287,.T.);
#1823=EDGE_CURVE('',#1477,#1478,#160,.T.);
#1824=EDGE_CURVE('',#1479,#1478,#1288,.T.);
#1825=EDGE_CURVE('',#1479,#1471,#161,.T.);
#1826=EDGE_CURVE('',#1480,#1481,#162,.T.);
#1827=EDGE_CURVE('',#1482,#1480,#1289,.T.);
#1828=EDGE_CURVE('',#1483,#1482,#54,.T.);
#1829=EDGE_CURVE('',#1484,#1483,#1290,.T.);
#1830=EDGE_CURVE('',#1485,#1484,#163,.T.);
#1831=EDGE_CURVE('',#1486,#1485,#1291,.T.);
#1832=EDGE_CURVE('',#1487,#1486,#164,.T.);
#1833=EDGE_CURVE('',#1481,#1487,#1292,.T.);
#1834=EDGE_CURVE('',#1488,#1489,#55,.T.);
#1835=EDGE_CURVE('',#1490,#1488,#1293,.T.);
#1836=EDGE_CURVE('',#1491,#1490,#165,.T.);
#1837=EDGE_CURVE('',#1492,#1491,#1294,.T.);
#1838=EDGE_CURVE('',#1493,#1492,#166,.T.);
#1839=EDGE_CURVE('',#1494,#1493,#1295,.T.);
#1840=EDGE_CURVE('',#1495,#1494,#167,.T.);
#1841=EDGE_CURVE('',#1489,#1495,#1296,.T.);
#1842=EDGE_CURVE('',#1496,#1496,#1297,.T.);
#1843=EDGE_CURVE('',#1496,#1497,#1298,.T.);
#1844=EDGE_CURVE('',#1497,#1497,#1299,.T.);
#1845=EDGE_CURVE('',#1496,#1498,#168,.T.);
#1846=EDGE_CURVE('',#1498,#1498,#1300,.T.);
#1847=EDGE_CURVE('',#1499,#1500,#1301,.T.);
#1848=EDGE_CURVE('',#1499,#1501,#169,.T.);
#1849=EDGE_CURVE('',#1502,#1501,#1302,.T.);
#1850=EDGE_CURVE('',#1502,#1503,#170,.T.);
#1851=EDGE_CURVE('',#1504,#1503,#1303,.T.);
#1852=EDGE_CURVE('',#1504,#1505,#171,.T.);
#1853=EDGE_CURVE('',#1506,#1505,#1304,.T.);
#1854=EDGE_CURVE('',#1506,#1507,#172,.T.);
#1855=EDGE_CURVE('',#1508,#1507,#1305,.T.);
#1856=EDGE_CURVE('',#1508,#1500,#1306,.T.);
#1857=EDGE_CURVE('',#1509,#1510,#56,.T.);
#1858=EDGE_CURVE('',#1511,#1509,#1307,.T.);
#1859=EDGE_CURVE('',#1512,#1511,#173,.T.);
#1860=EDGE_CURVE('',#1513,#1512,#1308,.T.);
#1861=EDGE_CURVE('',#1514,#1513,#174,.T.);
#1862=EDGE_CURVE('',#1515,#1514,#1309,.T.);
#1863=EDGE_CURVE('',#1516,#1515,#175,.T.);
#1864=EDGE_CURVE('',#1510,#1516,#1310,.T.);
#1865=EDGE_CURVE('',#1517,#1518,#176,.T.);
#1866=EDGE_CURVE('',#1519,#1517,#1311,.T.);
#1867=EDGE_CURVE('',#1520,#1519,#177,.T.);
#1868=EDGE_CURVE('',#1521,#1520,#1312,.T.);
#1869=EDGE_CURVE('',#1522,#1521,#57,.T.);
#1870=EDGE_CURVE('',#1523,#1522,#1313,.T.);
#1871=EDGE_CURVE('',#1524,#1523,#178,.T.);
#1872=EDGE_CURVE('',#1518,#1524,#1314,.T.);
#1873=EDGE_CURVE('',#1525,#1526,#179,.T.);
#1874=EDGE_CURVE('',#1527,#1526,#180,.T.);
#1875=EDGE_CURVE('',#1527,#1528,#181,.T.);
#1876=EDGE_CURVE('',#1525,#1528,#182,.T.);
#1877=EDGE_CURVE('',#1529,#1525,#1315,.T.);
#1878=EDGE_CURVE('',#1528,#1530,#1316,.T.);
#1879=EDGE_CURVE('',#1530,#1529,#183,.T.);
#1880=EDGE_CURVE('',#1531,#1532,#1317,.T.);
#1881=EDGE_CURVE('',#1532,#1533,#184,.T.);
#1882=EDGE_CURVE('',#1533,#1534,#1318,.T.);
#1883=EDGE_CURVE('',#1534,#1531,#185,.T.);
#1884=EDGE_CURVE('',#1532,#1535,#186,.T.);
#1885=EDGE_CURVE('',#1536,#1535,#187,.T.);
#1886=EDGE_CURVE('',#1536,#1533,#188,.T.);
#1887=EDGE_CURVE('',#1535,#1537,#1319,.T.);
#1888=EDGE_CURVE('',#1537,#1538,#189,.T.);
#1889=EDGE_CURVE('',#1538,#1536,#1320,.T.);
#1890=EDGE_CURVE('',#1537,#1539,#190,.T.);
#1891=EDGE_CURVE('',#1540,#1539,#191,.T.);
#1892=EDGE_CURVE('',#1540,#1538,#192,.T.);
#1893=EDGE_CURVE('',#1541,#1540,#1321,.T.);
#1894=EDGE_CURVE('',#1539,#1542,#1322,.T.);
#1895=EDGE_CURVE('',#1542,#1541,#193,.T.);
#1896=EDGE_CURVE('',#1542,#1543,#194,.T.);
#1897=EDGE_CURVE('',#1544,#1543,#195,.T.);
#1898=EDGE_CURVE('',#1544,#1541,#196,.T.);
#1899=EDGE_CURVE('',#1543,#1545,#1323,.T.);
#1900=EDGE_CURVE('',#1545,#1546,#197,.T.);
#1901=EDGE_CURVE('',#1546,#1544,#1324,.T.);
#1902=EDGE_CURVE('',#1530,#1546,#198,.T.);
#1903=EDGE_CURVE('',#1545,#1529,#199,.T.);
#1904=EDGE_CURVE('',#1534,#1547,#200,.T.);
#1905=EDGE_CURVE('',#1547,#1548,#201,.T.);
#1906=EDGE_CURVE('',#1548,#1531,#202,.T.);
#1907=EDGE_CURVE('',#1526,#1548,#1325,.T.);
#1908=EDGE_CURVE('',#1547,#1527,#1326,.T.);
#1909=EDGE_CURVE('',#1549,#1550,#1327,.T.);
#1910=EDGE_CURVE('',#1551,#1549,#203,.T.);
#1911=EDGE_CURVE('',#1552,#1551,#1328,.T.);
#1912=EDGE_CURVE('',#1553,#1552,#204,.T.);
#1913=EDGE_CURVE('',#1554,#1553,#1329,.T.);
#1914=EDGE_CURVE('',#1555,#1554,#205,.T.);
#1915=EDGE_CURVE('',#1556,#1555,#1330,.T.);
#1916=EDGE_CURVE('',#1550,#1556,#206,.T.);
#1917=EDGE_CURVE('',#1557,#1558,#207,.T.);
#1918=EDGE_CURVE('',#1559,#1557,#208,.T.);
#1919=EDGE_CURVE('',#1560,#1559,#209,.T.);
#1920=EDGE_CURVE('',#1561,#1560,#210,.T.);
#1921=EDGE_CURVE('',#1562,#1561,#211,.T.);
#1922=EDGE_CURVE('',#1563,#1562,#212,.T.);
#1923=EDGE_CURVE('',#1564,#1563,#213,.T.);
#1924=EDGE_CURVE('',#1558,#1564,#214,.T.);
#1925=EDGE_CURVE('',#1565,#1566,#215,.T.);
#1926=EDGE_CURVE('',#1567,#1565,#1331,.T.);
#1927=EDGE_CURVE('',#1568,#1567,#216,.T.);
#1928=EDGE_CURVE('',#1569,#1568,#1332,.T.);
#1929=EDGE_CURVE('',#1570,#1569,#217,.T.);
#1930=EDGE_CURVE('',#1571,#1570,#1333,.T.);
#1931=EDGE_CURVE('',#1572,#1571,#218,.T.);
#1932=EDGE_CURVE('',#1573,#1572,#1334,.T.);
#1933=EDGE_CURVE('',#1574,#1573,#219,.T.);
#1934=EDGE_CURVE('',#1575,#1574,#1335,.T.);
#1935=EDGE_CURVE('',#1576,#1575,#220,.T.);
#1936=EDGE_CURVE('',#1566,#1576,#1336,.T.);
#1937=EDGE_CURVE('',#1577,#1578,#221,.T.);
#1938=EDGE_CURVE('',#1579,#1577,#1337,.T.);
#1939=EDGE_CURVE('',#1580,#1579,#222,.T.);
#1940=EDGE_CURVE('',#1581,#1580,#1338,.T.);
#1941=EDGE_CURVE('',#1582,#1581,#223,.T.);
#1942=EDGE_CURVE('',#1583,#1582,#1339,.T.);
#1943=EDGE_CURVE('',#1584,#1583,#224,.T.);
#1944=EDGE_CURVE('',#1585,#1584,#1340,.T.);
#1945=EDGE_CURVE('',#1586,#1585,#225,.T.);
#1946=EDGE_CURVE('',#1587,#1586,#1341,.T.);
#1947=EDGE_CURVE('',#1588,#1587,#226,.T.);
#1948=EDGE_CURVE('',#1578,#1588,#1342,.T.);
#1949=EDGE_CURVE('',#1589,#1590,#1343,.T.);
#1950=EDGE_CURVE('',#1589,#1591,#227,.T.);
#1951=EDGE_CURVE('',#1592,#1591,#1344,.T.);
#1952=EDGE_CURVE('',#1592,#1593,#228,.T.);
#1953=EDGE_CURVE('',#1594,#1593,#1345,.T.);
#1954=EDGE_CURVE('',#1595,#1594,#229,.T.);
#1955=EDGE_CURVE('',#1596,#1595,#1346,.T.);
#1956=EDGE_CURVE('',#1596,#1597,#230,.T.);
#1957=EDGE_CURVE('',#1598,#1597,#1347,.T.);
#1958=EDGE_CURVE('',#1598,#1599,#231,.T.);
#1959=EDGE_CURVE('',#1600,#1599,#1348,.T.);
#1960=EDGE_CURVE('',#1600,#1590,#232,.T.);
#1961=EDGE_CURVE('',#1575,#1601,#233,.T.);
#1962=EDGE_CURVE('',#1602,#1601,#234,.T.);
#1963=EDGE_CURVE('',#1602,#1576,#235,.T.);
#1964=EDGE_CURVE('',#1603,#1574,#236,.T.);
#1965=EDGE_CURVE('',#1603,#1601,#1349,.T.);
#1966=EDGE_CURVE('',#1604,#1565,#237,.T.);
#1967=EDGE_CURVE('',#1604,#1605,#1350,.T.);
#1968=EDGE_CURVE('',#1567,#1605,#238,.T.);
#1969=EDGE_CURVE('',#1605,#1606,#239,.T.);
#1970=EDGE_CURVE('',#1606,#1568,#240,.T.);
#1971=EDGE_CURVE('',#1606,#1607,#1351,.T.);
#1972=EDGE_CURVE('',#1569,#1607,#241,.T.);
#1973=EDGE_CURVE('',#1607,#1608,#242,.T.);
#1974=EDGE_CURVE('',#1608,#1570,#243,.T.);
#1975=EDGE_CURVE('',#1608,#1609,#1352,.T.);
#1976=EDGE_CURVE('',#1571,#1609,#244,.T.);
#1977=EDGE_CURVE('',#1609,#1610,#245,.T.);
#1978=EDGE_CURVE('',#1610,#1572,#246,.T.);
#1979=EDGE_CURVE('',#1610,#1611,#1353,.T.);
#1980=EDGE_CURVE('',#1573,#1611,#247,.T.);
#1981=EDGE_CURVE('',#1611,#1603,#248,.T.);
#1982=EDGE_CURVE('',#1578,#1612,#249,.T.);
#1983=EDGE_CURVE('',#1612,#1613,#250,.T.);
#1984=EDGE_CURVE('',#1613,#1577,#251,.T.);
#1985=EDGE_CURVE('',#1614,#1588,#252,.T.);
#1986=EDGE_CURVE('',#1614,#1612,#1354,.T.);
#1987=EDGE_CURVE('',#1615,#1580,#253,.T.);
#1988=EDGE_CURVE('',#1615,#1616,#1355,.T.);
#1989=EDGE_CURVE('',#1581,#1616,#254,.T.);
#1990=EDGE_CURVE('',#1616,#1617,#255,.T.);
#1991=EDGE_CURVE('',#1617,#1582,#256,.T.);
#1992=EDGE_CURVE('',#1617,#1618,#1356,.T.);
#1993=EDGE_CURVE('',#1583,#1618,#257,.T.);
#1994=EDGE_CURVE('',#1618,#1619,#258,.T.);
#1995=EDGE_CURVE('',#1619,#1584,#259,.T.);
#1996=EDGE_CURVE('',#1619,#1620,#1357,.T.);
#1997=EDGE_CURVE('',#1585,#1620,#260,.T.);
#1998=EDGE_CURVE('',#1620,#1621,#261,.T.);
#1999=EDGE_CURVE('',#1621,#1586,#262,.T.);
#2000=EDGE_CURVE('',#1621,#1622,#1358,.T.);
#2001=EDGE_CURVE('',#1587,#1622,#263,.T.);
#2002=EDGE_CURVE('',#1622,#1614,#264,.T.);
#2003=EDGE_CURVE('',#1623,#1579,#265,.T.);
#2004=EDGE_CURVE('',#1623,#1615,#266,.T.);
#2005=EDGE_CURVE('',#1613,#1623,#1359,.T.);
#2006=EDGE_CURVE('',#1597,#1624,#267,.T.);
#2007=EDGE_CURVE('',#1624,#1625,#1360,.T.);
#2008=EDGE_CURVE('',#1625,#1598,#268,.T.);
#2009=EDGE_CURVE('',#1626,#1596,#269,.T.);
#2010=EDGE_CURVE('',#1624,#1626,#270,.T.);
#2011=EDGE_CURVE('',#1593,#1627,#271,.T.);
#2012=EDGE_CURVE('',#1627,#1628,#1361,.T.);
#2013=EDGE_CURVE('',#1628,#1594,#272,.T.);
#2014=EDGE_CURVE('',#1629,#1592,#273,.T.);
#2015=EDGE_CURVE('',#1627,#1629,#274,.T.);
#2016=EDGE_CURVE('',#1591,#1630,#275,.T.);
#2017=EDGE_CURVE('',#1630,#1629,#1362,.T.);
#2018=EDGE_CURVE('',#1631,#1589,#276,.T.);
#2019=EDGE_CURVE('',#1630,#1631,#277,.T.);
#2020=EDGE_CURVE('',#1632,#1631,#1363,.T.);
#2021=EDGE_CURVE('',#1590,#1632,#278,.T.);
#2022=EDGE_CURVE('',#1633,#1634,#1364,.F.);
#2023=EDGE_CURVE('',#1633,#1635,#279,.T.);
#2024=EDGE_CURVE('',#1636,#1635,#1365,.F.);
#2025=EDGE_CURVE('',#1637,#1636,#280,.T.);
#2026=EDGE_CURVE('',#1638,#1637,#1366,.F.);
#2027=EDGE_CURVE('',#1639,#1638,#281,.T.);
#2028=EDGE_CURVE('',#1640,#1639,#1367,.F.);
#2029=EDGE_CURVE('',#1641,#1640,#1368,.T.);
#2030=EDGE_CURVE('',#1642,#1641,#1369,.F.);
#2031=EDGE_CURVE('',#1643,#1642,#282,.T.);
#2032=EDGE_CURVE('',#1644,#1643,#1370,.F.);
#2033=EDGE_CURVE('',#1645,#1644,#283,.T.);
#2034=EDGE_CURVE('',#1646,#1645,#1371,.F.);
#2035=EDGE_CURVE('',#1646,#1647,#284,.T.);
#2036=EDGE_CURVE('',#1648,#1647,#1372,.F.);
#2037=EDGE_CURVE('',#1649,#1648,#1373,.T.);
#2038=EDGE_CURVE('',#1650,#1649,#1374,.F.);
#2039=EDGE_CURVE('',#1651,#1650,#285,.T.);
#2040=EDGE_CURVE('',#1652,#1651,#1375,.F.);
#2041=EDGE_CURVE('',#1653,#1652,#286,.T.);
#2042=EDGE_CURVE('',#1654,#1653,#1376,.F.);
#2043=EDGE_CURVE('',#1654,#1655,#287,.T.);
#2044=EDGE_CURVE('',#1656,#1655,#1377,.F.);
#2045=EDGE_CURVE('',#1657,#1656,#1378,.T.);
#2046=EDGE_CURVE('',#1658,#1657,#1379,.F.);
#2047=EDGE_CURVE('',#1658,#1659,#288,.T.);
#2048=EDGE_CURVE('',#1660,#1659,#1380,.F.);
#2049=EDGE_CURVE('',#1661,#1660,#289,.T.);
#2050=EDGE_CURVE('',#1662,#1661,#1381,.F.);
#2051=EDGE_CURVE('',#1663,#1662,#290,.T.);
#2052=EDGE_CURVE('',#1664,#1663,#1382,.F.);
#2053=EDGE_CURVE('',#1634,#1664,#1383,.T.);
#2054=EDGE_CURVE('',#1604,#1665,#291,.T.);
#2055=EDGE_CURVE('',#1665,#1602,#1384,.T.);
#2056=EDGE_CURVE('',#1632,#1666,#292,.T.);
#2057=EDGE_CURVE('',#1667,#1666,#1385,.T.);
#2058=EDGE_CURVE('',#1667,#1625,#293,.T.);
#2059=EDGE_CURVE('',#1668,#1626,#1386,.T.);
#2060=EDGE_CURVE('',#1628,#1668,#294,.T.);
#2061=EDGE_CURVE('',#1669,#1669,#1387,.T.);
#2062=EDGE_CURVE('',#1670,#1670,#1388,.T.);
#2063=EDGE_CURVE('',#1671,#1671,#1389,.T.);
#2064=EDGE_CURVE('',#1672,#1672,#1390,.T.);
#2065=EDGE_CURVE('',#1673,#1673,#1391,.T.);
#2066=EDGE_CURVE('',#1666,#1600,#295,.T.);
#2067=EDGE_CURVE('',#1599,#1667,#296,.T.);
#2068=EDGE_CURVE('',#1668,#1595,#297,.T.);
#2069=EDGE_CURVE('',#1674,#1675,#1392,.T.);
#2070=EDGE_CURVE('',#1675,#1676,#1393,.T.);
#2071=EDGE_CURVE('',#1676,#1676,#1394,.T.);
#2072=EDGE_CURVE('',#1675,#1674,#1395,.T.);
#2073=EDGE_CURVE('',#1674,#1677,#298,.T.);
#2074=EDGE_CURVE('',#1677,#1677,#1396,.T.);
#2075=EDGE_CURVE('',#1678,#1679,#1397,.T.);
#2076=EDGE_CURVE('',#1678,#1680,#1398,.T.);
#2077=EDGE_CURVE('',#1681,#1680,#1399,.T.);
#2078=EDGE_CURVE('',#1681,#1682,#299,.T.);
#2079=EDGE_CURVE('',#1683,#1682,#1400,.T.);
#2080=EDGE_CURVE('',#1683,#1684,#300,.T.);
#2081=EDGE_CURVE('',#1685,#1684,#1401,.T.);
#2082=EDGE_CURVE('',#1685,#1686,#301,.T.);
#2083=EDGE_CURVE('',#1687,#1686,#1402,.T.);
#2084=EDGE_CURVE('',#1687,#1679,#302,.T.);
#2085=EDGE_CURVE('',#1688,#1689,#303,.T.);
#2086=EDGE_CURVE('',#1690,#1688,#1403,.T.);
#2087=EDGE_CURVE('',#1691,#1690,#58,.T.);
#2088=EDGE_CURVE('',#1692,#1691,#1404,.T.);
#2089=EDGE_CURVE('',#1693,#1692,#304,.T.);
#2090=EDGE_CURVE('',#1694,#1693,#1405,.T.);
#2091=EDGE_CURVE('',#1695,#1694,#305,.T.);
#2092=EDGE_CURVE('',#1689,#1695,#1406,.T.);
#2093=EDGE_CURVE('',#1696,#1697,#306,.T.);
#2094=EDGE_CURVE('',#1697,#1698,#1407,.T.);
#2095=EDGE_CURVE('',#1698,#1699,#307,.T.);
#2096=EDGE_CURVE('',#1699,#1700,#1408,.T.);
#2097=EDGE_CURVE('',#1700,#1701,#308,.T.);
#2098=EDGE_CURVE('',#1701,#1702,#1409,.T.);
#2099=EDGE_CURVE('',#1702,#1703,#59,.T.);
#2100=EDGE_CURVE('',#1703,#1696,#1410,.T.);
#2101=EDGE_CURVE('',#1704,#1705,#1411,.T.);
#2102=EDGE_CURVE('',#1705,#1706,#1412,.T.);
#2103=EDGE_CURVE('',#1706,#1706,#1413,.T.);
#2104=EDGE_CURVE('',#1705,#1704,#1414,.T.);
#2105=EDGE_CURVE('',#1707,#1708,#1415,.T.);
#2106=EDGE_CURVE('',#1707,#1709,#309,.T.);
#2107=EDGE_CURVE('',#1710,#1709,#1416,.T.);
#2108=EDGE_CURVE('',#1710,#1711,#310,.T.);
#2109=EDGE_CURVE('',#1712,#1711,#1417,.T.);
#2110=EDGE_CURVE('',#1712,#1713,#311,.T.);
#2111=EDGE_CURVE('',#1714,#1713,#1418,.T.);
#2112=EDGE_CURVE('',#1714,#1715,#312,.T.);
#2113=EDGE_CURVE('',#1716,#1715,#1419,.T.);
#2114=EDGE_CURVE('',#1716,#1708,#1420,.T.);
#2115=EDGE_CURVE('',#1717,#1718,#60,.T.);
#2116=EDGE_CURVE('',#1719,#1717,#1421,.T.);
#2117=EDGE_CURVE('',#1720,#1719,#313,.T.);
#2118=EDGE_CURVE('',#1721,#1720,#1422,.T.);
#2119=EDGE_CURVE('',#1722,#1721,#314,.T.);
#2120=EDGE_CURVE('',#1723,#1722,#1423,.T.);
#2121=EDGE_CURVE('',#1724,#1723,#315,.T.);
#2122=EDGE_CURVE('',#1718,#1724,#1424,.T.);
#2123=EDGE_CURVE('',#1725,#1726,#316,.T.);
#2124=EDGE_CURVE('',#1727,#1725,#1425,.T.);
#2125=EDGE_CURVE('',#1728,#1727,#61,.T.);
#2126=EDGE_CURVE('',#1729,#1728,#1426,.T.);
#2127=EDGE_CURVE('',#1730,#1729,#317,.T.);
#2128=EDGE_CURVE('',#1731,#1730,#1427,.T.);
#2129=EDGE_CURVE('',#1732,#1731,#318,.T.);
#2130=EDGE_CURVE('',#1726,#1732,#1428,.T.);
#2131=EDGE_CURVE('',#1704,#1733,#319,.T.);
#2132=EDGE_CURVE('',#1733,#1733,#1429,.T.);
#2133=EDGE_CURVE('',#1519,#1734,#320,.T.);
#2134=EDGE_CURVE('',#1735,#1734,#321,.T.);
#2135=EDGE_CURVE('',#1520,#1735,#322,.T.);
#2136=EDGE_CURVE('',#1521,#1736,#323,.T.);
#2137=EDGE_CURVE('',#1737,#1736,#62,.T.);
#2138=EDGE_CURVE('',#1522,#1737,#324,.T.);
#2139=EDGE_CURVE('',#1738,#1737,#1430,.T.);
#2140=EDGE_CURVE('',#1523,#1738,#325,.T.);
#2141=EDGE_CURVE('',#1739,#1738,#326,.T.);
#2142=EDGE_CURVE('',#1524,#1739,#327,.T.);
#2143=EDGE_CURVE('',#1740,#1739,#1431,.T.);
#2144=EDGE_CURVE('',#1518,#1740,#328,.T.);
#2145=EDGE_CURVE('',#1741,#1740,#329,.T.);
#2146=EDGE_CURVE('',#1517,#1741,#330,.T.);
#2147=EDGE_CURVE('',#1734,#1741,#1432,.T.);
#2148=EDGE_CURVE('',#1736,#1735,#1433,.T.);
#2149=EDGE_CURVE('',#1511,#1742,#331,.T.);
#2150=EDGE_CURVE('',#1742,#1743,#332,.T.);
#2151=EDGE_CURVE('',#1512,#1743,#333,.T.);
#2152=EDGE_CURVE('',#1510,#1744,#334,.T.);
#2153=EDGE_CURVE('',#1744,#1745,#63,.T.);
#2154=EDGE_CURVE('',#1509,#1745,#335,.T.);
#2155=EDGE_CURVE('',#1516,#1746,#336,.T.);
#2156=EDGE_CURVE('',#1746,#1744,#1434,.T.);
#2157=EDGE_CURVE('',#1515,#1747,#337,.T.);
#2158=EDGE_CURVE('',#1747,#1746,#338,.T.);
#2159=EDGE_CURVE('',#1514,#1748,#339,.T.);
#2160=EDGE_CURVE('',#1748,#1747,#1435,.T.);
#2161=EDGE_CURVE('',#1513,#1749,#340,.T.);
#2162=EDGE_CURVE('',#1749,#1748,#341,.T.);
#2163=EDGE_CURVE('',#1743,#1749,#1436,.T.);
#2164=EDGE_CURVE('',#1745,#1742,#1437,.T.);
#2165=EDGE_CURVE('',#1719,#1750,#342,.T.);
#2166=EDGE_CURVE('',#1750,#1751,#343,.T.);
#2167=EDGE_CURVE('',#1720,#1751,#344,.T.);
#2168=EDGE_CURVE('',#1718,#1752,#345,.T.);
#2169=EDGE_CURVE('',#1752,#1753,#64,.T.);
#2170=EDGE_CURVE('',#1717,#1753,#346,.T.);
#2171=EDGE_CURVE('',#1724,#1754,#347,.T.);
#2172=EDGE_CURVE('',#1754,#1752,#1438,.T.);
#2173=EDGE_CURVE('',#1723,#1755,#348,.T.);
#2174=EDGE_CURVE('',#1755,#1754,#349,.T.);
#2175=EDGE_CURVE('',#1722,#1756,#350,.T.);
#2176=EDGE_CURVE('',#1756,#1755,#1439,.T.);
#2177=EDGE_CURVE('',#1721,#1757,#351,.T.);
#2178=EDGE_CURVE('',#1757,#1756,#352,.T.);
#2179=EDGE_CURVE('',#1751,#1757,#1440,.T.);
#2180=EDGE_CURVE('',#1753,#1750,#1441,.T.);
#2181=EDGE_CURVE('',#1726,#1758,#353,.T.);
#2182=EDGE_CURVE('',#1759,#1758,#354,.T.);
#2183=EDGE_CURVE('',#1725,#1759,#355,.T.);
#2184=EDGE_CURVE('',#1727,#1760,#356,.T.);
#2185=EDGE_CURVE('',#1761,#1760,#65,.T.);
#2186=EDGE_CURVE('',#1728,#1761,#357,.T.);
#2187=EDGE_CURVE('',#1762,#1761,#1442,.T.);
#2188=EDGE_CURVE('',#1729,#1762,#358,.T.);
#2189=EDGE_CURVE('',#1763,#1762,#359,.T.);
#2190=EDGE_CURVE('',#1730,#1763,#360,.T.);
#2191=EDGE_CURVE('',#1764,#1763,#1443,.T.);
#2192=EDGE_CURVE('',#1731,#1764,#361,.T.);
#2193=EDGE_CURVE('',#1765,#1764,#362,.T.);
#2194=EDGE_CURVE('',#1732,#1765,#363,.T.);
#2195=EDGE_CURVE('',#1758,#1765,#1444,.T.);
#2196=EDGE_CURVE('',#1760,#1759,#1445,.T.);
#2197=EDGE_CURVE('',#1490,#1766,#364,.T.);
#2198=EDGE_CURVE('',#1766,#1767,#365,.T.);
#2199=EDGE_CURVE('',#1491,#1767,#366,.T.);
#2200=EDGE_CURVE('',#1489,#1768,#367,.T.);
#2201=EDGE_CURVE('',#1768,#1769,#66,.T.);
#2202=EDGE_CURVE('',#1488,#1769,#368,.T.);
#2203=EDGE_CURVE('',#1495,#1770,#369,.T.);
#2204=EDGE_CURVE('',#1770,#1768,#1446,.T.);
#2205=EDGE_CURVE('',#1494,#1771,#370,.T.);
#2206=EDGE_CURVE('',#1771,#1770,#371,.T.);
#2207=EDGE_CURVE('',#1493,#1772,#372,.T.);
#2208=EDGE_CURVE('',#1772,#1771,#1447,.T.);
#2209=EDGE_CURVE('',#1492,#1773,#373,.T.);
#2210=EDGE_CURVE('',#1773,#1772,#374,.T.);
#2211=EDGE_CURVE('',#1767,#1773,#1448,.T.);
#2212=EDGE_CURVE('',#1769,#1766,#1449,.T.);
#2213=EDGE_CURVE('',#1481,#1774,#375,.T.);
#2214=EDGE_CURVE('',#1775,#1774,#376,.T.);
#2215=EDGE_CURVE('',#1480,#1775,#377,.T.);
#2216=EDGE_CURVE('',#1482,#1776,#378,.T.);
#2217=EDGE_CURVE('',#1777,#1776,#67,.T.);
#2218=EDGE_CURVE('',#1483,#1777,#379,.T.);
#2219=EDGE_CURVE('',#1778,#1777,#1450,.T.);
#2220=EDGE_CURVE('',#1484,#1778,#380,.T.);
#2221=EDGE_CURVE('',#1779,#1778,#381,.T.);
#2222=EDGE_CURVE('',#1485,#1779,#382,.T.);
#2223=EDGE_CURVE('',#1780,#1779,#1451,.T.);
#2224=EDGE_CURVE('',#1486,#1780,#383,.T.);
#2225=EDGE_CURVE('',#1781,#1780,#384,.T.);
#2226=EDGE_CURVE('',#1487,#1781,#385,.T.);
#2227=EDGE_CURVE('',#1774,#1781,#1452,.T.);
#2228=EDGE_CURVE('',#1776,#1775,#1453,.T.);
#2229=EDGE_CURVE('',#1679,#1633,#386,.T.);
#2230=EDGE_CURVE('',#1634,#1678,#387,.T.);
#2231=EDGE_CURVE('',#1680,#1664,#388,.T.);
#2232=EDGE_CURVE('',#1686,#1636,#389,.T.);
#2233=EDGE_CURVE('',#1635,#1687,#390,.T.);
#2234=EDGE_CURVE('',#1685,#1551,#391,.T.);
#2235=EDGE_CURVE('',#1711,#1549,#392,.T.);
#2236=EDGE_CURVE('',#1637,#1710,#393,.T.);
#2237=EDGE_CURVE('',#1696,#1782,#394,.T.);
#2238=EDGE_CURVE('',#1782,#1783,#395,.T.);
#2239=EDGE_CURVE('',#1697,#1783,#396,.T.);
#2240=EDGE_CURVE('',#1784,#1785,#397,.T.);
#2241=EDGE_CURVE('',#1786,#1784,#398,.T.);
#2242=EDGE_CURVE('',#1787,#1786,#399,.T.);
#2243=EDGE_CURVE('',#1788,#1787,#400,.T.);
#2244=EDGE_CURVE('',#1789,#1788,#401,.T.);
#2245=EDGE_CURVE('',#1790,#1789,#402,.T.);
#2246=EDGE_CURVE('',#1791,#1790,#403,.T.);
#2247=EDGE_CURVE('',#1785,#1791,#404,.T.);
#2248=EDGE_CURVE('',#1792,#1792,#1454,.T.);
#2249=EDGE_CURVE('',#1793,#1793,#1455,.T.);
#2250=EDGE_CURVE('',#1794,#1794,#1456,.T.);
#2251=EDGE_CURVE('',#1795,#1795,#1457,.T.);
#2252=EDGE_CURVE('',#1796,#1796,#1458,.T.);
#2253=EDGE_CURVE('',#1504,#1555,#405,.T.);
#2254=EDGE_CURVE('',#1503,#1556,#406,.T.);
#2255=EDGE_CURVE('',#1564,#1791,#407,.T.);
#2256=EDGE_CURVE('',#1558,#1790,#408,.T.);
#2257=EDGE_CURVE('',#1563,#1785,#409,.T.);
#2258=EDGE_CURVE('',#1562,#1784,#410,.T.);
#2259=EDGE_CURVE('',#1561,#1786,#411,.T.);
#2260=EDGE_CURVE('',#1560,#1787,#412,.T.);
#2261=EDGE_CURVE('',#1559,#1788,#413,.T.);
#2262=EDGE_CURVE('',#1557,#1789,#414,.T.);
#2263=EDGE_CURVE('',#1471,#1658,#415,.T.);
#2264=EDGE_CURVE('',#1657,#1470,#416,.T.);
#2265=EDGE_CURVE('',#1472,#1656,#417,.T.);
#2266=EDGE_CURVE('',#1655,#1473,#418,.T.);
#2267=EDGE_CURVE('',#1474,#1654,#419,.T.);
#2268=EDGE_CURVE('',#1653,#1475,#420,.T.);
#2269=EDGE_CURVE('',#1476,#1554,#421,.T.);
#2270=EDGE_CURVE('',#1505,#1652,#422,.T.);
#2271=EDGE_CURVE('',#1651,#1506,#423,.T.);
#2272=EDGE_CURVE('',#1507,#1650,#424,.T.);
#2273=EDGE_CURVE('',#1649,#1508,#425,.T.);
#2274=EDGE_CURVE('',#1500,#1648,#426,.T.);
#2275=EDGE_CURVE('',#1647,#1499,#427,.T.);
#2276=EDGE_CURVE('',#1501,#1646,#428,.T.);
#2277=EDGE_CURVE('',#1645,#1502,#429,.T.);
#2278=EDGE_CURVE('',#1713,#1644,#430,.T.);
#2279=EDGE_CURVE('',#1712,#1550,#431,.T.);
#2280=EDGE_CURVE('',#1643,#1714,#432,.T.);
#2281=EDGE_CURVE('',#1715,#1642,#433,.T.);
#2282=EDGE_CURVE('',#1641,#1716,#434,.T.);
#2283=EDGE_CURVE('',#1708,#1640,#435,.T.);
#2284=EDGE_CURVE('',#1639,#1707,#436,.T.);
#2285=EDGE_CURVE('',#1709,#1638,#437,.T.);
#2286=EDGE_CURVE('',#1659,#1479,#438,.T.);
#2287=EDGE_CURVE('',#1793,#1669,#439,.T.);
#2288=EDGE_CURVE('',#1794,#1670,#440,.T.);
#2289=EDGE_CURVE('',#1795,#1671,#441,.T.);
#2290=EDGE_CURVE('',#1796,#1672,#442,.T.);
#2291=EDGE_CURVE('',#1665,#1566,#443,.T.);
#2292=EDGE_CURVE('',#1792,#1673,#444,.T.);
#2293=EDGE_CURVE('',#1477,#1553,#445,.T.);
#2294=EDGE_CURVE('',#1478,#1660,#446,.T.);
#2295=EDGE_CURVE('',#1684,#1552,#447,.T.);
#2296=EDGE_CURVE('',#1661,#1683,#448,.T.);
#2297=EDGE_CURVE('',#1682,#1662,#449,.T.);
#2298=EDGE_CURVE('',#1663,#1681,#450,.T.);
#2299=EDGE_CURVE('',#1702,#1797,#451,.T.);
#2300=EDGE_CURVE('',#1797,#1798,#68,.T.);
#2301=EDGE_CURVE('',#1703,#1798,#452,.T.);
#2302=EDGE_CURVE('',#1701,#1799,#453,.T.);
#2303=EDGE_CURVE('',#1799,#1797,#1459,.T.);
#2304=EDGE_CURVE('',#1700,#1800,#454,.T.);
#2305=EDGE_CURVE('',#1800,#1799,#455,.T.);
#2306=EDGE_CURVE('',#1699,#1801,#456,.T.);
#2307=EDGE_CURVE('',#1801,#1800,#1460,.T.);
#2308=EDGE_CURVE('',#1698,#1802,#457,.T.);
#2309=EDGE_CURVE('',#1802,#1801,#458,.T.);
#2310=EDGE_CURVE('',#1783,#1802,#1461,.T.);
#2311=EDGE_CURVE('',#1798,#1782,#1462,.T.);
#2312=EDGE_CURVE('',#1689,#1803,#459,.T.);
#2313=EDGE_CURVE('',#1804,#1803,#460,.T.);
#2314=EDGE_CURVE('',#1688,#1804,#461,.T.);
#2315=EDGE_CURVE('',#1690,#1805,#462,.T.);
#2316=EDGE_CURVE('',#1806,#1805,#69,.T.);
#2317=EDGE_CURVE('',#1691,#1806,#463,.T.);
#2318=EDGE_CURVE('',#1807,#1806,#1463,.T.);
#2319=EDGE_CURVE('',#1692,#1807,#464,.T.);
#2320=EDGE_CURVE('',#1808,#1807,#465,.T.);
#2321=EDGE_CURVE('',#1693,#1808,#466,.T.);
#2322=EDGE_CURVE('',#1809,#1808,#1464,.T.);
#2323=EDGE_CURVE('',#1694,#1809,#467,.T.);
#2324=EDGE_CURVE('',#1810,#1809,#468,.T.);
#2325=EDGE_CURVE('',#1695,#1810,#469,.T.);
#2326=EDGE_CURVE('',#1803,#1810,#1465,.T.);
#2327=EDGE_CURVE('',#1805,#1804,#1466,.T.);
#2328=ORIENTED_EDGE('',*,*,#1811,.T.);
#2329=ORIENTED_EDGE('',*,*,#1812,.T.);
#2330=ORIENTED_EDGE('',*,*,#1813,.T.);
#2331=ORIENTED_EDGE('',*,*,#1812,.F.);
#2332=ORIENTED_EDGE('',*,*,#1811,.F.);
#2333=ORIENTED_EDGE('',*,*,#1814,.T.);
#2334=ORIENTED_EDGE('',*,*,#1815,.T.);
#2335=ORIENTED_EDGE('',*,*,#1814,.F.);
#2336=ORIENTED_EDGE('',*,*,#1816,.F.);
#2337=ORIENTED_EDGE('',*,*,#1817,.T.);
#2338=ORIENTED_EDGE('',*,*,#1818,.F.);
#2339=ORIENTED_EDGE('',*,*,#1819,.T.);
#2340=ORIENTED_EDGE('',*,*,#1820,.F.);
#2341=ORIENTED_EDGE('',*,*,#1821,.T.);
#2342=ORIENTED_EDGE('',*,*,#1822,.F.);
#2343=ORIENTED_EDGE('',*,*,#1823,.T.);
#2344=ORIENTED_EDGE('',*,*,#1824,.F.);
#2345=ORIENTED_EDGE('',*,*,#1825,.T.);
#2346=ORIENTED_EDGE('',*,*,#1826,.F.);
#2347=ORIENTED_EDGE('',*,*,#1827,.F.);
#2348=ORIENTED_EDGE('',*,*,#1828,.F.);
#2349=ORIENTED_EDGE('',*,*,#1829,.F.);
#2350=ORIENTED_EDGE('',*,*,#1830,.F.);
#2351=ORIENTED_EDGE('',*,*,#1831,.F.);
#2352=ORIENTED_EDGE('',*,*,#1832,.F.);
#2353=ORIENTED_EDGE('',*,*,#1833,.F.);
#2354=ORIENTED_EDGE('',*,*,#1834,.F.);
#2355=ORIENTED_EDGE('',*,*,#1835,.F.);
#2356=ORIENTED_EDGE('',*,*,#1836,.F.);
#2357=ORIENTED_EDGE('',*,*,#1837,.F.);
#2358=ORIENTED_EDGE('',*,*,#1838,.F.);
#2359=ORIENTED_EDGE('',*,*,#1839,.F.);
#2360=ORIENTED_EDGE('',*,*,#1840,.F.);
#2361=ORIENTED_EDGE('',*,*,#1841,.F.);
#2362=ORIENTED_EDGE('',*,*,#1813,.F.);
#2363=ORIENTED_EDGE('',*,*,#1842,.T.);
#2364=ORIENTED_EDGE('',*,*,#1843,.T.);
#2365=ORIENTED_EDGE('',*,*,#1844,.T.);
#2366=ORIENTED_EDGE('',*,*,#1843,.F.);
#2367=ORIENTED_EDGE('',*,*,#1842,.F.);
#2368=ORIENTED_EDGE('',*,*,#1845,.T.);
#2369=ORIENTED_EDGE('',*,*,#1846,.F.);
#2370=ORIENTED_EDGE('',*,*,#1845,.F.);
#2371=ORIENTED_EDGE('',*,*,#1847,.F.);
#2372=ORIENTED_EDGE('',*,*,#1848,.T.);
#2373=ORIENTED_EDGE('',*,*,#1849,.F.);
#2374=ORIENTED_EDGE('',*,*,#1850,.T.);
#2375=ORIENTED_EDGE('',*,*,#1851,.F.);
#2376=ORIENTED_EDGE('',*,*,#1852,.T.);
#2377=ORIENTED_EDGE('',*,*,#1853,.F.);
#2378=ORIENTED_EDGE('',*,*,#1854,.T.);
#2379=ORIENTED_EDGE('',*,*,#1855,.F.);
#2380=ORIENTED_EDGE('',*,*,#1856,.T.);
#2381=ORIENTED_EDGE('',*,*,#1857,.F.);
#2382=ORIENTED_EDGE('',*,*,#1858,.F.);
#2383=ORIENTED_EDGE('',*,*,#1859,.F.);
#2384=ORIENTED_EDGE('',*,*,#1860,.F.);
#2385=ORIENTED_EDGE('',*,*,#1861,.F.);
#2386=ORIENTED_EDGE('',*,*,#1862,.F.);
#2387=ORIENTED_EDGE('',*,*,#1863,.F.);
#2388=ORIENTED_EDGE('',*,*,#1864,.F.);
#2389=ORIENTED_EDGE('',*,*,#1865,.F.);
#2390=ORIENTED_EDGE('',*,*,#1866,.F.);
#2391=ORIENTED_EDGE('',*,*,#1867,.F.);
#2392=ORIENTED_EDGE('',*,*,#1868,.F.);
#2393=ORIENTED_EDGE('',*,*,#1869,.F.);
#2394=ORIENTED_EDGE('',*,*,#1870,.F.);
#2395=ORIENTED_EDGE('',*,*,#1871,.F.);
#2396=ORIENTED_EDGE('',*,*,#1872,.F.);
#2397=ORIENTED_EDGE('',*,*,#1844,.F.);
#2398=ORIENTED_EDGE('',*,*,#1873,.T.);
#2399=ORIENTED_EDGE('',*,*,#1874,.F.);
#2400=ORIENTED_EDGE('',*,*,#1875,.T.);
#2401=ORIENTED_EDGE('',*,*,#1876,.F.);
#2402=ORIENTED_EDGE('',*,*,#1877,.T.);
#2403=ORIENTED_EDGE('',*,*,#1876,.T.);
#2404=ORIENTED_EDGE('',*,*,#1878,.T.);
#2405=ORIENTED_EDGE('',*,*,#1879,.T.);
#2406=ORIENTED_EDGE('',*,*,#1880,.T.);
#2407=ORIENTED_EDGE('',*,*,#1881,.T.);
#2408=ORIENTED_EDGE('',*,*,#1882,.T.);
#2409=ORIENTED_EDGE('',*,*,#1883,.T.);
#2410=ORIENTED_EDGE('',*,*,#1881,.F.);
#2411=ORIENTED_EDGE('',*,*,#1884,.T.);
#2412=ORIENTED_EDGE('',*,*,#1885,.F.);
#2413=ORIENTED_EDGE('',*,*,#1886,.T.);
#2414=ORIENTED_EDGE('',*,*,#1887,.T.);
#2415=ORIENTED_EDGE('',*,*,#1888,.T.);
#2416=ORIENTED_EDGE('',*,*,#1889,.T.);
#2417=ORIENTED_EDGE('',*,*,#1885,.T.);
#2418=ORIENTED_EDGE('',*,*,#1888,.F.);
#2419=ORIENTED_EDGE('',*,*,#1890,.T.);
#2420=ORIENTED_EDGE('',*,*,#1891,.F.);
#2421=ORIENTED_EDGE('',*,*,#1892,.T.);
#2422=ORIENTED_EDGE('',*,*,#1893,.T.);
#2423=ORIENTED_EDGE('',*,*,#1891,.T.);
#2424=ORIENTED_EDGE('',*,*,#1894,.T.);
#2425=ORIENTED_EDGE('',*,*,#1895,.T.);
#2426=ORIENTED_EDGE('',*,*,#1895,.F.);
#2427=ORIENTED_EDGE('',*,*,#1896,.T.);
#2428=ORIENTED_EDGE('',*,*,#1897,.F.);
#2429=ORIENTED_EDGE('',*,*,#1898,.T.);
#2430=ORIENTED_EDGE('',*,*,#1899,.T.);
#2431=ORIENTED_EDGE('',*,*,#1900,.T.);
#2432=ORIENTED_EDGE('',*,*,#1901,.T.);
#2433=ORIENTED_EDGE('',*,*,#1897,.T.);
#2434=ORIENTED_EDGE('',*,*,#1879,.F.);
#2435=ORIENTED_EDGE('',*,*,#1902,.T.);
#2436=ORIENTED_EDGE('',*,*,#1900,.F.);
#2437=ORIENTED_EDGE('',*,*,#1903,.T.);
#2438=ORIENTED_EDGE('',*,*,#1883,.F.);
#2439=ORIENTED_EDGE('',*,*,#1904,.T.);
#2440=ORIENTED_EDGE('',*,*,#1905,.T.);
#2441=ORIENTED_EDGE('',*,*,#1906,.T.);
#2442=ORIENTED_EDGE('',*,*,#1907,.T.);
#2443=ORIENTED_EDGE('',*,*,#1905,.F.);
#2444=ORIENTED_EDGE('',*,*,#1908,.T.);
#2445=ORIENTED_EDGE('',*,*,#1874,.T.);
#2446=ORIENTED_EDGE('',*,*,#1909,.F.);
#2447=ORIENTED_EDGE('',*,*,#1910,.F.);
#2448=ORIENTED_EDGE('',*,*,#1911,.F.);
#2449=ORIENTED_EDGE('',*,*,#1912,.F.);
#2450=ORIENTED_EDGE('',*,*,#1913,.F.);
#2451=ORIENTED_EDGE('',*,*,#1914,.F.);
#2452=ORIENTED_EDGE('',*,*,#1915,.F.);
#2453=ORIENTED_EDGE('',*,*,#1916,.F.);
#2454=ORIENTED_EDGE('',*,*,#1917,.F.);
#2455=ORIENTED_EDGE('',*,*,#1918,.F.);
#2456=ORIENTED_EDGE('',*,*,#1919,.F.);
#2457=ORIENTED_EDGE('',*,*,#1920,.F.);
#2458=ORIENTED_EDGE('',*,*,#1921,.F.);
#2459=ORIENTED_EDGE('',*,*,#1922,.F.);
#2460=ORIENTED_EDGE('',*,*,#1923,.F.);
#2461=ORIENTED_EDGE('',*,*,#1924,.F.);
#2462=ORIENTED_EDGE('',*,*,#1925,.F.);
#2463=ORIENTED_EDGE('',*,*,#1926,.F.);
#2464=ORIENTED_EDGE('',*,*,#1927,.F.);
#2465=ORIENTED_EDGE('',*,*,#1928,.F.);
#2466=ORIENTED_EDGE('',*,*,#1929,.F.);
#2467=ORIENTED_EDGE('',*,*,#1930,.F.);
#2468=ORIENTED_EDGE('',*,*,#1931,.F.);
#2469=ORIENTED_EDGE('',*,*,#1932,.F.);
#2470=ORIENTED_EDGE('',*,*,#1933,.F.);
#2471=ORIENTED_EDGE('',*,*,#1934,.F.);
#2472=ORIENTED_EDGE('',*,*,#1935,.F.);
#2473=ORIENTED_EDGE('',*,*,#1936,.F.);
#2474=ORIENTED_EDGE('',*,*,#1873,.F.);
#2475=ORIENTED_EDGE('',*,*,#1877,.F.);
#2476=ORIENTED_EDGE('',*,*,#1903,.F.);
#2477=ORIENTED_EDGE('',*,*,#1899,.F.);
#2478=ORIENTED_EDGE('',*,*,#1896,.F.);
#2479=ORIENTED_EDGE('',*,*,#1894,.F.);
#2480=ORIENTED_EDGE('',*,*,#1890,.F.);
#2481=ORIENTED_EDGE('',*,*,#1887,.F.);
#2482=ORIENTED_EDGE('',*,*,#1884,.F.);
#2483=ORIENTED_EDGE('',*,*,#1880,.F.);
#2484=ORIENTED_EDGE('',*,*,#1906,.F.);
#2485=ORIENTED_EDGE('',*,*,#1907,.F.);
#2486=ORIENTED_EDGE('',*,*,#1937,.F.);
#2487=ORIENTED_EDGE('',*,*,#1938,.F.);
#2488=ORIENTED_EDGE('',*,*,#1939,.F.);
#2489=ORIENTED_EDGE('',*,*,#1940,.F.);
#2490=ORIENTED_EDGE('',*,*,#1941,.F.);
#2491=ORIENTED_EDGE('',*,*,#1942,.F.);
#2492=ORIENTED_EDGE('',*,*,#1943,.F.);
#2493=ORIENTED_EDGE('',*,*,#1944,.F.);
#2494=ORIENTED_EDGE('',*,*,#1945,.F.);
#2495=ORIENTED_EDGE('',*,*,#1946,.F.);
#2496=ORIENTED_EDGE('',*,*,#1947,.F.);
#2497=ORIENTED_EDGE('',*,*,#1948,.F.);
#2498=ORIENTED_EDGE('',*,*,#1949,.F.);
#2499=ORIENTED_EDGE('',*,*,#1950,.T.);
#2500=ORIENTED_EDGE('',*,*,#1951,.F.);
#2501=ORIENTED_EDGE('',*,*,#1952,.T.);
#2502=ORIENTED_EDGE('',*,*,#1953,.F.);
#2503=ORIENTED_EDGE('',*,*,#1954,.F.);
#2504=ORIENTED_EDGE('',*,*,#1955,.F.);
#2505=ORIENTED_EDGE('',*,*,#1956,.T.);
#2506=ORIENTED_EDGE('',*,*,#1957,.F.);
#2507=ORIENTED_EDGE('',*,*,#1958,.T.);
#2508=ORIENTED_EDGE('',*,*,#1959,.F.);
#2509=ORIENTED_EDGE('',*,*,#1960,.T.);
#2510=ORIENTED_EDGE('',*,*,#1935,.T.);
#2511=ORIENTED_EDGE('',*,*,#1961,.T.);
#2512=ORIENTED_EDGE('',*,*,#1962,.F.);
#2513=ORIENTED_EDGE('',*,*,#1963,.T.);
#2514=ORIENTED_EDGE('',*,*,#1934,.T.);
#2515=ORIENTED_EDGE('',*,*,#1964,.F.);
#2516=ORIENTED_EDGE('',*,*,#1965,.T.);
#2517=ORIENTED_EDGE('',*,*,#1961,.F.);
#2518=ORIENTED_EDGE('',*,*,#1926,.T.);
#2519=ORIENTED_EDGE('',*,*,#1966,.F.);
#2520=ORIENTED_EDGE('',*,*,#1967,.T.);
#2521=ORIENTED_EDGE('',*,*,#1968,.F.);
#2522=ORIENTED_EDGE('',*,*,#1968,.T.);
#2523=ORIENTED_EDGE('',*,*,#1969,.T.);
#2524=ORIENTED_EDGE('',*,*,#1970,.T.);
#2525=ORIENTED_EDGE('',*,*,#1927,.T.);
#2526=ORIENTED_EDGE('',*,*,#1928,.T.);
#2527=ORIENTED_EDGE('',*,*,#1970,.F.);
#2528=ORIENTED_EDGE('',*,*,#1971,.T.);
#2529=ORIENTED_EDGE('',*,*,#1972,.F.);
#2530=ORIENTED_EDGE('',*,*,#1972,.T.);
#2531=ORIENTED_EDGE('',*,*,#1973,.T.);
#2532=ORIENTED_EDGE('',*,*,#1974,.T.);
#2533=ORIENTED_EDGE('',*,*,#1929,.T.);
#2534=ORIENTED_EDGE('',*,*,#1975,.T.);
#2535=ORIENTED_EDGE('',*,*,#1976,.F.);
#2536=ORIENTED_EDGE('',*,*,#1930,.T.);
#2537=ORIENTED_EDGE('',*,*,#1974,.F.);
#2538=ORIENTED_EDGE('',*,*,#1976,.T.);
#2539=ORIENTED_EDGE('',*,*,#1977,.T.);
#2540=ORIENTED_EDGE('',*,*,#1978,.T.);
#2541=ORIENTED_EDGE('',*,*,#1931,.T.);
#2542=ORIENTED_EDGE('',*,*,#1932,.T.);
#2543=ORIENTED_EDGE('',*,*,#1978,.F.);
#2544=ORIENTED_EDGE('',*,*,#1979,.T.);
#2545=ORIENTED_EDGE('',*,*,#1980,.F.);
#2546=ORIENTED_EDGE('',*,*,#1964,.T.);
#2547=ORIENTED_EDGE('',*,*,#1933,.T.);
#2548=ORIENTED_EDGE('',*,*,#1980,.T.);
#2549=ORIENTED_EDGE('',*,*,#1981,.T.);
#2550=ORIENTED_EDGE('',*,*,#1937,.T.);
#2551=ORIENTED_EDGE('',*,*,#1982,.T.);
#2552=ORIENTED_EDGE('',*,*,#1983,.T.);
#2553=ORIENTED_EDGE('',*,*,#1984,.T.);
#2554=ORIENTED_EDGE('',*,*,#1948,.T.);
#2555=ORIENTED_EDGE('',*,*,#1985,.F.);
#2556=ORIENTED_EDGE('',*,*,#1986,.T.);
#2557=ORIENTED_EDGE('',*,*,#1982,.F.);
#2558=ORIENTED_EDGE('',*,*,#1940,.T.);
#2559=ORIENTED_EDGE('',*,*,#1987,.F.);
#2560=ORIENTED_EDGE('',*,*,#1988,.T.);
#2561=ORIENTED_EDGE('',*,*,#1989,.F.);
#2562=ORIENTED_EDGE('',*,*,#1989,.T.);
#2563=ORIENTED_EDGE('',*,*,#1990,.T.);
#2564=ORIENTED_EDGE('',*,*,#1991,.T.);
#2565=ORIENTED_EDGE('',*,*,#1941,.T.);
#2566=ORIENTED_EDGE('',*,*,#1942,.T.);
#2567=ORIENTED_EDGE('',*,*,#1991,.F.);
#2568=ORIENTED_EDGE('',*,*,#1992,.T.);
#2569=ORIENTED_EDGE('',*,*,#1993,.F.);
#2570=ORIENTED_EDGE('',*,*,#1993,.T.);
#2571=ORIENTED_EDGE('',*,*,#1994,.T.);
#2572=ORIENTED_EDGE('',*,*,#1995,.T.);
#2573=ORIENTED_EDGE('',*,*,#1943,.T.);
#2574=ORIENTED_EDGE('',*,*,#1996,.T.);
#2575=ORIENTED_EDGE('',*,*,#1997,.F.);
#2576=ORIENTED_EDGE('',*,*,#1944,.T.);
#2577=ORIENTED_EDGE('',*,*,#1995,.F.);
#2578=ORIENTED_EDGE('',*,*,#1997,.T.);
#2579=ORIENTED_EDGE('',*,*,#1998,.T.);
#2580=ORIENTED_EDGE('',*,*,#1999,.T.);
#2581=ORIENTED_EDGE('',*,*,#1945,.T.);
#2582=ORIENTED_EDGE('',*,*,#1946,.T.);
#2583=ORIENTED_EDGE('',*,*,#1999,.F.);
#2584=ORIENTED_EDGE('',*,*,#2000,.T.);
#2585=ORIENTED_EDGE('',*,*,#2001,.F.);
#2586=ORIENTED_EDGE('',*,*,#1985,.T.);
#2587=ORIENTED_EDGE('',*,*,#1947,.T.);
#2588=ORIENTED_EDGE('',*,*,#2001,.T.);
#2589=ORIENTED_EDGE('',*,*,#2002,.T.);
#2590=ORIENTED_EDGE('',*,*,#1987,.T.);
#2591=ORIENTED_EDGE('',*,*,#1939,.T.);
#2592=ORIENTED_EDGE('',*,*,#2003,.F.);
#2593=ORIENTED_EDGE('',*,*,#2004,.T.);
#2594=ORIENTED_EDGE('',*,*,#1938,.T.);
#2595=ORIENTED_EDGE('',*,*,#1984,.F.);
#2596=ORIENTED_EDGE('',*,*,#2005,.T.);
#2597=ORIENTED_EDGE('',*,*,#2003,.T.);
#2598=ORIENTED_EDGE('',*,*,#1957,.T.);
#2599=ORIENTED_EDGE('',*,*,#2006,.T.);
#2600=ORIENTED_EDGE('',*,*,#2007,.T.);
#2601=ORIENTED_EDGE('',*,*,#2008,.T.);
#2602=ORIENTED_EDGE('',*,*,#2006,.F.);
#2603=ORIENTED_EDGE('',*,*,#1956,.F.);
#2604=ORIENTED_EDGE('',*,*,#2009,.F.);
#2605=ORIENTED_EDGE('',*,*,#2010,.F.);
#2606=ORIENTED_EDGE('',*,*,#1953,.T.);
#2607=ORIENTED_EDGE('',*,*,#2011,.T.);
#2608=ORIENTED_EDGE('',*,*,#2012,.T.);
#2609=ORIENTED_EDGE('',*,*,#2013,.T.);
#2610=ORIENTED_EDGE('',*,*,#2011,.F.);
#2611=ORIENTED_EDGE('',*,*,#1952,.F.);
#2612=ORIENTED_EDGE('',*,*,#2014,.F.);
#2613=ORIENTED_EDGE('',*,*,#2015,.F.);
#2614=ORIENTED_EDGE('',*,*,#1951,.T.);
#2615=ORIENTED_EDGE('',*,*,#2016,.T.);
#2616=ORIENTED_EDGE('',*,*,#2017,.T.);
#2617=ORIENTED_EDGE('',*,*,#2014,.T.);
#2618=ORIENTED_EDGE('',*,*,#2016,.F.);
#2619=ORIENTED_EDGE('',*,*,#1950,.F.);
#2620=ORIENTED_EDGE('',*,*,#2018,.F.);
#2621=ORIENTED_EDGE('',*,*,#2019,.F.);
#2622=ORIENTED_EDGE('',*,*,#2020,.T.);
#2623=ORIENTED_EDGE('',*,*,#2018,.T.);
#2624=ORIENTED_EDGE('',*,*,#1949,.T.);
#2625=ORIENTED_EDGE('',*,*,#2021,.T.);
#2626=ORIENTED_EDGE('',*,*,#2022,.F.);
#2627=ORIENTED_EDGE('',*,*,#2023,.T.);
#2628=ORIENTED_EDGE('',*,*,#2024,.F.);
#2629=ORIENTED_EDGE('',*,*,#2025,.F.);
#2630=ORIENTED_EDGE('',*,*,#2026,.F.);
#2631=ORIENTED_EDGE('',*,*,#2027,.F.);
#2632=ORIENTED_EDGE('',*,*,#2028,.F.);
#2633=ORIENTED_EDGE('',*,*,#2029,.F.);
#2634=ORIENTED_EDGE('',*,*,#2030,.F.);
#2635=ORIENTED_EDGE('',*,*,#2031,.F.);
#2636=ORIENTED_EDGE('',*,*,#2032,.F.);
#2637=ORIENTED_EDGE('',*,*,#2033,.F.);
#2638=ORIENTED_EDGE('',*,*,#2034,.F.);
#2639=ORIENTED_EDGE('',*,*,#2035,.T.);
#2640=ORIENTED_EDGE('',*,*,#2036,.F.);
#2641=ORIENTED_EDGE('',*,*,#2037,.F.);
#2642=ORIENTED_EDGE('',*,*,#2038,.F.);
#2643=ORIENTED_EDGE('',*,*,#2039,.F.);
#2644=ORIENTED_EDGE('',*,*,#2040,.F.);
#2645=ORIENTED_EDGE('',*,*,#2041,.F.);
#2646=ORIENTED_EDGE('',*,*,#2042,.F.);
#2647=ORIENTED_EDGE('',*,*,#2043,.T.);
#2648=ORIENTED_EDGE('',*,*,#2044,.F.);
#2649=ORIENTED_EDGE('',*,*,#2045,.F.);
#2650=ORIENTED_EDGE('',*,*,#2046,.F.);
#2651=ORIENTED_EDGE('',*,*,#2047,.T.);
#2652=ORIENTED_EDGE('',*,*,#2048,.F.);
#2653=ORIENTED_EDGE('',*,*,#2049,.F.);
#2654=ORIENTED_EDGE('',*,*,#2050,.F.);
#2655=ORIENTED_EDGE('',*,*,#2051,.F.);
#2656=ORIENTED_EDGE('',*,*,#2052,.F.);
#2657=ORIENTED_EDGE('',*,*,#2053,.F.);
#2658=ORIENTED_EDGE('',*,*,#1875,.F.);
#2659=ORIENTED_EDGE('',*,*,#1908,.F.);
#2660=ORIENTED_EDGE('',*,*,#1904,.F.);
#2661=ORIENTED_EDGE('',*,*,#1882,.F.);
#2662=ORIENTED_EDGE('',*,*,#1886,.F.);
#2663=ORIENTED_EDGE('',*,*,#1889,.F.);
#2664=ORIENTED_EDGE('',*,*,#1892,.F.);
#2665=ORIENTED_EDGE('',*,*,#1893,.F.);
#2666=ORIENTED_EDGE('',*,*,#1898,.F.);
#2667=ORIENTED_EDGE('',*,*,#1901,.F.);
#2668=ORIENTED_EDGE('',*,*,#1902,.F.);
#2669=ORIENTED_EDGE('',*,*,#1878,.F.);
#2670=ORIENTED_EDGE('',*,*,#2054,.T.);
#2671=ORIENTED_EDGE('',*,*,#2055,.T.);
#2672=ORIENTED_EDGE('',*,*,#1962,.T.);
#2673=ORIENTED_EDGE('',*,*,#1965,.F.);
#2674=ORIENTED_EDGE('',*,*,#1981,.F.);
#2675=ORIENTED_EDGE('',*,*,#1979,.F.);
#2676=ORIENTED_EDGE('',*,*,#1977,.F.);
#2677=ORIENTED_EDGE('',*,*,#1975,.F.);
#2678=ORIENTED_EDGE('',*,*,#1973,.F.);
#2679=ORIENTED_EDGE('',*,*,#1971,.F.);
#2680=ORIENTED_EDGE('',*,*,#1969,.F.);
#2681=ORIENTED_EDGE('',*,*,#1967,.F.);
#2682=ORIENTED_EDGE('',*,*,#1983,.F.);
#2683=ORIENTED_EDGE('',*,*,#1986,.F.);
#2684=ORIENTED_EDGE('',*,*,#2002,.F.);
#2685=ORIENTED_EDGE('',*,*,#2000,.F.);
#2686=ORIENTED_EDGE('',*,*,#1998,.F.);
#2687=ORIENTED_EDGE('',*,*,#1996,.F.);
#2688=ORIENTED_EDGE('',*,*,#1994,.F.);
#2689=ORIENTED_EDGE('',*,*,#1992,.F.);
#2690=ORIENTED_EDGE('',*,*,#1990,.F.);
#2691=ORIENTED_EDGE('',*,*,#1988,.F.);
#2692=ORIENTED_EDGE('',*,*,#2004,.F.);
#2693=ORIENTED_EDGE('',*,*,#2005,.F.);
#2694=ORIENTED_EDGE('',*,*,#2020,.F.);
#2695=ORIENTED_EDGE('',*,*,#2056,.T.);
#2696=ORIENTED_EDGE('',*,*,#2057,.F.);
#2697=ORIENTED_EDGE('',*,*,#2058,.T.);
#2698=ORIENTED_EDGE('',*,*,#2007,.F.);
#2699=ORIENTED_EDGE('',*,*,#2010,.T.);
#2700=ORIENTED_EDGE('',*,*,#2059,.F.);
#2701=ORIENTED_EDGE('',*,*,#2060,.F.);
#2702=ORIENTED_EDGE('',*,*,#2012,.F.);
#2703=ORIENTED_EDGE('',*,*,#2015,.T.);
#2704=ORIENTED_EDGE('',*,*,#2017,.F.);
#2705=ORIENTED_EDGE('',*,*,#2019,.T.);
#2706=ORIENTED_EDGE('',*,*,#2061,.T.);
#2707=ORIENTED_EDGE('',*,*,#2062,.F.);
#2708=ORIENTED_EDGE('',*,*,#2063,.F.);
#2709=ORIENTED_EDGE('',*,*,#2064,.T.);
#2710=ORIENTED_EDGE('',*,*,#2065,.T.);
#2711=ORIENTED_EDGE('',*,*,#2021,.F.);
#2712=ORIENTED_EDGE('',*,*,#1960,.F.);
#2713=ORIENTED_EDGE('',*,*,#2066,.F.);
#2714=ORIENTED_EDGE('',*,*,#2056,.F.);
#2715=ORIENTED_EDGE('',*,*,#1959,.T.);
#2716=ORIENTED_EDGE('',*,*,#2067,.T.);
#2717=ORIENTED_EDGE('',*,*,#2057,.T.);
#2718=ORIENTED_EDGE('',*,*,#2066,.T.);
#2719=ORIENTED_EDGE('',*,*,#2008,.F.);
#2720=ORIENTED_EDGE('',*,*,#2058,.F.);
#2721=ORIENTED_EDGE('',*,*,#2067,.F.);
#2722=ORIENTED_EDGE('',*,*,#1958,.F.);
#2723=ORIENTED_EDGE('',*,*,#2013,.F.);
#2724=ORIENTED_EDGE('',*,*,#2060,.T.);
#2725=ORIENTED_EDGE('',*,*,#2068,.T.);
#2726=ORIENTED_EDGE('',*,*,#1954,.T.);
#2727=ORIENTED_EDGE('',*,*,#1815,.F.);
#2728=ORIENTED_EDGE('',*,*,#1846,.T.);
#2729=ORIENTED_EDGE('',*,*,#2069,.T.);
#2730=ORIENTED_EDGE('',*,*,#2070,.T.);
#2731=ORIENTED_EDGE('',*,*,#2071,.T.);
#2732=ORIENTED_EDGE('',*,*,#2070,.F.);
#2733=ORIENTED_EDGE('',*,*,#2072,.T.);
#2734=ORIENTED_EDGE('',*,*,#2069,.F.);
#2735=ORIENTED_EDGE('',*,*,#2073,.T.);
#2736=ORIENTED_EDGE('',*,*,#2074,.F.);
#2737=ORIENTED_EDGE('',*,*,#2073,.F.);
#2738=ORIENTED_EDGE('',*,*,#2072,.F.);
#2739=ORIENTED_EDGE('',*,*,#2075,.F.);
#2740=ORIENTED_EDGE('',*,*,#2076,.T.);
#2741=ORIENTED_EDGE('',*,*,#2077,.F.);
#2742=ORIENTED_EDGE('',*,*,#2078,.T.);
#2743=ORIENTED_EDGE('',*,*,#2079,.F.);
#2744=ORIENTED_EDGE('',*,*,#2080,.T.);
#2745=ORIENTED_EDGE('',*,*,#2081,.F.);
#2746=ORIENTED_EDGE('',*,*,#2082,.T.);
#2747=ORIENTED_EDGE('',*,*,#2083,.F.);
#2748=ORIENTED_EDGE('',*,*,#2084,.T.);
#2749=ORIENTED_EDGE('',*,*,#2085,.F.);
#2750=ORIENTED_EDGE('',*,*,#2086,.F.);
#2751=ORIENTED_EDGE('',*,*,#2087,.F.);
#2752=ORIENTED_EDGE('',*,*,#2088,.F.);
#2753=ORIENTED_EDGE('',*,*,#2089,.F.);
#2754=ORIENTED_EDGE('',*,*,#2090,.F.);
#2755=ORIENTED_EDGE('',*,*,#2091,.F.);
#2756=ORIENTED_EDGE('',*,*,#2092,.F.);
#2757=ORIENTED_EDGE('',*,*,#2093,.T.);
#2758=ORIENTED_EDGE('',*,*,#2094,.T.);
#2759=ORIENTED_EDGE('',*,*,#2095,.T.);
#2760=ORIENTED_EDGE('',*,*,#2096,.T.);
#2761=ORIENTED_EDGE('',*,*,#2097,.T.);
#2762=ORIENTED_EDGE('',*,*,#2098,.T.);
#2763=ORIENTED_EDGE('',*,*,#2099,.T.);
#2764=ORIENTED_EDGE('',*,*,#2100,.T.);
#2765=ORIENTED_EDGE('',*,*,#2071,.F.);
#2766=ORIENTED_EDGE('',*,*,#2074,.T.);
#2767=ORIENTED_EDGE('',*,*,#2101,.T.);
#2768=ORIENTED_EDGE('',*,*,#2102,.T.);
#2769=ORIENTED_EDGE('',*,*,#2103,.T.);
#2770=ORIENTED_EDGE('',*,*,#2102,.F.);
#2771=ORIENTED_EDGE('',*,*,#2104,.T.);
#2772=ORIENTED_EDGE('',*,*,#2105,.F.);
#2773=ORIENTED_EDGE('',*,*,#2106,.T.);
#2774=ORIENTED_EDGE('',*,*,#2107,.F.);
#2775=ORIENTED_EDGE('',*,*,#2108,.T.);
#2776=ORIENTED_EDGE('',*,*,#2109,.F.);
#2777=ORIENTED_EDGE('',*,*,#2110,.T.);
#2778=ORIENTED_EDGE('',*,*,#2111,.F.);
#2779=ORIENTED_EDGE('',*,*,#2112,.T.);
#2780=ORIENTED_EDGE('',*,*,#2113,.F.);
#2781=ORIENTED_EDGE('',*,*,#2114,.T.);
#2782=ORIENTED_EDGE('',*,*,#2115,.F.);
#2783=ORIENTED_EDGE('',*,*,#2116,.F.);
#2784=ORIENTED_EDGE('',*,*,#2117,.F.);
#2785=ORIENTED_EDGE('',*,*,#2118,.F.);
#2786=ORIENTED_EDGE('',*,*,#2119,.F.);
#2787=ORIENTED_EDGE('',*,*,#2120,.F.);
#2788=ORIENTED_EDGE('',*,*,#2121,.F.);
#2789=ORIENTED_EDGE('',*,*,#2122,.F.);
#2790=ORIENTED_EDGE('',*,*,#2123,.F.);
#2791=ORIENTED_EDGE('',*,*,#2124,.F.);
#2792=ORIENTED_EDGE('',*,*,#2125,.F.);
#2793=ORIENTED_EDGE('',*,*,#2126,.F.);
#2794=ORIENTED_EDGE('',*,*,#2127,.F.);
#2795=ORIENTED_EDGE('',*,*,#2128,.F.);
#2796=ORIENTED_EDGE('',*,*,#2129,.F.);
#2797=ORIENTED_EDGE('',*,*,#2130,.F.);
#2798=ORIENTED_EDGE('',*,*,#2103,.F.);
#2799=ORIENTED_EDGE('',*,*,#2101,.F.);
#2800=ORIENTED_EDGE('',*,*,#2131,.T.);
#2801=ORIENTED_EDGE('',*,*,#2132,.T.);
#2802=ORIENTED_EDGE('',*,*,#2131,.F.);
#2803=ORIENTED_EDGE('',*,*,#2104,.F.);
#2804=ORIENTED_EDGE('',*,*,#2132,.F.);
#2805=ORIENTED_EDGE('',*,*,#1867,.T.);
#2806=ORIENTED_EDGE('',*,*,#2133,.T.);
#2807=ORIENTED_EDGE('',*,*,#2134,.F.);
#2808=ORIENTED_EDGE('',*,*,#2135,.F.);
#2809=ORIENTED_EDGE('',*,*,#1869,.T.);
#2810=ORIENTED_EDGE('',*,*,#2136,.T.);
#2811=ORIENTED_EDGE('',*,*,#2137,.F.);
#2812=ORIENTED_EDGE('',*,*,#2138,.F.);
#2813=ORIENTED_EDGE('',*,*,#1870,.T.);
#2814=ORIENTED_EDGE('',*,*,#2138,.T.);
#2815=ORIENTED_EDGE('',*,*,#2139,.F.);
#2816=ORIENTED_EDGE('',*,*,#2140,.F.);
#2817=ORIENTED_EDGE('',*,*,#1871,.T.);
#2818=ORIENTED_EDGE('',*,*,#2140,.T.);
#2819=ORIENTED_EDGE('',*,*,#2141,.F.);
#2820=ORIENTED_EDGE('',*,*,#2142,.F.);
#2821=ORIENTED_EDGE('',*,*,#1872,.T.);
#2822=ORIENTED_EDGE('',*,*,#2142,.T.);
#2823=ORIENTED_EDGE('',*,*,#2143,.F.);
#2824=ORIENTED_EDGE('',*,*,#2144,.F.);
#2825=ORIENTED_EDGE('',*,*,#1865,.T.);
#2826=ORIENTED_EDGE('',*,*,#2144,.T.);
#2827=ORIENTED_EDGE('',*,*,#2145,.F.);
#2828=ORIENTED_EDGE('',*,*,#2146,.F.);
#2829=ORIENTED_EDGE('',*,*,#1866,.T.);
#2830=ORIENTED_EDGE('',*,*,#2146,.T.);
#2831=ORIENTED_EDGE('',*,*,#2147,.F.);
#2832=ORIENTED_EDGE('',*,*,#2133,.F.);
#2833=ORIENTED_EDGE('',*,*,#2147,.T.);
#2834=ORIENTED_EDGE('',*,*,#2145,.T.);
#2835=ORIENTED_EDGE('',*,*,#2143,.T.);
#2836=ORIENTED_EDGE('',*,*,#2141,.T.);
#2837=ORIENTED_EDGE('',*,*,#2139,.T.);
#2838=ORIENTED_EDGE('',*,*,#2137,.T.);
#2839=ORIENTED_EDGE('',*,*,#2148,.T.);
#2840=ORIENTED_EDGE('',*,*,#2134,.T.);
#2841=ORIENTED_EDGE('',*,*,#1868,.T.);
#2842=ORIENTED_EDGE('',*,*,#2135,.T.);
#2843=ORIENTED_EDGE('',*,*,#2148,.F.);
#2844=ORIENTED_EDGE('',*,*,#2136,.F.);
#2845=ORIENTED_EDGE('',*,*,#1859,.T.);
#2846=ORIENTED_EDGE('',*,*,#2149,.T.);
#2847=ORIENTED_EDGE('',*,*,#2150,.T.);
#2848=ORIENTED_EDGE('',*,*,#2151,.F.);
#2849=ORIENTED_EDGE('',*,*,#1857,.T.);
#2850=ORIENTED_EDGE('',*,*,#2152,.T.);
#2851=ORIENTED_EDGE('',*,*,#2153,.T.);
#2852=ORIENTED_EDGE('',*,*,#2154,.F.);
#2853=ORIENTED_EDGE('',*,*,#1864,.T.);
#2854=ORIENTED_EDGE('',*,*,#2155,.T.);
#2855=ORIENTED_EDGE('',*,*,#2156,.T.);
#2856=ORIENTED_EDGE('',*,*,#2152,.F.);
#2857=ORIENTED_EDGE('',*,*,#1863,.T.);
#2858=ORIENTED_EDGE('',*,*,#2157,.T.);
#2859=ORIENTED_EDGE('',*,*,#2158,.T.);
#2860=ORIENTED_EDGE('',*,*,#2155,.F.);
#2861=ORIENTED_EDGE('',*,*,#1862,.T.);
#2862=ORIENTED_EDGE('',*,*,#2159,.T.);
#2863=ORIENTED_EDGE('',*,*,#2160,.T.);
#2864=ORIENTED_EDGE('',*,*,#2157,.F.);
#2865=ORIENTED_EDGE('',*,*,#1861,.T.);
#2866=ORIENTED_EDGE('',*,*,#2161,.T.);
#2867=ORIENTED_EDGE('',*,*,#2162,.T.);
#2868=ORIENTED_EDGE('',*,*,#2159,.F.);
#2869=ORIENTED_EDGE('',*,*,#1860,.T.);
#2870=ORIENTED_EDGE('',*,*,#2151,.T.);
#2871=ORIENTED_EDGE('',*,*,#2163,.T.);
#2872=ORIENTED_EDGE('',*,*,#2161,.F.);
#2873=ORIENTED_EDGE('',*,*,#2163,.F.);
#2874=ORIENTED_EDGE('',*,*,#2150,.F.);
#2875=ORIENTED_EDGE('',*,*,#2164,.F.);
#2876=ORIENTED_EDGE('',*,*,#2153,.F.);
#2877=ORIENTED_EDGE('',*,*,#2156,.F.);
#2878=ORIENTED_EDGE('',*,*,#2158,.F.);
#2879=ORIENTED_EDGE('',*,*,#2160,.F.);
#2880=ORIENTED_EDGE('',*,*,#2162,.F.);
#2881=ORIENTED_EDGE('',*,*,#1858,.T.);
#2882=ORIENTED_EDGE('',*,*,#2154,.T.);
#2883=ORIENTED_EDGE('',*,*,#2164,.T.);
#2884=ORIENTED_EDGE('',*,*,#2149,.F.);
#2885=ORIENTED_EDGE('',*,*,#2117,.T.);
#2886=ORIENTED_EDGE('',*,*,#2165,.T.);
#2887=ORIENTED_EDGE('',*,*,#2166,.T.);
#2888=ORIENTED_EDGE('',*,*,#2167,.F.);
#2889=ORIENTED_EDGE('',*,*,#2115,.T.);
#2890=ORIENTED_EDGE('',*,*,#2168,.T.);
#2891=ORIENTED_EDGE('',*,*,#2169,.T.);
#2892=ORIENTED_EDGE('',*,*,#2170,.F.);
#2893=ORIENTED_EDGE('',*,*,#2122,.T.);
#2894=ORIENTED_EDGE('',*,*,#2171,.T.);
#2895=ORIENTED_EDGE('',*,*,#2172,.T.);
#2896=ORIENTED_EDGE('',*,*,#2168,.F.);
#2897=ORIENTED_EDGE('',*,*,#2121,.T.);
#2898=ORIENTED_EDGE('',*,*,#2173,.T.);
#2899=ORIENTED_EDGE('',*,*,#2174,.T.);
#2900=ORIENTED_EDGE('',*,*,#2171,.F.);
#2901=ORIENTED_EDGE('',*,*,#2120,.T.);
#2902=ORIENTED_EDGE('',*,*,#2175,.T.);
#2903=ORIENTED_EDGE('',*,*,#2176,.T.);
#2904=ORIENTED_EDGE('',*,*,#2173,.F.);
#2905=ORIENTED_EDGE('',*,*,#2119,.T.);
#2906=ORIENTED_EDGE('',*,*,#2177,.T.);
#2907=ORIENTED_EDGE('',*,*,#2178,.T.);
#2908=ORIENTED_EDGE('',*,*,#2175,.F.);
#2909=ORIENTED_EDGE('',*,*,#2118,.T.);
#2910=ORIENTED_EDGE('',*,*,#2167,.T.);
#2911=ORIENTED_EDGE('',*,*,#2179,.T.);
#2912=ORIENTED_EDGE('',*,*,#2177,.F.);
#2913=ORIENTED_EDGE('',*,*,#2179,.F.);
#2914=ORIENTED_EDGE('',*,*,#2166,.F.);
#2915=ORIENTED_EDGE('',*,*,#2180,.F.);
#2916=ORIENTED_EDGE('',*,*,#2169,.F.);
#2917=ORIENTED_EDGE('',*,*,#2172,.F.);
#2918=ORIENTED_EDGE('',*,*,#2174,.F.);
#2919=ORIENTED_EDGE('',*,*,#2176,.F.);
#2920=ORIENTED_EDGE('',*,*,#2178,.F.);
#2921=ORIENTED_EDGE('',*,*,#2116,.T.);
#2922=ORIENTED_EDGE('',*,*,#2170,.T.);
#2923=ORIENTED_EDGE('',*,*,#2180,.T.);
#2924=ORIENTED_EDGE('',*,*,#2165,.F.);
#2925=ORIENTED_EDGE('',*,*,#2123,.T.);
#2926=ORIENTED_EDGE('',*,*,#2181,.T.);
#2927=ORIENTED_EDGE('',*,*,#2182,.F.);
#2928=ORIENTED_EDGE('',*,*,#2183,.F.);
#2929=ORIENTED_EDGE('',*,*,#2125,.T.);
#2930=ORIENTED_EDGE('',*,*,#2184,.T.);
#2931=ORIENTED_EDGE('',*,*,#2185,.F.);
#2932=ORIENTED_EDGE('',*,*,#2186,.F.);
#2933=ORIENTED_EDGE('',*,*,#2126,.T.);
#2934=ORIENTED_EDGE('',*,*,#2186,.T.);
#2935=ORIENTED_EDGE('',*,*,#2187,.F.);
#2936=ORIENTED_EDGE('',*,*,#2188,.F.);
#2937=ORIENTED_EDGE('',*,*,#2127,.T.);
#2938=ORIENTED_EDGE('',*,*,#2188,.T.);
#2939=ORIENTED_EDGE('',*,*,#2189,.F.);
#2940=ORIENTED_EDGE('',*,*,#2190,.F.);
#2941=ORIENTED_EDGE('',*,*,#2128,.T.);
#2942=ORIENTED_EDGE('',*,*,#2190,.T.);
#2943=ORIENTED_EDGE('',*,*,#2191,.F.);
#2944=ORIENTED_EDGE('',*,*,#2192,.F.);
#2945=ORIENTED_EDGE('',*,*,#2129,.T.);
#2946=ORIENTED_EDGE('',*,*,#2192,.T.);
#2947=ORIENTED_EDGE('',*,*,#2193,.F.);
#2948=ORIENTED_EDGE('',*,*,#2194,.F.);
#2949=ORIENTED_EDGE('',*,*,#2130,.T.);
#2950=ORIENTED_EDGE('',*,*,#2194,.T.);
#2951=ORIENTED_EDGE('',*,*,#2195,.F.);
#2952=ORIENTED_EDGE('',*,*,#2181,.F.);
#2953=ORIENTED_EDGE('',*,*,#2195,.T.);
#2954=ORIENTED_EDGE('',*,*,#2193,.T.);
#2955=ORIENTED_EDGE('',*,*,#2191,.T.);
#2956=ORIENTED_EDGE('',*,*,#2189,.T.);
#2957=ORIENTED_EDGE('',*,*,#2187,.T.);
#2958=ORIENTED_EDGE('',*,*,#2185,.T.);
#2959=ORIENTED_EDGE('',*,*,#2196,.T.);
#2960=ORIENTED_EDGE('',*,*,#2182,.T.);
#2961=ORIENTED_EDGE('',*,*,#2124,.T.);
#2962=ORIENTED_EDGE('',*,*,#2183,.T.);
#2963=ORIENTED_EDGE('',*,*,#2196,.F.);
#2964=ORIENTED_EDGE('',*,*,#2184,.F.);
#2965=ORIENTED_EDGE('',*,*,#1836,.T.);
#2966=ORIENTED_EDGE('',*,*,#2197,.T.);
#2967=ORIENTED_EDGE('',*,*,#2198,.T.);
#2968=ORIENTED_EDGE('',*,*,#2199,.F.);
#2969=ORIENTED_EDGE('',*,*,#1834,.T.);
#2970=ORIENTED_EDGE('',*,*,#2200,.T.);
#2971=ORIENTED_EDGE('',*,*,#2201,.T.);
#2972=ORIENTED_EDGE('',*,*,#2202,.F.);
#2973=ORIENTED_EDGE('',*,*,#1841,.T.);
#2974=ORIENTED_EDGE('',*,*,#2203,.T.);
#2975=ORIENTED_EDGE('',*,*,#2204,.T.);
#2976=ORIENTED_EDGE('',*,*,#2200,.F.);
#2977=ORIENTED_EDGE('',*,*,#1840,.T.);
#2978=ORIENTED_EDGE('',*,*,#2205,.T.);
#2979=ORIENTED_EDGE('',*,*,#2206,.T.);
#2980=ORIENTED_EDGE('',*,*,#2203,.F.);
#2981=ORIENTED_EDGE('',*,*,#1839,.T.);
#2982=ORIENTED_EDGE('',*,*,#2207,.T.);
#2983=ORIENTED_EDGE('',*,*,#2208,.T.);
#2984=ORIENTED_EDGE('',*,*,#2205,.F.);
#2985=ORIENTED_EDGE('',*,*,#1838,.T.);
#2986=ORIENTED_EDGE('',*,*,#2209,.T.);
#2987=ORIENTED_EDGE('',*,*,#2210,.T.);
#2988=ORIENTED_EDGE('',*,*,#2207,.F.);
#2989=ORIENTED_EDGE('',*,*,#1837,.T.);
#2990=ORIENTED_EDGE('',*,*,#2199,.T.);
#2991=ORIENTED_EDGE('',*,*,#2211,.T.);
#2992=ORIENTED_EDGE('',*,*,#2209,.F.);
#2993=ORIENTED_EDGE('',*,*,#2211,.F.);
#2994=ORIENTED_EDGE('',*,*,#2198,.F.);
#2995=ORIENTED_EDGE('',*,*,#2212,.F.);
#2996=ORIENTED_EDGE('',*,*,#2201,.F.);
#2997=ORIENTED_EDGE('',*,*,#2204,.F.);
#2998=ORIENTED_EDGE('',*,*,#2206,.F.);
#2999=ORIENTED_EDGE('',*,*,#2208,.F.);
#3000=ORIENTED_EDGE('',*,*,#2210,.F.);
#3001=ORIENTED_EDGE('',*,*,#1835,.T.);
#3002=ORIENTED_EDGE('',*,*,#2202,.T.);
#3003=ORIENTED_EDGE('',*,*,#2212,.T.);
#3004=ORIENTED_EDGE('',*,*,#2197,.F.);
#3005=ORIENTED_EDGE('',*,*,#1826,.T.);
#3006=ORIENTED_EDGE('',*,*,#2213,.T.);
#3007=ORIENTED_EDGE('',*,*,#2214,.F.);
#3008=ORIENTED_EDGE('',*,*,#2215,.F.);
#3009=ORIENTED_EDGE('',*,*,#1828,.T.);
#3010=ORIENTED_EDGE('',*,*,#2216,.T.);
#3011=ORIENTED_EDGE('',*,*,#2217,.F.);
#3012=ORIENTED_EDGE('',*,*,#2218,.F.);
#3013=ORIENTED_EDGE('',*,*,#1829,.T.);
#3014=ORIENTED_EDGE('',*,*,#2218,.T.);
#3015=ORIENTED_EDGE('',*,*,#2219,.F.);
#3016=ORIENTED_EDGE('',*,*,#2220,.F.);
#3017=ORIENTED_EDGE('',*,*,#1830,.T.);
#3018=ORIENTED_EDGE('',*,*,#2220,.T.);
#3019=ORIENTED_EDGE('',*,*,#2221,.F.);
#3020=ORIENTED_EDGE('',*,*,#2222,.F.);
#3021=ORIENTED_EDGE('',*,*,#1831,.T.);
#3022=ORIENTED_EDGE('',*,*,#2222,.T.);
#3023=ORIENTED_EDGE('',*,*,#2223,.F.);
#3024=ORIENTED_EDGE('',*,*,#2224,.F.);
#3025=ORIENTED_EDGE('',*,*,#1832,.T.);
#3026=ORIENTED_EDGE('',*,*,#2224,.T.);
#3027=ORIENTED_EDGE('',*,*,#2225,.F.);
#3028=ORIENTED_EDGE('',*,*,#2226,.F.);
#3029=ORIENTED_EDGE('',*,*,#1833,.T.);
#3030=ORIENTED_EDGE('',*,*,#2226,.T.);
#3031=ORIENTED_EDGE('',*,*,#2227,.F.);
#3032=ORIENTED_EDGE('',*,*,#2213,.F.);
#3033=ORIENTED_EDGE('',*,*,#2227,.T.);
#3034=ORIENTED_EDGE('',*,*,#2225,.T.);
#3035=ORIENTED_EDGE('',*,*,#2223,.T.);
#3036=ORIENTED_EDGE('',*,*,#2221,.T.);
#3037=ORIENTED_EDGE('',*,*,#2219,.T.);
#3038=ORIENTED_EDGE('',*,*,#2217,.T.);
#3039=ORIENTED_EDGE('',*,*,#2228,.T.);
#3040=ORIENTED_EDGE('',*,*,#2214,.T.);
#3041=ORIENTED_EDGE('',*,*,#1827,.T.);
#3042=ORIENTED_EDGE('',*,*,#2215,.T.);
#3043=ORIENTED_EDGE('',*,*,#2228,.F.);
#3044=ORIENTED_EDGE('',*,*,#2216,.F.);
#3045=ORIENTED_EDGE('',*,*,#2075,.T.);
#3046=ORIENTED_EDGE('',*,*,#2229,.T.);
#3047=ORIENTED_EDGE('',*,*,#2022,.T.);
#3048=ORIENTED_EDGE('',*,*,#2230,.T.);
#3049=ORIENTED_EDGE('',*,*,#2230,.F.);
#3050=ORIENTED_EDGE('',*,*,#2053,.T.);
#3051=ORIENTED_EDGE('',*,*,#2231,.F.);
#3052=ORIENTED_EDGE('',*,*,#2076,.F.);
#3053=ORIENTED_EDGE('',*,*,#2083,.T.);
#3054=ORIENTED_EDGE('',*,*,#2232,.T.);
#3055=ORIENTED_EDGE('',*,*,#2024,.T.);
#3056=ORIENTED_EDGE('',*,*,#2233,.T.);
#3057=ORIENTED_EDGE('',*,*,#2229,.F.);
#3058=ORIENTED_EDGE('',*,*,#2084,.F.);
#3059=ORIENTED_EDGE('',*,*,#2233,.F.);
#3060=ORIENTED_EDGE('',*,*,#2023,.F.);
#3061=ORIENTED_EDGE('',*,*,#2232,.F.);
#3062=ORIENTED_EDGE('',*,*,#2082,.F.);
#3063=ORIENTED_EDGE('',*,*,#2234,.T.);
#3064=ORIENTED_EDGE('',*,*,#1910,.T.);
#3065=ORIENTED_EDGE('',*,*,#2235,.F.);
#3066=ORIENTED_EDGE('',*,*,#2108,.F.);
#3067=ORIENTED_EDGE('',*,*,#2236,.F.);
#3068=ORIENTED_EDGE('',*,*,#2025,.T.);
#3069=ORIENTED_EDGE('',*,*,#2093,.F.);
#3070=ORIENTED_EDGE('',*,*,#2237,.T.);
#3071=ORIENTED_EDGE('',*,*,#2238,.T.);
#3072=ORIENTED_EDGE('',*,*,#2239,.F.);
#3073=ORIENTED_EDGE('',*,*,#2240,.F.);
#3074=ORIENTED_EDGE('',*,*,#2241,.F.);
#3075=ORIENTED_EDGE('',*,*,#2242,.F.);
#3076=ORIENTED_EDGE('',*,*,#2243,.F.);
#3077=ORIENTED_EDGE('',*,*,#2244,.F.);
#3078=ORIENTED_EDGE('',*,*,#2245,.F.);
#3079=ORIENTED_EDGE('',*,*,#2246,.F.);
#3080=ORIENTED_EDGE('',*,*,#2247,.F.);
#3081=ORIENTED_EDGE('',*,*,#2248,.F.);
#3082=ORIENTED_EDGE('',*,*,#2249,.F.);
#3083=ORIENTED_EDGE('',*,*,#2250,.F.);
#3084=ORIENTED_EDGE('',*,*,#2251,.F.);
#3085=ORIENTED_EDGE('',*,*,#2252,.F.);
#3086=ORIENTED_EDGE('',*,*,#1915,.T.);
#3087=ORIENTED_EDGE('',*,*,#2253,.F.);
#3088=ORIENTED_EDGE('',*,*,#1851,.T.);
#3089=ORIENTED_EDGE('',*,*,#2254,.T.);
#3090=ORIENTED_EDGE('',*,*,#1924,.T.);
#3091=ORIENTED_EDGE('',*,*,#2255,.T.);
#3092=ORIENTED_EDGE('',*,*,#2246,.T.);
#3093=ORIENTED_EDGE('',*,*,#2256,.F.);
#3094=ORIENTED_EDGE('',*,*,#1923,.T.);
#3095=ORIENTED_EDGE('',*,*,#2257,.T.);
#3096=ORIENTED_EDGE('',*,*,#2247,.T.);
#3097=ORIENTED_EDGE('',*,*,#2255,.F.);
#3098=ORIENTED_EDGE('',*,*,#1922,.T.);
#3099=ORIENTED_EDGE('',*,*,#2258,.T.);
#3100=ORIENTED_EDGE('',*,*,#2240,.T.);
#3101=ORIENTED_EDGE('',*,*,#2257,.F.);
#3102=ORIENTED_EDGE('',*,*,#1921,.T.);
#3103=ORIENTED_EDGE('',*,*,#2259,.T.);
#3104=ORIENTED_EDGE('',*,*,#2241,.T.);
#3105=ORIENTED_EDGE('',*,*,#2258,.F.);
#3106=ORIENTED_EDGE('',*,*,#1920,.T.);
#3107=ORIENTED_EDGE('',*,*,#2260,.T.);
#3108=ORIENTED_EDGE('',*,*,#2242,.T.);
#3109=ORIENTED_EDGE('',*,*,#2259,.F.);
#3110=ORIENTED_EDGE('',*,*,#1919,.T.);
#3111=ORIENTED_EDGE('',*,*,#2261,.T.);
#3112=ORIENTED_EDGE('',*,*,#2243,.T.);
#3113=ORIENTED_EDGE('',*,*,#2260,.F.);
#3114=ORIENTED_EDGE('',*,*,#1918,.T.);
#3115=ORIENTED_EDGE('',*,*,#2262,.T.);
#3116=ORIENTED_EDGE('',*,*,#2244,.T.);
#3117=ORIENTED_EDGE('',*,*,#2261,.F.);
#3118=ORIENTED_EDGE('',*,*,#1917,.T.);
#3119=ORIENTED_EDGE('',*,*,#2256,.T.);
#3120=ORIENTED_EDGE('',*,*,#2245,.T.);
#3121=ORIENTED_EDGE('',*,*,#2262,.F.);
#3122=ORIENTED_EDGE('',*,*,#1816,.T.);
#3123=ORIENTED_EDGE('',*,*,#2263,.T.);
#3124=ORIENTED_EDGE('',*,*,#2046,.T.);
#3125=ORIENTED_EDGE('',*,*,#2264,.T.);
#3126=ORIENTED_EDGE('',*,*,#2264,.F.);
#3127=ORIENTED_EDGE('',*,*,#2045,.T.);
#3128=ORIENTED_EDGE('',*,*,#2265,.F.);
#3129=ORIENTED_EDGE('',*,*,#1817,.F.);
#3130=ORIENTED_EDGE('',*,*,#1818,.T.);
#3131=ORIENTED_EDGE('',*,*,#2265,.T.);
#3132=ORIENTED_EDGE('',*,*,#2044,.T.);
#3133=ORIENTED_EDGE('',*,*,#2266,.T.);
#3134=ORIENTED_EDGE('',*,*,#2266,.F.);
#3135=ORIENTED_EDGE('',*,*,#2043,.F.);
#3136=ORIENTED_EDGE('',*,*,#2267,.F.);
#3137=ORIENTED_EDGE('',*,*,#1819,.F.);
#3138=ORIENTED_EDGE('',*,*,#1820,.T.);
#3139=ORIENTED_EDGE('',*,*,#2267,.T.);
#3140=ORIENTED_EDGE('',*,*,#2042,.T.);
#3141=ORIENTED_EDGE('',*,*,#2268,.T.);
#3142=ORIENTED_EDGE('',*,*,#1914,.T.);
#3143=ORIENTED_EDGE('',*,*,#2269,.F.);
#3144=ORIENTED_EDGE('',*,*,#1821,.F.);
#3145=ORIENTED_EDGE('',*,*,#2268,.F.);
#3146=ORIENTED_EDGE('',*,*,#2041,.T.);
#3147=ORIENTED_EDGE('',*,*,#2270,.F.);
#3148=ORIENTED_EDGE('',*,*,#1852,.F.);
#3149=ORIENTED_EDGE('',*,*,#2253,.T.);
#3150=ORIENTED_EDGE('',*,*,#1853,.T.);
#3151=ORIENTED_EDGE('',*,*,#2270,.T.);
#3152=ORIENTED_EDGE('',*,*,#2040,.T.);
#3153=ORIENTED_EDGE('',*,*,#2271,.T.);
#3154=ORIENTED_EDGE('',*,*,#2272,.F.);
#3155=ORIENTED_EDGE('',*,*,#1854,.F.);
#3156=ORIENTED_EDGE('',*,*,#2271,.F.);
#3157=ORIENTED_EDGE('',*,*,#2039,.T.);
#3158=ORIENTED_EDGE('',*,*,#1855,.T.);
#3159=ORIENTED_EDGE('',*,*,#2272,.T.);
#3160=ORIENTED_EDGE('',*,*,#2038,.T.);
#3161=ORIENTED_EDGE('',*,*,#2273,.T.);
#3162=ORIENTED_EDGE('',*,*,#2274,.F.);
#3163=ORIENTED_EDGE('',*,*,#1856,.F.);
#3164=ORIENTED_EDGE('',*,*,#2273,.F.);
#3165=ORIENTED_EDGE('',*,*,#2037,.T.);
#3166=ORIENTED_EDGE('',*,*,#1847,.T.);
#3167=ORIENTED_EDGE('',*,*,#2274,.T.);
#3168=ORIENTED_EDGE('',*,*,#2036,.T.);
#3169=ORIENTED_EDGE('',*,*,#2275,.T.);
#3170=ORIENTED_EDGE('',*,*,#2275,.F.);
#3171=ORIENTED_EDGE('',*,*,#2035,.F.);
#3172=ORIENTED_EDGE('',*,*,#2276,.F.);
#3173=ORIENTED_EDGE('',*,*,#1848,.F.);
#3174=ORIENTED_EDGE('',*,*,#1849,.T.);
#3175=ORIENTED_EDGE('',*,*,#2276,.T.);
#3176=ORIENTED_EDGE('',*,*,#2034,.T.);
#3177=ORIENTED_EDGE('',*,*,#2277,.T.);
#3178=ORIENTED_EDGE('',*,*,#1916,.T.);
#3179=ORIENTED_EDGE('',*,*,#2254,.F.);
#3180=ORIENTED_EDGE('',*,*,#1850,.F.);
#3181=ORIENTED_EDGE('',*,*,#2277,.F.);
#3182=ORIENTED_EDGE('',*,*,#2033,.T.);
#3183=ORIENTED_EDGE('',*,*,#2278,.F.);
#3184=ORIENTED_EDGE('',*,*,#2110,.F.);
#3185=ORIENTED_EDGE('',*,*,#2279,.T.);
#3186=ORIENTED_EDGE('',*,*,#2111,.T.);
#3187=ORIENTED_EDGE('',*,*,#2278,.T.);
#3188=ORIENTED_EDGE('',*,*,#2032,.T.);
#3189=ORIENTED_EDGE('',*,*,#2280,.T.);
#3190=ORIENTED_EDGE('',*,*,#2281,.F.);
#3191=ORIENTED_EDGE('',*,*,#2112,.F.);
#3192=ORIENTED_EDGE('',*,*,#2280,.F.);
#3193=ORIENTED_EDGE('',*,*,#2031,.T.);
#3194=ORIENTED_EDGE('',*,*,#2113,.T.);
#3195=ORIENTED_EDGE('',*,*,#2281,.T.);
#3196=ORIENTED_EDGE('',*,*,#2030,.T.);
#3197=ORIENTED_EDGE('',*,*,#2282,.T.);
#3198=ORIENTED_EDGE('',*,*,#2283,.F.);
#3199=ORIENTED_EDGE('',*,*,#2114,.F.);
#3200=ORIENTED_EDGE('',*,*,#2282,.F.);
#3201=ORIENTED_EDGE('',*,*,#2029,.T.);
#3202=ORIENTED_EDGE('',*,*,#2105,.T.);
#3203=ORIENTED_EDGE('',*,*,#2283,.T.);
#3204=ORIENTED_EDGE('',*,*,#2028,.T.);
#3205=ORIENTED_EDGE('',*,*,#2284,.T.);
#3206=ORIENTED_EDGE('',*,*,#2284,.F.);
#3207=ORIENTED_EDGE('',*,*,#2027,.T.);
#3208=ORIENTED_EDGE('',*,*,#2285,.F.);
#3209=ORIENTED_EDGE('',*,*,#2106,.F.);
#3210=ORIENTED_EDGE('',*,*,#2263,.F.);
#3211=ORIENTED_EDGE('',*,*,#1825,.F.);
#3212=ORIENTED_EDGE('',*,*,#2286,.F.);
#3213=ORIENTED_EDGE('',*,*,#2047,.F.);
#3214=ORIENTED_EDGE('',*,*,#2249,.T.);
#3215=ORIENTED_EDGE('',*,*,#2287,.T.);
#3216=ORIENTED_EDGE('',*,*,#2061,.F.);
#3217=ORIENTED_EDGE('',*,*,#2287,.F.);
#3218=ORIENTED_EDGE('',*,*,#2250,.T.);
#3219=ORIENTED_EDGE('',*,*,#2288,.T.);
#3220=ORIENTED_EDGE('',*,*,#2062,.T.);
#3221=ORIENTED_EDGE('',*,*,#2288,.F.);
#3222=ORIENTED_EDGE('',*,*,#2251,.T.);
#3223=ORIENTED_EDGE('',*,*,#2289,.T.);
#3224=ORIENTED_EDGE('',*,*,#2063,.T.);
#3225=ORIENTED_EDGE('',*,*,#2289,.F.);
#3226=ORIENTED_EDGE('',*,*,#2252,.T.);
#3227=ORIENTED_EDGE('',*,*,#2290,.T.);
#3228=ORIENTED_EDGE('',*,*,#2064,.F.);
#3229=ORIENTED_EDGE('',*,*,#2290,.F.);
#3230=ORIENTED_EDGE('',*,*,#1936,.T.);
#3231=ORIENTED_EDGE('',*,*,#1963,.F.);
#3232=ORIENTED_EDGE('',*,*,#2055,.F.);
#3233=ORIENTED_EDGE('',*,*,#2291,.T.);
#3234=ORIENTED_EDGE('',*,*,#1925,.T.);
#3235=ORIENTED_EDGE('',*,*,#2291,.F.);
#3236=ORIENTED_EDGE('',*,*,#2054,.F.);
#3237=ORIENTED_EDGE('',*,*,#1966,.T.);
#3238=ORIENTED_EDGE('',*,*,#1955,.T.);
#3239=ORIENTED_EDGE('',*,*,#2068,.F.);
#3240=ORIENTED_EDGE('',*,*,#2059,.T.);
#3241=ORIENTED_EDGE('',*,*,#2009,.T.);
#3242=ORIENTED_EDGE('',*,*,#2248,.T.);
#3243=ORIENTED_EDGE('',*,*,#2292,.T.);
#3244=ORIENTED_EDGE('',*,*,#2065,.F.);
#3245=ORIENTED_EDGE('',*,*,#2292,.F.);
#3246=ORIENTED_EDGE('',*,*,#2107,.T.);
#3247=ORIENTED_EDGE('',*,*,#2285,.T.);
#3248=ORIENTED_EDGE('',*,*,#2026,.T.);
#3249=ORIENTED_EDGE('',*,*,#2236,.T.);
#3250=ORIENTED_EDGE('',*,*,#1909,.T.);
#3251=ORIENTED_EDGE('',*,*,#2279,.F.);
#3252=ORIENTED_EDGE('',*,*,#2109,.T.);
#3253=ORIENTED_EDGE('',*,*,#2235,.T.);
#3254=ORIENTED_EDGE('',*,*,#1913,.T.);
#3255=ORIENTED_EDGE('',*,*,#2293,.F.);
#3256=ORIENTED_EDGE('',*,*,#1822,.T.);
#3257=ORIENTED_EDGE('',*,*,#2269,.T.);
#3258=ORIENTED_EDGE('',*,*,#1824,.T.);
#3259=ORIENTED_EDGE('',*,*,#2294,.T.);
#3260=ORIENTED_EDGE('',*,*,#2048,.T.);
#3261=ORIENTED_EDGE('',*,*,#2286,.T.);
#3262=ORIENTED_EDGE('',*,*,#1911,.T.);
#3263=ORIENTED_EDGE('',*,*,#2234,.F.);
#3264=ORIENTED_EDGE('',*,*,#2081,.T.);
#3265=ORIENTED_EDGE('',*,*,#2295,.T.);
#3266=ORIENTED_EDGE('',*,*,#1912,.T.);
#3267=ORIENTED_EDGE('',*,*,#2295,.F.);
#3268=ORIENTED_EDGE('',*,*,#2080,.F.);
#3269=ORIENTED_EDGE('',*,*,#2296,.F.);
#3270=ORIENTED_EDGE('',*,*,#2049,.T.);
#3271=ORIENTED_EDGE('',*,*,#2294,.F.);
#3272=ORIENTED_EDGE('',*,*,#1823,.F.);
#3273=ORIENTED_EDGE('',*,*,#2293,.T.);
#3274=ORIENTED_EDGE('',*,*,#2079,.T.);
#3275=ORIENTED_EDGE('',*,*,#2297,.T.);
#3276=ORIENTED_EDGE('',*,*,#2050,.T.);
#3277=ORIENTED_EDGE('',*,*,#2296,.T.);
#3278=ORIENTED_EDGE('',*,*,#2298,.F.);
#3279=ORIENTED_EDGE('',*,*,#2051,.T.);
#3280=ORIENTED_EDGE('',*,*,#2297,.F.);
#3281=ORIENTED_EDGE('',*,*,#2078,.F.);
#3282=ORIENTED_EDGE('',*,*,#2077,.T.);
#3283=ORIENTED_EDGE('',*,*,#2231,.T.);
#3284=ORIENTED_EDGE('',*,*,#2052,.T.);
#3285=ORIENTED_EDGE('',*,*,#2298,.T.);
#3286=ORIENTED_EDGE('',*,*,#2099,.F.);
#3287=ORIENTED_EDGE('',*,*,#2299,.T.);
#3288=ORIENTED_EDGE('',*,*,#2300,.T.);
#3289=ORIENTED_EDGE('',*,*,#2301,.F.);
#3290=ORIENTED_EDGE('',*,*,#2098,.F.);
#3291=ORIENTED_EDGE('',*,*,#2302,.T.);
#3292=ORIENTED_EDGE('',*,*,#2303,.T.);
#3293=ORIENTED_EDGE('',*,*,#2299,.F.);
#3294=ORIENTED_EDGE('',*,*,#2097,.F.);
#3295=ORIENTED_EDGE('',*,*,#2304,.T.);
#3296=ORIENTED_EDGE('',*,*,#2305,.T.);
#3297=ORIENTED_EDGE('',*,*,#2302,.F.);
#3298=ORIENTED_EDGE('',*,*,#2096,.F.);
#3299=ORIENTED_EDGE('',*,*,#2306,.T.);
#3300=ORIENTED_EDGE('',*,*,#2307,.T.);
#3301=ORIENTED_EDGE('',*,*,#2304,.F.);
#3302=ORIENTED_EDGE('',*,*,#2095,.F.);
#3303=ORIENTED_EDGE('',*,*,#2308,.T.);
#3304=ORIENTED_EDGE('',*,*,#2309,.T.);
#3305=ORIENTED_EDGE('',*,*,#2306,.F.);
#3306=ORIENTED_EDGE('',*,*,#2094,.F.);
#3307=ORIENTED_EDGE('',*,*,#2239,.T.);
#3308=ORIENTED_EDGE('',*,*,#2310,.T.);
#3309=ORIENTED_EDGE('',*,*,#2308,.F.);
#3310=ORIENTED_EDGE('',*,*,#2310,.F.);
#3311=ORIENTED_EDGE('',*,*,#2238,.F.);
#3312=ORIENTED_EDGE('',*,*,#2311,.F.);
#3313=ORIENTED_EDGE('',*,*,#2300,.F.);
#3314=ORIENTED_EDGE('',*,*,#2303,.F.);
#3315=ORIENTED_EDGE('',*,*,#2305,.F.);
#3316=ORIENTED_EDGE('',*,*,#2307,.F.);
#3317=ORIENTED_EDGE('',*,*,#2309,.F.);
#3318=ORIENTED_EDGE('',*,*,#2100,.F.);
#3319=ORIENTED_EDGE('',*,*,#2301,.T.);
#3320=ORIENTED_EDGE('',*,*,#2311,.T.);
#3321=ORIENTED_EDGE('',*,*,#2237,.F.);
#3322=ORIENTED_EDGE('',*,*,#2085,.T.);
#3323=ORIENTED_EDGE('',*,*,#2312,.T.);
#3324=ORIENTED_EDGE('',*,*,#2313,.F.);
#3325=ORIENTED_EDGE('',*,*,#2314,.F.);
#3326=ORIENTED_EDGE('',*,*,#2087,.T.);
#3327=ORIENTED_EDGE('',*,*,#2315,.T.);
#3328=ORIENTED_EDGE('',*,*,#2316,.F.);
#3329=ORIENTED_EDGE('',*,*,#2317,.F.);
#3330=ORIENTED_EDGE('',*,*,#2088,.T.);
#3331=ORIENTED_EDGE('',*,*,#2317,.T.);
#3332=ORIENTED_EDGE('',*,*,#2318,.F.);
#3333=ORIENTED_EDGE('',*,*,#2319,.F.);
#3334=ORIENTED_EDGE('',*,*,#2089,.T.);
#3335=ORIENTED_EDGE('',*,*,#2319,.T.);
#3336=ORIENTED_EDGE('',*,*,#2320,.F.);
#3337=ORIENTED_EDGE('',*,*,#2321,.F.);
#3338=ORIENTED_EDGE('',*,*,#2090,.T.);
#3339=ORIENTED_EDGE('',*,*,#2321,.T.);
#3340=ORIENTED_EDGE('',*,*,#2322,.F.);
#3341=ORIENTED_EDGE('',*,*,#2323,.F.);
#3342=ORIENTED_EDGE('',*,*,#2091,.T.);
#3343=ORIENTED_EDGE('',*,*,#2323,.T.);
#3344=ORIENTED_EDGE('',*,*,#2324,.F.);
#3345=ORIENTED_EDGE('',*,*,#2325,.F.);
#3346=ORIENTED_EDGE('',*,*,#2092,.T.);
#3347=ORIENTED_EDGE('',*,*,#2325,.T.);
#3348=ORIENTED_EDGE('',*,*,#2326,.F.);
#3349=ORIENTED_EDGE('',*,*,#2312,.F.);
#3350=ORIENTED_EDGE('',*,*,#2326,.T.);
#3351=ORIENTED_EDGE('',*,*,#2324,.T.);
#3352=ORIENTED_EDGE('',*,*,#2322,.T.);
#3353=ORIENTED_EDGE('',*,*,#2320,.T.);
#3354=ORIENTED_EDGE('',*,*,#2318,.T.);
#3355=ORIENTED_EDGE('',*,*,#2316,.T.);
#3356=ORIENTED_EDGE('',*,*,#2327,.T.);
#3357=ORIENTED_EDGE('',*,*,#2313,.T.);
#3358=ORIENTED_EDGE('',*,*,#2086,.T.);
#3359=ORIENTED_EDGE('',*,*,#2314,.T.);
#3360=ORIENTED_EDGE('',*,*,#2327,.F.);
#3361=ORIENTED_EDGE('',*,*,#2315,.F.);
#3362=TOROIDAL_SURFACE('',#3568,8.74999999999999,1.);
#3363=TOROIDAL_SURFACE('',#3589,8.74999999999999,1.);
#3364=TOROIDAL_SURFACE('',#3736,8.74999999999999,1.);
#3365=TOROIDAL_SURFACE('',#3759,8.74999999999999,1.);
#3366=ADVANCED_FACE('',(#872),#3362,.T.);
#3367=ADVANCED_FACE('',(#873),#783,.F.);
#3368=ADVANCED_FACE('',(#874,#23,#24,#25),#70,.F.);
#3369=ADVANCED_FACE('',(#875),#3363,.T.);
#3370=ADVANCED_FACE('',(#876),#784,.F.);
#3371=ADVANCED_FACE('',(#877,#26,#27,#28),#71,.F.);
#3372=ADVANCED_FACE('',(#878),#72,.T.);
#3373=ADVANCED_FACE('',(#879),#785,.F.);
#3374=ADVANCED_FACE('',(#880),#786,.F.);
#3375=ADVANCED_FACE('',(#881),#73,.F.);
#3376=ADVANCED_FACE('',(#882),#787,.F.);
#3377=ADVANCED_FACE('',(#883),#74,.F.);
#3378=ADVANCED_FACE('',(#884),#788,.T.);
#3379=ADVANCED_FACE('',(#885),#75,.F.);
#3380=ADVANCED_FACE('',(#886),#789,.F.);
#3381=ADVANCED_FACE('',(#887),#76,.F.);
#3382=ADVANCED_FACE('',(#888),#77,.T.);
#3383=ADVANCED_FACE('',(#889),#790,.F.);
#3384=ADVANCED_FACE('',(#890,#29,#30,#31,#32,#33),#78,.T.);
#3385=ADVANCED_FACE('',(#891),#79,.F.);
#3386=ADVANCED_FACE('',(#892),#791,.F.);
#3387=ADVANCED_FACE('',(#893),#792,.F.);
#3388=ADVANCED_FACE('',(#894),#80,.T.);
#3389=ADVANCED_FACE('',(#895),#793,.F.);
#3390=ADVANCED_FACE('',(#896),#81,.T.);
#3391=ADVANCED_FACE('',(#897),#794,.T.);
#3392=ADVANCED_FACE('',(#898),#82,.T.);
#3393=ADVANCED_FACE('',(#899),#795,.F.);
#3394=ADVANCED_FACE('',(#900),#83,.T.);
#3395=ADVANCED_FACE('',(#901),#84,.F.);
#3396=ADVANCED_FACE('',(#902),#796,.F.);
#3397=ADVANCED_FACE('',(#903),#797,.F.);
#3398=ADVANCED_FACE('',(#904),#85,.T.);
#3399=ADVANCED_FACE('',(#905),#798,.F.);
#3400=ADVANCED_FACE('',(#906),#86,.T.);
#3401=ADVANCED_FACE('',(#907),#799,.T.);
#3402=ADVANCED_FACE('',(#908),#87,.T.);
#3403=ADVANCED_FACE('',(#909),#800,.F.);
#3404=ADVANCED_FACE('',(#910),#88,.T.);
#3405=ADVANCED_FACE('',(#911),#89,.F.);
#3406=ADVANCED_FACE('',(#912),#801,.F.);
#3407=ADVANCED_FACE('',(#913),#802,.F.);
#3408=ADVANCED_FACE('',(#914),#90,.T.);
#3409=ADVANCED_FACE('',(#915),#803,.F.);
#3410=ADVANCED_FACE('',(#916),#91,.F.);
#3411=ADVANCED_FACE('',(#917),#804,.F.);
#3412=ADVANCED_FACE('',(#918),#92,.F.);
#3413=ADVANCED_FACE('',(#919),#805,.T.);
#3414=ADVANCED_FACE('',(#920,#34,#35,#36,#37,#38,#39,#40,#41,#42),#93,.F.);
#3415=ADVANCED_FACE('',(#921),#94,.F.);
#3416=ADVANCED_FACE('',(#922),#806,.F.);
#3417=ADVANCED_FACE('',(#923),#95,.F.);
#3418=ADVANCED_FACE('',(#924),#96,.T.);
#3419=ADVANCED_FACE('',(#925),#97,.T.);
#3420=ADVANCED_FACE('',(#926),#98,.F.);
#3421=ADVANCED_FACE('',(#927),#3364,.T.);
#3422=ADVANCED_FACE('',(#928),#807,.F.);
#3423=ADVANCED_FACE('',(#929,#43,#44,#45),#99,.F.);
#3424=ADVANCED_FACE('',(#930),#100,.F.);
#3425=ADVANCED_FACE('',(#931),#3365,.T.);
#3426=ADVANCED_FACE('',(#932,#46,#47,#48),#101,.F.);
#3427=ADVANCED_FACE('',(#933),#808,.F.);
#3428=ADVANCED_FACE('',(#934),#102,.T.);
#3429=ADVANCED_FACE('',(#935),#103,.T.);
#3430=ADVANCED_FACE('',(#936),#15,.T.);
#3431=ADVANCED_FACE('',(#937),#809,.F.);
#3432=ADVANCED_FACE('',(#938),#104,.T.);
#3433=ADVANCED_FACE('',(#939),#810,.F.);
#3434=ADVANCED_FACE('',(#940),#105,.T.);
#3435=ADVANCED_FACE('',(#941),#811,.F.);
#3436=ADVANCED_FACE('',(#942),#106,.F.);
#3437=ADVANCED_FACE('',(#943),#812,.F.);
#3438=ADVANCED_FACE('',(#944),#107,.F.);
#3439=ADVANCED_FACE('',(#945),#16,.F.);
#3440=ADVANCED_FACE('',(#946),#813,.F.);
#3441=ADVANCED_FACE('',(#947),#108,.F.);
#3442=ADVANCED_FACE('',(#948),#814,.F.);
#3443=ADVANCED_FACE('',(#949),#109,.F.);
#3444=ADVANCED_FACE('',(#950),#815,.F.);
#3445=ADVANCED_FACE('',(#951),#110,.T.);
#3446=ADVANCED_FACE('',(#952),#816,.F.);
#3447=ADVANCED_FACE('',(#953),#111,.F.);
#3448=ADVANCED_FACE('',(#954),#17,.F.);
#3449=ADVANCED_FACE('',(#955),#817,.F.);
#3450=ADVANCED_FACE('',(#956),#112,.F.);
#3451=ADVANCED_FACE('',(#957),#818,.F.);
#3452=ADVANCED_FACE('',(#958),#113,.F.);
#3453=ADVANCED_FACE('',(#959),#819,.F.);
#3454=ADVANCED_FACE('',(#960),#114,.T.);
#3455=ADVANCED_FACE('',(#961),#820,.F.);
#3456=ADVANCED_FACE('',(#962),#115,.T.);
#3457=ADVANCED_FACE('',(#963),#18,.T.);
#3458=ADVANCED_FACE('',(#964),#821,.F.);
#3459=ADVANCED_FACE('',(#965),#116,.T.);
#3460=ADVANCED_FACE('',(#966),#822,.F.);
#3461=ADVANCED_FACE('',(#967),#117,.T.);
#3462=ADVANCED_FACE('',(#968),#823,.F.);
#3463=ADVANCED_FACE('',(#969),#118,.F.);
#3464=ADVANCED_FACE('',(#970),#824,.F.);
#3465=ADVANCED_FACE('',(#971),#119,.F.);
#3466=ADVANCED_FACE('',(#972),#19,.F.);
#3467=ADVANCED_FACE('',(#973),#825,.F.);
#3468=ADVANCED_FACE('',(#974),#120,.F.);
#3469=ADVANCED_FACE('',(#975),#826,.F.);
#3470=ADVANCED_FACE('',(#976),#121,.F.);
#3471=ADVANCED_FACE('',(#977),#827,.F.);
#3472=ADVANCED_FACE('',(#978),#122,.T.);
#3473=ADVANCED_FACE('',(#979),#828,.F.);
#3474=ADVANCED_FACE('',(#980),#123,.T.);
#3475=ADVANCED_FACE('',(#981),#20,.T.);
#3476=ADVANCED_FACE('',(#982),#829,.F.);
#3477=ADVANCED_FACE('',(#983),#124,.T.);
#3478=ADVANCED_FACE('',(#984),#830,.F.);
#3479=ADVANCED_FACE('',(#985),#125,.T.);
#3480=ADVANCED_FACE('',(#986),#831,.F.);
#3481=ADVANCED_FACE('',(#987),#126,.F.);
#3482=ADVANCED_FACE('',(#988),#832,.F.);
#3483=ADVANCED_FACE('',(#989),#833,.T.);
#3484=ADVANCED_FACE('',(#990),#834,.F.);
#3485=ADVANCED_FACE('',(#991),#835,.T.);
#3486=ADVANCED_FACE('',(#992),#127,.F.);
#3487=ADVANCED_FACE('',(#993),#128,.T.);
#3488=ADVANCED_FACE('',(#994),#129,.F.);
#3489=ADVANCED_FACE('',(#995,#49,#50,#51,#52,#53),#130,.F.);
#3490=ADVANCED_FACE('',(#996),#836,.T.);
#3491=ADVANCED_FACE('',(#997),#131,.F.);
#3492=ADVANCED_FACE('',(#998),#132,.F.);
#3493=ADVANCED_FACE('',(#999),#133,.F.);
#3494=ADVANCED_FACE('',(#1000),#134,.F.);
#3495=ADVANCED_FACE('',(#1001),#135,.F.);
#3496=ADVANCED_FACE('',(#1002),#136,.F.);
#3497=ADVANCED_FACE('',(#1003),#137,.F.);
#3498=ADVANCED_FACE('',(#1004),#138,.F.);
#3499=ADVANCED_FACE('',(#1005),#837,.T.);
#3500=ADVANCED_FACE('',(#1006),#838,.F.);
#3501=ADVANCED_FACE('',(#1007),#839,.T.);
#3502=ADVANCED_FACE('',(#1008),#139,.F.);
#3503=ADVANCED_FACE('',(#1009),#840,.T.);
#3504=ADVANCED_FACE('',(#1010),#140,.T.);
#3505=ADVANCED_FACE('',(#1011),#841,.T.);
#3506=ADVANCED_FACE('',(#1012),#141,.F.);
#3507=ADVANCED_FACE('',(#1013),#842,.T.);
#3508=ADVANCED_FACE('',(#1014),#843,.F.);
#3509=ADVANCED_FACE('',(#1015),#844,.T.);
#3510=ADVANCED_FACE('',(#1016),#142,.F.);
#3511=ADVANCED_FACE('',(#1017),#845,.T.);
#3512=ADVANCED_FACE('',(#1018),#143,.T.);
#3513=ADVANCED_FACE('',(#1019),#846,.T.);
#3514=ADVANCED_FACE('',(#1020),#144,.F.);
#3515=ADVANCED_FACE('',(#1021),#847,.T.);
#3516=ADVANCED_FACE('',(#1022),#848,.F.);
#3517=ADVANCED_FACE('',(#1023),#849,.T.);
#3518=ADVANCED_FACE('',(#1024),#145,.F.);
#3519=ADVANCED_FACE('',(#1025),#146,.F.);
#3520=ADVANCED_FACE('',(#1026),#850,.F.);
#3521=ADVANCED_FACE('',(#1027),#851,.F.);
#3522=ADVANCED_FACE('',(#1028),#852,.F.);
#3523=ADVANCED_FACE('',(#1029),#853,.F.);
#3524=ADVANCED_FACE('',(#1030),#854,.F.);
#3525=ADVANCED_FACE('',(#1031),#147,.F.);
#3526=ADVANCED_FACE('',(#1032),#855,.F.);
#3527=ADVANCED_FACE('',(#1033),#856,.F.);
#3528=ADVANCED_FACE('',(#1034),#857,.T.);
#3529=ADVANCED_FACE('',(#1035),#858,.T.);
#3530=ADVANCED_FACE('',(#1036),#859,.T.);
#3531=ADVANCED_FACE('',(#1037),#860,.T.);
#3532=ADVANCED_FACE('',(#1038),#861,.T.);
#3533=ADVANCED_FACE('',(#1039),#148,.T.);
#3534=ADVANCED_FACE('',(#1040),#862,.T.);
#3535=ADVANCED_FACE('',(#1041),#149,.F.);
#3536=ADVANCED_FACE('',(#1042),#863,.T.);
#3537=ADVANCED_FACE('',(#1043),#21,.F.);
#3538=ADVANCED_FACE('',(#1044),#864,.F.);
#3539=ADVANCED_FACE('',(#1045),#150,.F.);
#3540=ADVANCED_FACE('',(#1046),#865,.F.);
#3541=ADVANCED_FACE('',(#1047),#151,.F.);
#3542=ADVANCED_FACE('',(#1048),#866,.F.);
#3543=ADVANCED_FACE('',(#1049),#152,.T.);
#3544=ADVANCED_FACE('',(#1050),#867,.F.);
#3545=ADVANCED_FACE('',(#1051),#153,.T.);
#3546=ADVANCED_FACE('',(#1052),#22,.T.);
#3547=ADVANCED_FACE('',(#1053),#868,.F.);
#3548=ADVANCED_FACE('',(#1054),#154,.T.);
#3549=ADVANCED_FACE('',(#1055),#869,.F.);
#3550=ADVANCED_FACE('',(#1056),#155,.T.);
#3551=ADVANCED_FACE('',(#1057),#870,.F.);
#3552=ADVANCED_FACE('',(#1058),#156,.F.);
#3553=ADVANCED_FACE('',(#1059),#871,.F.);
#3554=CLOSED_SHELL('',(#3366,#3367,#3368,#3369,#3370,#3371,#3372,#3373,
#3374,#3375,#3376,#3377,#3378,#3379,#3380,#3381,#3382,#3383,#3384,#3385,
#3386,#3387,#3388,#3389,#3390,#3391,#3392,#3393,#3394,#3395,#3396,#3397,
#3398,#3399,#3400,#3401,#3402,#3403,#3404,#3405,#3406,#3407,#3408,#3409,
#3410,#3411,#3412,#3413,#3414,#3415,#3416,#3417,#3418,#3419,#3420,#3421,
#3422,#3423,#3424,#3425,#3426,#3427,#3428,#3429,#3430,#3431,#3432,#3433,
#3434,#3435,#3436,#3437,#3438,#3439,#3440,#3441,#3442,#3443,#3444,#3445,
#3446,#3447,#3448,#3449,#3450,#3451,#3452,#3453,#3454,#3455,#3456,#3457,
#3458,#3459,#3460,#3461,#3462,#3463,#3464,#3465,#3466,#3467,#3468,#3469,
#3470,#3471,#3472,#3473,#3474,#3475,#3476,#3477,#3478,#3479,#3480,#3481,
#3482,#3483,#3484,#3485,#3486,#3487,#3488,#3489,#3490,#3491,#3492,#3493,
#3494,#3495,#3496,#3497,#3498,#3499,#3500,#3501,#3502,#3503,#3504,#3505,
#3506,#3507,#3508,#3509,#3510,#3511,#3512,#3513,#3514,#3515,#3516,#3517,
#3518,#3519,#3520,#3521,#3522,#3523,#3524,#3525,#3526,#3527,#3528,#3529,
#3530,#3531,#3532,#3533,#3534,#3535,#3536,#3537,#3538,#3539,#3540,#3541,
#3542,#3543,#3544,#3545,#3546,#3547,#3548,#3549,#3550,#3551,#3552,#3553));
#3555=DERIVED_UNIT_ELEMENT(#3557,1.);
#3556=DERIVED_UNIT_ELEMENT(#6370,-3.);
#3557=(
MASS_UNIT()
NAMED_UNIT(*)
SI_UNIT(.KILO.,.GRAM.)
);
#3558=DERIVED_UNIT((#3555,#3556));
#3559=MEASURE_REPRESENTATION_ITEM('density measure',
POSITIVE_RATIO_MEASURE(7850.),#3558);
#3560=PROPERTY_DEFINITION_REPRESENTATION(#3565,#3562);
#3561=PROPERTY_DEFINITION_REPRESENTATION(#3566,#3563);
#3562=REPRESENTATION('material name',(#3564),#6367);
#3563=REPRESENTATION('density',(#3559),#6367);
#3564=DESCRIPTIVE_REPRESENTATION_ITEM('Acero','Acero');
#3565=PROPERTY_DEFINITION('material property','material name',#6377);
#3566=PROPERTY_DEFINITION('material property','density of part',#6377);
#3567=AXIS2_PLACEMENT_3D('',#4987,#3936,#3937);
#3568=AXIS2_PLACEMENT_3D('',#4988,#3938,#3939);
#3569=AXIS2_PLACEMENT_3D('',#4990,#3940,#3941);
#3570=AXIS2_PLACEMENT_3D('',#4992,#3942,#3943);
#3571=AXIS2_PLACEMENT_3D('',#4993,#3944,#3945);
#3572=AXIS2_PLACEMENT_3D('',#4994,#3946,#3947);
#3573=AXIS2_PLACEMENT_3D('',#4997,#3949,#3950);
#3574=AXIS2_PLACEMENT_3D('',#4998,#3951,#3952);
#3575=AXIS2_PLACEMENT_3D('',#5001,#3953,#3954);
#3576=AXIS2_PLACEMENT_3D('',#5003,#3955,#3956);
#3577=AXIS2_PLACEMENT_3D('',#5005,#3957,#3958);
#3578=AXIS2_PLACEMENT_3D('',#5009,#3960,#3961);
#3579=AXIS2_PLACEMENT_3D('',#5013,#3963,#3964);
#3580=AXIS2_PLACEMENT_3D('',#5017,#3966,#3967);
#3581=AXIS2_PLACEMENT_3D('',#5023,#3970,#3971);
#3582=AXIS2_PLACEMENT_3D('',#5037,#3972,#3973);
#3583=AXIS2_PLACEMENT_3D('',#5041,#3975,#3976);
#3584=AXIS2_PLACEMENT_3D('',#5044,#3978,#3979);
#3585=AXIS2_PLACEMENT_3D('',#5059,#3980,#3981);
#3586=AXIS2_PLACEMENT_3D('',#5063,#3983,#3984);
#3587=AXIS2_PLACEMENT_3D('',#5067,#3986,#3987);
#3588=AXIS2_PLACEMENT_3D('',#5070,#3989,#3990);
#3589=AXIS2_PLACEMENT_3D('',#5071,#3991,#3992);
#3590=AXIS2_PLACEMENT_3D('',#5073,#3993,#3994);
#3591=AXIS2_PLACEMENT_3D('',#5075,#3995,#3996);
#3592=AXIS2_PLACEMENT_3D('',#5076,#3997,#3998);
#3593=AXIS2_PLACEMENT_3D('',#5077,#3999,#4000);
#3594=AXIS2_PLACEMENT_3D('',#5080,#4002,#4003);
#3595=AXIS2_PLACEMENT_3D('',#5081,#4004,#4005);
#3596=AXIS2_PLACEMENT_3D('',#5084,#4006,#4007);
#3597=AXIS2_PLACEMENT_3D('',#5088,#4009,#4010);
#3598=AXIS2_PLACEMENT_3D('',#5092,#4012,#4013);
#3599=AXIS2_PLACEMENT_3D('',#5096,#4015,#4016);
#3600=AXIS2_PLACEMENT_3D('',#5100,#4018,#4019);
#3601=AXIS2_PLACEMENT_3D('',#5101,#4020,#4021);
#3602=AXIS2_PLACEMENT_3D('',#5116,#4022,#4023);
#3603=AXIS2_PLACEMENT_3D('',#5120,#4025,#4026);
#3604=AXIS2_PLACEMENT_3D('',#5124,#4028,#4029);
#3605=AXIS2_PLACEMENT_3D('',#5127,#4031,#4032);
#3606=AXIS2_PLACEMENT_3D('',#5132,#4034,#4035);
#3607=AXIS2_PLACEMENT_3D('',#5136,#4037,#4038);
#3608=AXIS2_PLACEMENT_3D('',#5150,#4039,#4040);
#3609=AXIS2_PLACEMENT_3D('',#5153,#4042,#4043);
#3610=AXIS2_PLACEMENT_3D('',#5154,#4044,#4045);
#3611=AXIS2_PLACEMENT_3D('',#5163,#4050,#4051);
#3612=AXIS2_PLACEMENT_3D('',#5165,#4052,#4053);
#3613=AXIS2_PLACEMENT_3D('',#5167,#4054,#4055);
#3614=AXIS2_PLACEMENT_3D('',#5169,#4057,#4058);
#3615=AXIS2_PLACEMENT_3D('',#5172,#4059,#4060);
#3616=AXIS2_PLACEMENT_3D('',#5176,#4062,#4063);
#3617=AXIS2_PLACEMENT_3D('',#5178,#4065,#4066);
#3618=AXIS2_PLACEMENT_3D('',#5184,#4070,#4071);
#3619=AXIS2_PLACEMENT_3D('',#5186,#4072,#4073);
#3620=AXIS2_PLACEMENT_3D('',#5189,#4075,#4076);
#3621=AXIS2_PLACEMENT_3D('',#5190,#4077,#4078);
#3622=AXIS2_PLACEMENT_3D('',#5196,#4082,#4083);
#3623=AXIS2_PLACEMENT_3D('',#5198,#4084,#4085);
#3624=AXIS2_PLACEMENT_3D('',#5200,#4086,#4087);
#3625=AXIS2_PLACEMENT_3D('',#5202,#4089,#4090);
#3626=AXIS2_PLACEMENT_3D('',#5208,#4094,#4095);
#3627=AXIS2_PLACEMENT_3D('',#5210,#4096,#4097);
#3628=AXIS2_PLACEMENT_3D('',#5213,#4099,#4100);
#3629=AXIS2_PLACEMENT_3D('',#5214,#4101,#4102);
#3630=AXIS2_PLACEMENT_3D('',#5217,#4105,#4106);
#3631=AXIS2_PLACEMENT_3D('',#5223,#4110,#4111);
#3632=AXIS2_PLACEMENT_3D('',#5224,#4112,#4113);
#3633=AXIS2_PLACEMENT_3D('',#5225,#4114,#4115);
#3634=AXIS2_PLACEMENT_3D('',#5226,#4116,#4117);
#3635=AXIS2_PLACEMENT_3D('',#5229,#4118,#4119);
#3636=AXIS2_PLACEMENT_3D('',#5233,#4121,#4122);
#3637=AXIS2_PLACEMENT_3D('',#5237,#4124,#4125);
#3638=AXIS2_PLACEMENT_3D('',#5241,#4127,#4128);
#3639=AXIS2_PLACEMENT_3D('',#5263,#4139,#4140);
#3640=AXIS2_PLACEMENT_3D('',#5267,#4142,#4143);
#3641=AXIS2_PLACEMENT_3D('',#5271,#4145,#4146);
#3642=AXIS2_PLACEMENT_3D('',#5275,#4148,#4149);
#3643=AXIS2_PLACEMENT_3D('',#5279,#4151,#4152);
#3644=AXIS2_PLACEMENT_3D('',#5282,#4154,#4155);
#3645=AXIS2_PLACEMENT_3D('',#5287,#4157,#4158);
#3646=AXIS2_PLACEMENT_3D('',#5291,#4160,#4161);
#3647=AXIS2_PLACEMENT_3D('',#5295,#4163,#4164);
#3648=AXIS2_PLACEMENT_3D('',#5299,#4166,#4167);
#3649=AXIS2_PLACEMENT_3D('',#5303,#4169,#4170);
#3650=AXIS2_PLACEMENT_3D('',#5306,#4172,#4173);
#3651=AXIS2_PLACEMENT_3D('',#5309,#4174,#4175);
#3652=AXIS2_PLACEMENT_3D('',#5313,#4177,#4178);
#3653=AXIS2_PLACEMENT_3D('',#5317,#4180,#4181);
#3654=AXIS2_PLACEMENT_3D('',#5321,#4183,#4184);
#3655=AXIS2_PLACEMENT_3D('',#5325,#4186,#4187);
#3656=AXIS2_PLACEMENT_3D('',#5329,#4189,#4190);
#3657=AXIS2_PLACEMENT_3D('',#5331,#4192,#4193);
#3658=AXIS2_PLACEMENT_3D('',#5337,#4197,#4198);
#3659=AXIS2_PLACEMENT_3D('',#5340,#4200,#4201);
#3660=AXIS2_PLACEMENT_3D('',#5341,#4202,#4203);
#3661=AXIS2_PLACEMENT_3D('',#5345,#4205,#4206);
#3662=AXIS2_PLACEMENT_3D('',#5347,#4208,#4209);
#3663=AXIS2_PLACEMENT_3D('',#5351,#4212,#4213);
#3664=AXIS2_PLACEMENT_3D('',#5353,#4214,#4215);
#3665=AXIS2_PLACEMENT_3D('',#5355,#4217,#4218);
#3666=AXIS2_PLACEMENT_3D('',#5359,#4221,#4222);
#3667=AXIS2_PLACEMENT_3D('',#5361,#4223,#4224);
#3668=AXIS2_PLACEMENT_3D('',#5363,#4226,#4227);
#3669=AXIS2_PLACEMENT_3D('',#5367,#4230,#4231);
#3670=AXIS2_PLACEMENT_3D('',#5369,#4232,#4233);
#3671=AXIS2_PLACEMENT_3D('',#5371,#4235,#4236);
#3672=AXIS2_PLACEMENT_3D('',#5373,#4238,#4239);
#3673=AXIS2_PLACEMENT_3D('',#5379,#4243,#4244);
#3674=AXIS2_PLACEMENT_3D('',#5382,#4246,#4247);
#3675=AXIS2_PLACEMENT_3D('',#5383,#4248,#4249);
#3676=AXIS2_PLACEMENT_3D('',#5387,#4251,#4252);
#3677=AXIS2_PLACEMENT_3D('',#5389,#4254,#4255);
#3678=AXIS2_PLACEMENT_3D('',#5393,#4258,#4259);
#3679=AXIS2_PLACEMENT_3D('',#5395,#4260,#4261);
#3680=AXIS2_PLACEMENT_3D('',#5397,#4263,#4264);
#3681=AXIS2_PLACEMENT_3D('',#5401,#4267,#4268);
#3682=AXIS2_PLACEMENT_3D('',#5403,#4269,#4270);
#3683=AXIS2_PLACEMENT_3D('',#5405,#4272,#4273);
#3684=AXIS2_PLACEMENT_3D('',#5409,#4276,#4277);
#3685=AXIS2_PLACEMENT_3D('',#5411,#4278,#4279);
#3686=AXIS2_PLACEMENT_3D('',#5413,#4281,#4282);
#3687=AXIS2_PLACEMENT_3D('',#5415,#4284,#4285);
#3688=AXIS2_PLACEMENT_3D('',#5419,#4288,#4289);
#3689=AXIS2_PLACEMENT_3D('',#5420,#4290,#4291);
#3690=AXIS2_PLACEMENT_3D('',#5421,#4292,#4293);
#3691=AXIS2_PLACEMENT_3D('',#5425,#4295,#4296);
#3692=AXIS2_PLACEMENT_3D('',#5427,#4298,#4299);
#3693=AXIS2_PLACEMENT_3D('',#5431,#4302,#4303);
#3694=AXIS2_PLACEMENT_3D('',#5435,#4305,#4306);
#3695=AXIS2_PLACEMENT_3D('',#5437,#4308,#4309);
#3696=AXIS2_PLACEMENT_3D('',#5441,#4312,#4313);
#3697=AXIS2_PLACEMENT_3D('',#5444,#4315,#4316);
#3698=AXIS2_PLACEMENT_3D('',#5445,#4317,#4318);
#3699=AXIS2_PLACEMENT_3D('',#5449,#4321,#4322);
#3700=AXIS2_PLACEMENT_3D('',#5451,#4323,#4324);
#3701=AXIS2_PLACEMENT_3D('',#5453,#4326,#4327);
#3702=AXIS2_PLACEMENT_3D('',#5456,#4328,#4329);
#3703=AXIS2_PLACEMENT_3D('',#5460,#4331,#4332);
#3704=AXIS2_PLACEMENT_3D('',#5464,#4334,#4335);
#3705=AXIS2_PLACEMENT_3D('',#5468,#4337,#4338);
#3706=AXIS2_PLACEMENT_3D('',#5470,#4339,#4340);
#3707=AXIS2_PLACEMENT_3D('',#5472,#4341,#4342);
#3708=AXIS2_PLACEMENT_3D('',#5476,#4344,#4345);
#3709=AXIS2_PLACEMENT_3D('',#5480,#4347,#4348);
#3710=AXIS2_PLACEMENT_3D('',#5484,#4350,#4351);
#3711=AXIS2_PLACEMENT_3D('',#5486,#4352,#4353);
#3712=AXIS2_PLACEMENT_3D('',#5488,#4354,#4355);
#3713=AXIS2_PLACEMENT_3D('',#5492,#4357,#4358);
#3714=AXIS2_PLACEMENT_3D('',#5496,#4360,#4361);
#3715=AXIS2_PLACEMENT_3D('',#5500,#4363,#4364);
#3716=AXIS2_PLACEMENT_3D('',#5502,#4365,#4366);
#3717=AXIS2_PLACEMENT_3D('',#5504,#4367,#4368);
#3718=AXIS2_PLACEMENT_3D('',#5508,#4370,#4371);
#3719=AXIS2_PLACEMENT_3D('',#5512,#4373,#4374);
#3720=AXIS2_PLACEMENT_3D('',#5516,#4376,#4377);
#3721=AXIS2_PLACEMENT_3D('',#5517,#4378,#4379);
#3722=AXIS2_PLACEMENT_3D('',#5520,#4381,#4382);
#3723=AXIS2_PLACEMENT_3D('',#5524,#4384,#4385);
#3724=AXIS2_PLACEMENT_3D('',#5527,#4387,#4388);
#3725=AXIS2_PLACEMENT_3D('',#5530,#4390,#4391);
#3726=AXIS2_PLACEMENT_3D('',#5532,#4392,#4393);
#3727=AXIS2_PLACEMENT_3D('',#5534,#4394,#4395);
#3728=AXIS2_PLACEMENT_3D('',#5536,#4396,#4397);
#3729=AXIS2_PLACEMENT_3D('',#5538,#4398,#4399);
#3730=AXIS2_PLACEMENT_3D('',#5539,#4400,#4401);
#3731=AXIS2_PLACEMENT_3D('',#5541,#4403,#4404);
#3732=AXIS2_PLACEMENT_3D('',#5543,#4406,#4407);
#3733=AXIS2_PLACEMENT_3D('',#5544,#4408,#4409);
#3734=AXIS2_PLACEMENT_3D('',#5546,#4411,#4412);
#3735=AXIS2_PLACEMENT_3D('',#5547,#4413,#4414);
#3736=AXIS2_PLACEMENT_3D('',#5548,#4415,#4416);
#3737=AXIS2_PLACEMENT_3D('',#5551,#4417,#4418);
#3738=AXIS2_PLACEMENT_3D('',#5553,#4419,#4420);
#3739=AXIS2_PLACEMENT_3D('',#5554,#4421,#4422);
#3740=AXIS2_PLACEMENT_3D('',#5555,#4423,#4424);
#3741=AXIS2_PLACEMENT_3D('',#5556,#4425,#4426);
#3742=AXIS2_PLACEMENT_3D('',#5559,#4428,#4429);
#3743=AXIS2_PLACEMENT_3D('',#5560,#4430,#4431);
#3744=AXIS2_PLACEMENT_3D('',#5563,#4432,#4433);
#3745=AXIS2_PLACEMENT_3D('',#5565,#4434,#4435);
#3746=AXIS2_PLACEMENT_3D('',#5567,#4436,#4437);
#3747=AXIS2_PLACEMENT_3D('',#5571,#4439,#4440);
#3748=AXIS2_PLACEMENT_3D('',#5575,#4442,#4443);
#3749=AXIS2_PLACEMENT_3D('',#5579,#4445,#4446);
#3750=AXIS2_PLACEMENT_3D('',#5585,#4449,#4450);
#3751=AXIS2_PLACEMENT_3D('',#5599,#4451,#4452);
#3752=AXIS2_PLACEMENT_3D('',#5603,#4454,#4455);
#3753=AXIS2_PLACEMENT_3D('',#5606,#4457,#4458);
#3754=AXIS2_PLACEMENT_3D('',#5611,#4460,#4461);
#3755=AXIS2_PLACEMENT_3D('',#5615,#4463,#4464);
#3756=AXIS2_PLACEMENT_3D('',#5619,#4466,#4467);
#3757=AXIS2_PLACEMENT_3D('',#5632,#4468,#4469);
#3758=AXIS2_PLACEMENT_3D('',#5633,#4470,#4471);
#3759=AXIS2_PLACEMENT_3D('',#5634,#4472,#4473);
#3760=AXIS2_PLACEMENT_3D('',#5637,#4474,#4475);
#3761=AXIS2_PLACEMENT_3D('',#5639,#4476,#4477);
#3762=AXIS2_PLACEMENT_3D('',#5640,#4478,#4479);
#3763=AXIS2_PLACEMENT_3D('',#5641,#4480,#4481);
#3764=AXIS2_PLACEMENT_3D('',#5642,#4482,#4483);
#3765=AXIS2_PLACEMENT_3D('',#5645,#4484,#4485);
#3766=AXIS2_PLACEMENT_3D('',#5649,#4487,#4488);
#3767=AXIS2_PLACEMENT_3D('',#5653,#4490,#4491);
#3768=AXIS2_PLACEMENT_3D('',#5657,#4493,#4494);
#3769=AXIS2_PLACEMENT_3D('',#5661,#4496,#4497);
#3770=AXIS2_PLACEMENT_3D('',#5662,#4498,#4499);
#3771=AXIS2_PLACEMENT_3D('',#5677,#4500,#4501);
#3772=AXIS2_PLACEMENT_3D('',#5681,#4503,#4504);
#3773=AXIS2_PLACEMENT_3D('',#5685,#4506,#4507);
#3774=AXIS2_PLACEMENT_3D('',#5688,#4509,#4510);
#3775=AXIS2_PLACEMENT_3D('',#5693,#4512,#4513);
#3776=AXIS2_PLACEMENT_3D('',#5707,#4514,#4515);
#3777=AXIS2_PLACEMENT_3D('',#5711,#4517,#4518);
#3778=AXIS2_PLACEMENT_3D('',#5714,#4520,#4521);
#3779=AXIS2_PLACEMENT_3D('',#5715,#4522,#4523);
#3780=AXIS2_PLACEMENT_3D('',#5718,#4525,#4526);
#3781=AXIS2_PLACEMENT_3D('',#5719,#4527,#4528);
#3782=AXIS2_PLACEMENT_3D('',#5720,#4529,#4530);
#3783=AXIS2_PLACEMENT_3D('',#5763,#4536,#4537);
#3784=AXIS2_PLACEMENT_3D('',#5765,#4538,#4539);
#3785=AXIS2_PLACEMENT_3D('',#5767,#4541,#4542);
#3786=AXIS2_PLACEMENT_3D('',#5771,#4545,#4546);
#3787=AXIS2_PLACEMENT_3D('',#5773,#4547,#4548);
#3788=AXIS2_PLACEMENT_3D('',#5775,#4550,#4551);
#3789=AXIS2_PLACEMENT_3D('',#5779,#4554,#4555);
#3790=AXIS2_PLACEMENT_3D('',#5780,#4556,#4557);
#3791=AXIS2_PLACEMENT_3D('',#5781,#4558,#4559);
#3792=AXIS2_PLACEMENT_3D('',#5782,#4560,#4561);
#3793=AXIS2_PLACEMENT_3D('',#5783,#4562,#4563);
#3794=AXIS2_PLACEMENT_3D('',#5784,#4564,#4565);
#3795=AXIS2_PLACEMENT_3D('',#5827,#4571,#4572);
#3796=AXIS2_PLACEMENT_3D('',#5830,#4574,#4575);
#3797=AXIS2_PLACEMENT_3D('',#5831,#4576,#4577);
#3798=AXIS2_PLACEMENT_3D('',#5835,#4580,#4581);
#3799=AXIS2_PLACEMENT_3D('',#5838,#4583,#4584);
#3800=AXIS2_PLACEMENT_3D('',#5839,#4585,#4586);
#3801=AXIS2_PLACEMENT_3D('',#5843,#4589,#4590);
#3802=AXIS2_PLACEMENT_3D('',#5844,#4591,#4592);
#3803=AXIS2_PLACEMENT_3D('',#5845,#4593,#4594);
#3804=AXIS2_PLACEMENT_3D('',#5846,#4595,#4596);
#3805=AXIS2_PLACEMENT_3D('',#5847,#4597,#4598);
#3806=AXIS2_PLACEMENT_3D('',#5848,#4599,#4600);
#3807=AXIS2_PLACEMENT_3D('',#5891,#4606,#4607);
#3808=AXIS2_PLACEMENT_3D('',#5894,#4609,#4610);
#3809=AXIS2_PLACEMENT_3D('',#5895,#4611,#4612);
#3810=AXIS2_PLACEMENT_3D('',#5899,#4615,#4616);
#3811=AXIS2_PLACEMENT_3D('',#5902,#4618,#4619);
#3812=AXIS2_PLACEMENT_3D('',#5903,#4620,#4621);
#3813=AXIS2_PLACEMENT_3D('',#5907,#4624,#4625);
#3814=AXIS2_PLACEMENT_3D('',#5908,#4626,#4627);
#3815=AXIS2_PLACEMENT_3D('',#5909,#4628,#4629);
#3816=AXIS2_PLACEMENT_3D('',#5910,#4630,#4631);
#3817=AXIS2_PLACEMENT_3D('',#5911,#4632,#4633);
#3818=AXIS2_PLACEMENT_3D('',#5912,#4634,#4635);
#3819=AXIS2_PLACEMENT_3D('',#5955,#4641,#4642);
#3820=AXIS2_PLACEMENT_3D('',#5957,#4643,#4644);
#3821=AXIS2_PLACEMENT_3D('',#5959,#4646,#4647);
#3822=AXIS2_PLACEMENT_3D('',#5963,#4650,#4651);
#3823=AXIS2_PLACEMENT_3D('',#5965,#4652,#4653);
#3824=AXIS2_PLACEMENT_3D('',#5967,#4655,#4656);
#3825=AXIS2_PLACEMENT_3D('',#5971,#4659,#4660);
#3826=AXIS2_PLACEMENT_3D('',#5972,#4661,#4662);
#3827=AXIS2_PLACEMENT_3D('',#5973,#4663,#4664);
#3828=AXIS2_PLACEMENT_3D('',#5974,#4665,#4666);
#3829=AXIS2_PLACEMENT_3D('',#5975,#4667,#4668);
#3830=AXIS2_PLACEMENT_3D('',#5976,#4669,#4670);
#3831=AXIS2_PLACEMENT_3D('',#6019,#4676,#4677);
#3832=AXIS2_PLACEMENT_3D('',#6022,#4679,#4680);
#3833=AXIS2_PLACEMENT_3D('',#6023,#4681,#4682);
#3834=AXIS2_PLACEMENT_3D('',#6027,#4685,#4686);
#3835=AXIS2_PLACEMENT_3D('',#6030,#4688,#4689);
#3836=AXIS2_PLACEMENT_3D('',#6031,#4690,#4691);
#3837=AXIS2_PLACEMENT_3D('',#6035,#4694,#4695);
#3838=AXIS2_PLACEMENT_3D('',#6036,#4696,#4697);
#3839=AXIS2_PLACEMENT_3D('',#6037,#4698,#4699);
#3840=AXIS2_PLACEMENT_3D('',#6038,#4700,#4701);
#3841=AXIS2_PLACEMENT_3D('',#6039,#4702,#4703);
#3842=AXIS2_PLACEMENT_3D('',#6040,#4704,#4705);
#3843=AXIS2_PLACEMENT_3D('',#6083,#4711,#4712);
#3844=AXIS2_PLACEMENT_3D('',#6085,#4713,#4714);
#3845=AXIS2_PLACEMENT_3D('',#6087,#4716,#4717);
#3846=AXIS2_PLACEMENT_3D('',#6091,#4720,#4721);
#3847=AXIS2_PLACEMENT_3D('',#6093,#4722,#4723);
#3848=AXIS2_PLACEMENT_3D('',#6095,#4725,#4726);
#3849=AXIS2_PLACEMENT_3D('',#6099,#4729,#4730);
#3850=AXIS2_PLACEMENT_3D('',#6100,#4731,#4732);
#3851=AXIS2_PLACEMENT_3D('',#6101,#4733,#4734);
#3852=AXIS2_PLACEMENT_3D('',#6102,#4735,#4736);
#3853=AXIS2_PLACEMENT_3D('',#6103,#4737,#4738);
#3854=AXIS2_PLACEMENT_3D('',#6104,#4739,#4740);
#3855=AXIS2_PLACEMENT_3D('',#6107,#4743,#4744);
#3856=AXIS2_PLACEMENT_3D('',#6109,#4746,#4747);
#3857=AXIS2_PLACEMENT_3D('',#6112,#4750,#4751);
#3858=AXIS2_PLACEMENT_3D('',#6113,#4752,#4753);
#3859=AXIS2_PLACEMENT_3D('',#6117,#4757,#4758);
#3860=AXIS2_PLACEMENT_3D('',#6123,#4762,#4763);
#3861=AXIS2_PLACEMENT_3D('',#6141,#4772,#4773);
#3862=AXIS2_PLACEMENT_3D('',#6143,#4774,#4775);
#3863=AXIS2_PLACEMENT_3D('',#6145,#4776,#4777);
#3864=AXIS2_PLACEMENT_3D('',#6147,#4778,#4779);
#3865=AXIS2_PLACEMENT_3D('',#6149,#4780,#4781);
#3866=AXIS2_PLACEMENT_3D('',#6150,#4782,#4783);
#3867=AXIS2_PLACEMENT_3D('',#6153,#4786,#4787);
#3868=AXIS2_PLACEMENT_3D('',#6156,#4790,#4791);
#3869=AXIS2_PLACEMENT_3D('',#6158,#4793,#4794);
#3870=AXIS2_PLACEMENT_3D('',#6160,#4796,#4797);
#3871=AXIS2_PLACEMENT_3D('',#6162,#4799,#4800);
#3872=AXIS2_PLACEMENT_3D('',#6164,#4802,#4803);
#3873=AXIS2_PLACEMENT_3D('',#6166,#4805,#4806);
#3874=AXIS2_PLACEMENT_3D('',#6168,#4808,#4809);
#3875=AXIS2_PLACEMENT_3D('',#6169,#4810,#4811);
#3876=AXIS2_PLACEMENT_3D('',#6172,#4814,#4815);
#3877=AXIS2_PLACEMENT_3D('',#6174,#4817,#4818);
#3878=AXIS2_PLACEMENT_3D('',#6176,#4820,#4821);
#3879=AXIS2_PLACEMENT_3D('',#6178,#4823,#4824);
#3880=AXIS2_PLACEMENT_3D('',#6180,#4826,#4827);
#3881=AXIS2_PLACEMENT_3D('',#6183,#4830,#4831);
#3882=AXIS2_PLACEMENT_3D('',#6185,#4833,#4834);
#3883=AXIS2_PLACEMENT_3D('',#6187,#4836,#4837);
#3884=AXIS2_PLACEMENT_3D('',#6189,#4839,#4840);
#3885=AXIS2_PLACEMENT_3D('',#6191,#4842,#4843);
#3886=AXIS2_PLACEMENT_3D('',#6193,#4845,#4846);
#3887=AXIS2_PLACEMENT_3D('',#6195,#4848,#4849);
#3888=AXIS2_PLACEMENT_3D('',#6197,#4851,#4852);
#3889=AXIS2_PLACEMENT_3D('',#6200,#4855,#4856);
#3890=AXIS2_PLACEMENT_3D('',#6202,#4858,#4859);
#3891=AXIS2_PLACEMENT_3D('',#6204,#4861,#4862);
#3892=AXIS2_PLACEMENT_3D('',#6206,#4864,#4865);
#3893=AXIS2_PLACEMENT_3D('',#6208,#4867,#4868);
#3894=AXIS2_PLACEMENT_3D('',#6210,#4870,#4871);
#3895=AXIS2_PLACEMENT_3D('',#6212,#4873,#4874);
#3896=AXIS2_PLACEMENT_3D('',#6214,#4876,#4877);
#3897=AXIS2_PLACEMENT_3D('',#6216,#4879,#4880);
#3898=AXIS2_PLACEMENT_3D('',#6218,#4882,#4883);
#3899=AXIS2_PLACEMENT_3D('',#6220,#4885,#4886);
#3900=AXIS2_PLACEMENT_3D('',#6222,#4888,#4889);
#3901=AXIS2_PLACEMENT_3D('',#6224,#4891,#4892);
#3902=AXIS2_PLACEMENT_3D('',#6225,#4893,#4894);
#3903=AXIS2_PLACEMENT_3D('',#6226,#4895,#4896);
#3904=AXIS2_PLACEMENT_3D('',#6228,#4898,#4899);
#3905=AXIS2_PLACEMENT_3D('',#6229,#4900,#4901);
#3906=AXIS2_PLACEMENT_3D('',#6230,#4902,#4903);
#3907=AXIS2_PLACEMENT_3D('',#6232,#4905,#4906);
#3908=AXIS2_PLACEMENT_3D('',#6234,#4908,#4909);
#3909=AXIS2_PLACEMENT_3D('',#6236,#4911,#4912);
#3910=AXIS2_PLACEMENT_3D('',#6238,#4914,#4915);
#3911=AXIS2_PLACEMENT_3D('',#6240,#4917,#4918);
#3912=AXIS2_PLACEMENT_3D('',#6242,#4920,#4921);
#3913=AXIS2_PLACEMENT_3D('',#6280,#4924,#4925);
#3914=AXIS2_PLACEMENT_3D('',#6283,#4927,#4928);
#3915=AXIS2_PLACEMENT_3D('',#6284,#4929,#4930);
#3916=AXIS2_PLACEMENT_3D('',#6288,#4933,#4934);
#3917=AXIS2_PLACEMENT_3D('',#6291,#4936,#4937);
#3918=AXIS2_PLACEMENT_3D('',#6292,#4938,#4939);
#3919=AXIS2_PLACEMENT_3D('',#6296,#4942,#4943);
#3920=AXIS2_PLACEMENT_3D('',#6297,#4944,#4945);
#3921=AXIS2_PLACEMENT_3D('',#6298,#4946,#4947);
#3922=AXIS2_PLACEMENT_3D('',#6299,#4948,#4949);
#3923=AXIS2_PLACEMENT_3D('',#6300,#4950,#4951);
#3924=AXIS2_PLACEMENT_3D('',#6301,#4952,#4953);
#3925=AXIS2_PLACEMENT_3D('',#6344,#4959,#4960);
#3926=AXIS2_PLACEMENT_3D('',#6346,#4961,#4962);
#3927=AXIS2_PLACEMENT_3D('',#6348,#4964,#4965);
#3928=AXIS2_PLACEMENT_3D('',#6352,#4968,#4969);
#3929=AXIS2_PLACEMENT_3D('',#6354,#4970,#4971);
#3930=AXIS2_PLACEMENT_3D('',#6356,#4973,#4974);
#3931=AXIS2_PLACEMENT_3D('',#6360,#4977,#4978);
#3932=AXIS2_PLACEMENT_3D('',#6361,#4979,#4980);
#3933=AXIS2_PLACEMENT_3D('',#6362,#4981,#4982);
#3934=AXIS2_PLACEMENT_3D('',#6363,#4983,#4984);
#3935=AXIS2_PLACEMENT_3D('',#6364,#4985,#4986);
#3936=DIRECTION('axis',(0.,0.,1.));
#3937=DIRECTION('refdir',(1.,0.,0.));
#3938=DIRECTION('center_axis',(1.84889274661175E-32,0.,-1.));
#3939=DIRECTION('ref_axis',(-1.,0.,0.));
#3940=DIRECTION('center_axis',(-1.84889274661175E-32,0.,1.));
#3941=DIRECTION('ref_axis',(-1.,0.,0.));
#3942=DIRECTION('center_axis',(0.,-1.,0.));
#3943=DIRECTION('ref_axis',(1.,0.,0.));
#3944=DIRECTION('center_axis',(1.84889274661175E-32,0.,-1.));
#3945=DIRECTION('ref_axis',(-1.,0.,-1.84889274661175E-32));
#3946=DIRECTION('center_axis',(2.47615684263233E-16,1.17262693475374E-16,
1.));
#3947=DIRECTION('ref_axis',(-1.,3.60822483003176E-16,2.47615684263233E-16));
#3948=DIRECTION('',(2.47615684263233E-16,1.17262693475374E-16,1.));
#3949=DIRECTION('center_axis',(2.47615684263233E-16,1.17262693475374E-16,
1.));
#3950=DIRECTION('ref_axis',(-1.,3.60822483003176E-16,2.47615684263233E-16));
#3951=DIRECTION('center_axis',(-1.84889274661175E-32,0.,1.));
#3952=DIRECTION('ref_axis',(-1.,-2.55278817006609E-33,-1.84889274661175E-32));
#3953=DIRECTION('center_axis',(-1.84889274661175E-32,0.,1.));
#3954=DIRECTION('ref_axis',(0.840548475181791,-0.541736338885962,2.31111593326468E-32));
#3955=DIRECTION('center_axis',(-1.84889274661175E-32,0.,1.));
#3956=DIRECTION('ref_axis',(3.41607084500048E-16,1.,-1.5170402023481E-32));
#3957=DIRECTION('center_axis',(-1.84889274661175E-32,0.,1.));
#3958=DIRECTION('ref_axis',(0.541736338885962,-0.840548475181791,2.31111593326468E-32));
#3959=DIRECTION('',(-1.,-2.55278817006609E-33,-1.84889274661175E-32));
#3960=DIRECTION('center_axis',(-1.84889274661175E-32,0.,1.));
#3961=DIRECTION('ref_axis',(-0.707106781186546,-0.707106781186549,0.));
#3962=DIRECTION('',(2.55278817006609E-33,1.,0.));
#3963=DIRECTION('center_axis',(-1.84889274661175E-32,0.,1.));
#3964=DIRECTION('ref_axis',(1.720845688169E-15,1.,-1.23259516440783E-32));
#3965=DIRECTION('',(1.,2.55278817006609E-33,1.84889274661175E-32));
#3966=DIRECTION('center_axis',(-1.84889274661175E-32,0.,1.));
#3967=DIRECTION('ref_axis',(0.707106781186549,0.707106781186546,0.));
#3968=DIRECTION('',(-2.55278817006609E-33,-1.,0.));
#3969=DIRECTION('',(-1.,3.92741394961149E-15,-1.84889274661175E-32));
#3970=DIRECTION('center_axis',(1.84889274661175E-32,0.,-1.));
#3971=DIRECTION('ref_axis',(2.91433543964103E-16,-1.,-2.06743186478673E-32));
#3972=DIRECTION('center_axis',(1.84889274661175E-32,0.,-1.));
#3973=DIRECTION('ref_axis',(0.793922551567594,-0.608018899469746,-1.96587675858422E-16));
#3974=DIRECTION('',(1.,6.73072708679001E-15,1.84889274661175E-32));
#3975=DIRECTION('center_axis',(1.84889274661175E-32,0.,-1.));
#3976=DIRECTION('ref_axis',(8.52096171399819E-15,1.,-2.14600552359544E-30));
#3977=DIRECTION('',(9.85322934354826E-16,1.,1.82175642639884E-47));
#3978=DIRECTION('center_axis',(1.84889274661175E-32,0.,-1.));
#3979=DIRECTION('ref_axis',(-1.,8.52096171399819E-15,2.47615684263233E-16));
#3980=DIRECTION('center_axis',(1.84889274661175E-32,0.,-1.));
#3981=DIRECTION('ref_axis',(1.,2.91433543964103E-16,-2.6538011386692E-17));
#3982=DIRECTION('',(4.34374758384592E-15,-1.,8.03112340088503E-47));
#3983=DIRECTION('center_axis',(1.84889274661175E-32,0.,-1.));
#3984=DIRECTION('ref_axis',(-9.10382880192639E-15,1.,2.21077672876541E-16));
#3985=DIRECTION('',(1.,1.40165656858926E-15,1.84889274661175E-32));
#3986=DIRECTION('center_axis',(1.84889274661175E-32,0.,-1.));
#3987=DIRECTION('ref_axis',(-1.,-9.10382880192639E-15,2.65380113866901E-17));
#3988=DIRECTION('',(6.36990460378684E-15,1.,1.17772704185503E-46));
#3989=DIRECTION('center_axis',(1.84889274661175E-32,0.,-1.));
#3990=DIRECTION('ref_axis',(0.608018899469746,-0.793922551567594,-1.91654162622221E-16));
#3991=DIRECTION('center_axis',(1.84889274661175E-32,0.,-1.));
#3992=DIRECTION('ref_axis',(-1.,0.,0.));
#3993=DIRECTION('center_axis',(-1.84889274661175E-32,0.,1.));
#3994=DIRECTION('ref_axis',(-1.,0.,0.));
#3995=DIRECTION('center_axis',(0.,-1.,0.));
#3996=DIRECTION('ref_axis',(1.,0.,0.));
#3997=DIRECTION('center_axis',(1.84889274661175E-32,0.,-1.));
#3998=DIRECTION('ref_axis',(-1.,0.,-1.84889274661175E-32));
#3999=DIRECTION('center_axis',(-2.47615684263233E-16,-3.60817582029652E-32,
-1.));
#4000=DIRECTION('ref_axis',(-1.,-2.91433543964103E-16,2.47615684263233E-16));
#4001=DIRECTION('',(2.47615684263233E-16,3.60817582029652E-32,1.));
#4002=DIRECTION('center_axis',(-2.47615684263233E-16,-3.91632461139848E-32,
-1.));
#4003=DIRECTION('ref_axis',(-1.,-2.91433543964103E-16,2.47615684263233E-16));
#4004=DIRECTION('center_axis',(-1.84889274661175E-32,0.,1.));
#4005=DIRECTION('ref_axis',(-1.,-2.55278817006609E-33,-1.84889274661175E-32));
#4006=DIRECTION('center_axis',(-1.84889274661175E-32,0.,1.));
#4007=DIRECTION('ref_axis',(0.840548475181791,0.541736338885962,1.54074395550979E-32));
#4008=DIRECTION('',(-2.55278817006609E-33,-1.,0.));
#4009=DIRECTION('center_axis',(-1.84889274661175E-32,0.,1.));
#4010=DIRECTION('ref_axis',(0.707106781186549,-0.707106781186546,2.31111593326468E-32));
#4011=DIRECTION('',(-1.,-2.55278817006609E-33,-1.84889274661175E-32));
#4012=DIRECTION('center_axis',(-1.84889274661175E-32,0.,1.));
#4013=DIRECTION('ref_axis',(-1.,1.720845688169E-15,-3.08148791101958E-32));
#4014=DIRECTION('',(2.55278817006609E-33,1.,0.));
#4015=DIRECTION('center_axis',(-1.84889274661175E-32,0.,1.));
#4016=DIRECTION('ref_axis',(-0.707106781186546,0.707106781186549,-2.31111593326468E-32));
#4017=DIRECTION('',(1.,2.55278817006609E-33,1.84889274661175E-32));
#4018=DIRECTION('center_axis',(-1.84889274661175E-32,0.,1.));
#4019=DIRECTION('ref_axis',(0.541736338885962,0.840548475181791,0.));
#4020=DIRECTION('center_axis',(-1.84889274661175E-32,0.,1.));
#4021=DIRECTION('ref_axis',(-1.,-4.09928501400058E-16,-2.65482035410917E-32));
#4022=DIRECTION('center_axis',(1.84889274661175E-32,0.,-1.));
#4023=DIRECTION('ref_axis',(3.60822483003176E-16,1.,-1.17262693475374E-16));
#4024=DIRECTION('',(1.,3.85802501057242E-15,1.84889274661175E-32));
#4025=DIRECTION('center_axis',(1.84889274661175E-32,0.,-1.));
#4026=DIRECTION('ref_axis',(-1.,-8.45157277495911E-15,2.47615684263234E-16));
#4027=DIRECTION('',(-9.15933995315754E-16,1.,-1.69346372031442E-47));
#4028=DIRECTION('center_axis',(1.84889274661175E-32,0.,-1.));
#4029=DIRECTION('ref_axis',(8.45157277495911E-15,-1.,1.17262693475372E-16));
#4030=DIRECTION('',(-1.,6.80011602582908E-15,-1.84889274661175E-32));
#4031=DIRECTION('center_axis',(1.84889274661175E-32,0.,-1.));
#4032=DIRECTION('ref_axis',(0.793922551567594,0.608018899469746,-2.67885609694177E-16));
#4033=DIRECTION('',(-1.,1.47104550762833E-15,-1.84889274661175E-32));
#4034=DIRECTION('center_axis',(1.84889274661175E-32,0.,-1.));
#4035=DIRECTION('ref_axis',(-9.17321774096546E-15,-1.,3.38340366351916E-16));
#4036=DIRECTION('',(-4.413136522885E-15,-1.,-8.15941610696945E-47));
#4037=DIRECTION('center_axis',(1.84889274661175E-32,0.,-1.));
#4038=DIRECTION('ref_axis',(1.,-3.60822483003176E-16,-2.6538011386692E-17));
#4039=DIRECTION('center_axis',(1.84889274661175E-32,0.,-1.));
#4040=DIRECTION('ref_axis',(0.608018899469746,0.793922551567594,-2.84751659429879E-16));
#4041=DIRECTION('',(-6.30051566474776E-15,1.,-1.16489777124658E-46));
#4042=DIRECTION('center_axis',(1.84889274661175E-32,0.,-1.));
#4043=DIRECTION('ref_axis',(-1.,9.17321774096546E-15,2.6538011386689E-17));
#4044=DIRECTION('center_axis',(-3.60822483003176E-16,-1.,1.17262693475374E-16));
#4045=DIRECTION('ref_axis',(1.,-3.60822483003176E-16,-2.47615684263233E-16));
#4046=DIRECTION('',(-1.,-2.55278817006609E-33,-1.84889274661175E-32));
#4047=DIRECTION('',(2.47615684263233E-16,1.17262693475374E-16,1.));
#4048=DIRECTION('',(1.,-3.60822483003176E-16,1.84889274661175E-32));
#4049=DIRECTION('',(-2.47615684263233E-16,-1.17262693475374E-16,-1.));
#4050=DIRECTION('center_axis',(-2.47615684263233E-16,-1.17262693475374E-16,
-1.));
#4051=DIRECTION('ref_axis',(0.707106781186548,0.707106781186547,-2.58007975207316E-16));
#4052=DIRECTION('center_axis',(-1.84889274661175E-32,0.,1.));
#4053=DIRECTION('ref_axis',(0.707106781186548,0.707106781186547,-2.58007975207316E-16));
#4054=DIRECTION('center_axis',(1.84889274661175E-32,0.,-1.));
#4055=DIRECTION('ref_axis',(0.707106781186548,0.707106781186547,-2.58007975207316E-16));
#4056=DIRECTION('',(2.47615684263233E-16,1.17262693475374E-16,1.));
#4057=DIRECTION('center_axis',(-2.47615684263233E-16,-1.17262693475374E-16,
-1.));
#4058=DIRECTION('ref_axis',(-0.707106781186548,-0.707106781186547,2.58007975207316E-16));
#4059=DIRECTION('center_axis',(-1.84889274661175E-32,0.,1.));
#4060=DIRECTION('ref_axis',(-0.707106781186548,-0.707106781186547,2.58007975207316E-16));
#4061=DIRECTION('',(-2.47615684263233E-16,-1.17262693475374E-16,-1.));
#4062=DIRECTION('center_axis',(1.84889274661175E-32,0.,-1.));
#4063=DIRECTION('ref_axis',(-0.707106781186548,-0.707106781186547,2.58007975207316E-16));
#4064=DIRECTION('',(2.47615684263233E-16,1.17262693475374E-16,1.));
#4065=DIRECTION('center_axis',(-3.60822483003176E-16,-1.,1.17262693475374E-16));
#4066=DIRECTION('ref_axis',(-1.,3.60822483003176E-16,3.15912375163591E-16));
#4067=DIRECTION('',(1.,-3.60822483003176E-16,1.84889274661175E-32));
#4068=DIRECTION('',(2.47615684263233E-16,1.17262693475374E-16,1.));
#4069=DIRECTION('',(-1.,3.60822483003176E-16,-1.84889274661175E-32));
#4070=DIRECTION('center_axis',(-2.47615684263233E-16,-1.17262693475374E-16,
-1.));
#4071=DIRECTION('ref_axis',(0.707106781186547,-0.707106781186548,-9.21734837340422E-17));
#4072=DIRECTION('center_axis',(-1.84889274661175E-32,0.,1.));
#4073=DIRECTION('ref_axis',(0.707106781186547,-0.707106781186548,-9.21734837340422E-17));
#4074=DIRECTION('',(-2.47615684263233E-16,-1.17262693475374E-16,-1.));
#4075=DIRECTION('center_axis',(1.84889274661175E-32,0.,-1.));
#4076=DIRECTION('ref_axis',(0.707106781186547,-0.707106781186548,-9.21734837340422E-17));
#4077=DIRECTION('center_axis',(1.,-3.60822483003176E-16,-2.47615684263233E-16));
#4078=DIRECTION('ref_axis',(-3.60822483003176E-16,-1.,1.62016252405247E-16));
#4079=DIRECTION('',(3.60822483003176E-16,1.,6.67122071639012E-48));
#4080=DIRECTION('',(2.47615684263233E-16,1.17262693475374E-16,1.));
#4081=DIRECTION('',(-3.60822483003176E-16,-1.,-6.67122071639012E-48));
#4082=DIRECTION('center_axis',(-2.47615684263233E-16,-1.17262693475374E-16,
-1.));
#4083=DIRECTION('ref_axis',(-0.707106781186547,0.707106781186548,9.21734837340422E-17));
#4084=DIRECTION('center_axis',(-1.84889274661175E-32,0.,1.));
#4085=DIRECTION('ref_axis',(-0.707106781186547,0.707106781186548,9.21734837340422E-17));
#4086=DIRECTION('center_axis',(1.84889274661175E-32,0.,-1.));
#4087=DIRECTION('ref_axis',(-0.707106781186547,0.707106781186548,9.21734837340422E-17));
#4088=DIRECTION('',(-2.47615684263233E-16,-1.17262693475374E-16,-1.));
#4089=DIRECTION('center_axis',(-3.60822483003176E-16,-1.,1.17262693475374E-16));
#4090=DIRECTION('ref_axis',(-1.,3.60822483003176E-16,3.15912375163591E-16));
#4091=DIRECTION('',(1.,-3.60822483003176E-16,1.84889274661175E-32));
#4092=DIRECTION('',(2.47615684263233E-16,1.17262693475374E-16,1.));
#4093=DIRECTION('',(-1.,3.60822483003176E-16,-1.84889274661175E-32));
#4094=DIRECTION('center_axis',(-2.47615684263233E-16,-1.17262693475374E-16,
-1.));
#4095=DIRECTION('ref_axis',(0.707106781186547,-0.707106781186548,-9.21734837340422E-17));
#4096=DIRECTION('center_axis',(-1.84889274661175E-32,0.,1.));
#4097=DIRECTION('ref_axis',(0.707106781186547,-0.707106781186548,-9.21734837340422E-17));
#4098=DIRECTION('',(-2.47615684263233E-16,-1.17262693475374E-16,-1.));
#4099=DIRECTION('center_axis',(1.84889274661175E-32,0.,-1.));
#4100=DIRECTION('ref_axis',(0.707106781186547,-0.707106781186548,-9.21734837340422E-17));
#4101=DIRECTION('center_axis',(1.,-3.60822483003176E-16,-2.47615684263233E-16));
#4102=DIRECTION('ref_axis',(-3.60822483003176E-16,-1.,1.62016252405247E-16));
#4103=DIRECTION('',(-3.60822483003176E-16,-1.,-6.67122071639012E-48));
#4104=DIRECTION('',(3.60822483003176E-16,1.,6.67122071639012E-48));
#4105=DIRECTION('center_axis',(1.,-3.60822483003176E-16,-2.47615684263233E-16));
#4106=DIRECTION('ref_axis',(3.60822483003176E-16,1.,-1.17262693475374E-16));
#4107=DIRECTION('',(3.60822483003176E-16,1.,6.67122071639012E-48));
#4108=DIRECTION('',(2.47615684263233E-16,1.17262693475374E-16,1.));
#4109=DIRECTION('',(-3.60822483003176E-16,-1.,-6.67122071639012E-48));
#4110=DIRECTION('center_axis',(-2.47615684263233E-16,-1.17262693475374E-16,
-1.));
#4111=DIRECTION('ref_axis',(1.63757896132211E-15,1.,-1.17262693475375E-16));
#4112=DIRECTION('center_axis',(-1.84889274661175E-32,0.,1.));
#4113=DIRECTION('ref_axis',(1.63757896132211E-15,1.,-1.17262693475375E-16));
#4114=DIRECTION('center_axis',(1.84889274661175E-32,0.,-1.));
#4115=DIRECTION('ref_axis',(1.63757896132211E-15,1.,-1.17262693475375E-16));
#4116=DIRECTION('center_axis',(-1.84889274661175E-32,0.,1.));
#4117=DIRECTION('ref_axis',(-1.,-2.55278817006609E-33,-1.84889274661175E-32));
#4118=DIRECTION('center_axis',(1.84889274661175E-32,0.,-1.));
#4119=DIRECTION('ref_axis',(-1.720845688169E-15,-1.,1.23259516440783E-32));
#4120=DIRECTION('',(-2.55278817006609E-33,-1.,0.));
#4121=DIRECTION('center_axis',(1.84889274661175E-32,0.,-1.));
#4122=DIRECTION('ref_axis',(1.,-1.720845688169E-15,3.08148791101958E-32));
#4123=DIRECTION('',(1.,2.55278817006609E-33,1.84889274661175E-32));
#4124=DIRECTION('center_axis',(1.84889274661175E-32,0.,-1.));
#4125=DIRECTION('ref_axis',(1.720845688169E-15,1.,-1.23259516440783E-32));
#4126=DIRECTION('',(2.55278817006609E-33,1.,0.));
#4127=DIRECTION('center_axis',(1.84889274661175E-32,0.,-1.));
#4128=DIRECTION('ref_axis',(-1.,1.720845688169E-15,-3.08148791101958E-32));
#4129=DIRECTION('',(-1.,-2.55278817006609E-33,-1.84889274661175E-32));
#4130=DIRECTION('',(2.55278817006609E-33,1.,0.));
#4131=DIRECTION('',(0.707106781186547,0.707106781186548,0.));
#4132=DIRECTION('',(1.,2.55278817006609E-33,1.84889274661175E-32));
#4133=DIRECTION('',(0.707106781186548,-0.707106781186547,3.08148791101958E-32));
#4134=DIRECTION('',(-2.55278817006609E-33,-1.,0.));
#4135=DIRECTION('',(-0.707106781186547,-0.707106781186548,0.));
#4136=DIRECTION('',(-1.,-2.55278817006609E-33,-1.84889274661175E-32));
#4137=DIRECTION('',(-0.707106781186548,0.707106781186547,-3.08148791101958E-32));
#4138=DIRECTION('',(2.55278817006609E-33,1.,0.));
#4139=DIRECTION('center_axis',(-1.84889274661175E-32,0.,1.));
#4140=DIRECTION('ref_axis',(0.707106781186547,-0.707106781186547,8.29172457366368E-17));
#4141=DIRECTION('',(1.,-6.93889390390723E-17,1.84889274661175E-32));
#4142=DIRECTION('center_axis',(-1.84889274661175E-32,0.,1.));
#4143=DIRECTION('ref_axis',(-0.707106781186547,-0.707106781186547,8.29172457366368E-17));
#4144=DIRECTION('',(-6.93889390390723E-17,-1.,-1.28292706084425E-48));
#4145=DIRECTION('center_axis',(1.84889274661175E-32,0.,-1.));
#4146=DIRECTION('ref_axis',(0.707106781186547,0.707106781186547,-8.29172457366368E-17));
#4147=DIRECTION('',(1.,-6.93889390390723E-17,1.84889274661175E-32));
#4148=DIRECTION('center_axis',(-1.84889274661175E-32,0.,1.));
#4149=DIRECTION('ref_axis',(-0.707106781186547,-0.707106781186547,8.29172457366368E-17));
#4150=DIRECTION('',(-6.93889390390723E-17,-1.,-1.28292706084425E-48));
#4151=DIRECTION('center_axis',(-1.84889274661175E-32,0.,1.));
#4152=DIRECTION('ref_axis',(-0.707106781186547,0.707106781186547,-8.29172457366368E-17));
#4153=DIRECTION('',(-1.,6.93889390390723E-17,-1.84889274661175E-32));
#4154=DIRECTION('center_axis',(-1.84889274661175E-32,0.,1.));
#4155=DIRECTION('ref_axis',(-1.27675647831893E-15,1.,0.));
#4156=DIRECTION('',(1.,2.91433543964103E-16,1.84889274661175E-32));
#4157=DIRECTION('center_axis',(-1.84889274661175E-32,0.,1.));
#4158=DIRECTION('ref_axis',(1.56819002228304E-15,-1.,-3.39900735575345E-31));
#4159=DIRECTION('',(2.91433543964103E-16,-1.,5.38829365554586E-48));
#4160=DIRECTION('center_axis',(-1.84889274661175E-32,0.,1.));
#4161=DIRECTION('ref_axis',(-0.707106781186548,0.707106781186547,1.75090729470679E-16));
#4162=DIRECTION('',(-1.,-2.91433543964103E-16,-1.84889274661175E-32));
#4163=DIRECTION('center_axis',(-1.84889274661175E-32,0.,1.));
#4164=DIRECTION('ref_axis',(0.707106781186547,0.707106781186548,-1.75090729470679E-16));
#4165=DIRECTION('',(-2.91433543964103E-16,1.,-5.38829365554586E-48));
#4166=DIRECTION('center_axis',(1.84889274661175E-32,0.,-1.));
#4167=DIRECTION('ref_axis',(-0.707106781186547,-0.707106781186548,1.75090729470679E-16));
#4168=DIRECTION('',(-1.,-2.91433543964103E-16,-1.84889274661175E-32));
#4169=DIRECTION('center_axis',(-1.84889274661175E-32,0.,1.));
#4170=DIRECTION('ref_axis',(0.707106781186547,0.707106781186548,-1.75090729470679E-16));
#4171=DIRECTION('',(-2.91433543964103E-16,1.,-5.38829365554586E-48));
#4172=DIRECTION('center_axis',(-1.84889274661175E-32,0.,1.));
#4173=DIRECTION('ref_axis',(0.707106781186548,-0.707106781186547,-1.75090729470679E-16));
#4174=DIRECTION('center_axis',(1.84889274661175E-32,0.,-1.));
#4175=DIRECTION('ref_axis',(0.707106781186547,-0.707106781186547,0.));
#4176=DIRECTION('',(2.04993386084076E-32,1.,3.7901078463423E-64));
#4177=DIRECTION('center_axis',(-1.84889274661175E-32,0.,1.));
#4178=DIRECTION('ref_axis',(-0.707106781186547,0.707106781186547,0.));
#4179=DIRECTION('',(1.,-2.35558585893321E-32,1.84889274661175E-32));
#4180=DIRECTION('center_axis',(-1.84889274661175E-32,0.,1.));
#4181=DIRECTION('ref_axis',(0.707106781186547,0.707106781186547,0.));
#4182=DIRECTION('',(2.55278817006609E-33,1.,0.));
#4183=DIRECTION('center_axis',(-1.84889274661175E-32,0.,1.));
#4184=DIRECTION('ref_axis',(-1.27675647831893E-15,-1.,1.23259516440783E-32));
#4185=DIRECTION('',(-1.,2.35558585893321E-32,-1.84889274661175E-32));
#4186=DIRECTION('center_axis',(-1.84889274661175E-32,0.,1.));
#4187=DIRECTION('ref_axis',(-0.707106781186547,-0.707106781186547,0.));
#4188=DIRECTION('',(2.04993386084076E-32,1.,3.7901078463423E-64));
#4189=DIRECTION('center_axis',(-1.84889274661175E-32,0.,1.));
#4190=DIRECTION('ref_axis',(-0.707106781186547,0.707106781186547,0.));
#4191=DIRECTION('',(1.,-2.35558585893321E-32,1.84889274661175E-32));
#4192=DIRECTION('center_axis',(6.93889390390723E-17,1.,-1.17262693475374E-16));
#4193=DIRECTION('ref_axis',(-1.,6.93889390390723E-17,-2.25572944106776E-32));
#4194=DIRECTION('',(-4.06836694456009E-33,-1.17262693475374E-16,-1.));
#4195=DIRECTION('',(-1.,-2.55278817006609E-33,-1.84889274661175E-32));
#4196=DIRECTION('',(-1.84889274661175E-32,0.,1.));
#4197=DIRECTION('center_axis',(4.06836694456009E-33,1.17262693475374E-16,
1.));
#4198=DIRECTION('ref_axis',(-0.707106781186547,0.707106781186547,-8.29172457366368E-17));
#4199=DIRECTION('',(4.06836694456009E-33,1.17262693475374E-16,1.));
#4200=DIRECTION('center_axis',(1.84889274661175E-32,0.,-1.));
#4201=DIRECTION('ref_axis',(-0.707106781186547,0.707106781186547,-8.29172457366368E-17));
#4202=DIRECTION('center_axis',(-1.44205605215574E-32,1.17262693475374E-16,
1.));
#4203=DIRECTION('ref_axis',(0.707106781186547,-0.707106781186547,8.29172457366368E-17));
#4204=DIRECTION('',(-1.44205605215574E-32,1.17262693475374E-16,1.));
#4205=DIRECTION('center_axis',(1.84889274661175E-32,0.,-1.));
#4206=DIRECTION('ref_axis',(0.707106781186547,-0.707106781186547,8.29172457366368E-17));
#4207=DIRECTION('',(1.44205605215574E-32,-1.17262693475374E-16,-1.));
#4208=DIRECTION('center_axis',(6.93889390390723E-17,1.,-1.17262693475374E-16));
#4209=DIRECTION('ref_axis',(1.,-6.93889390390723E-17,6.82966909003586E-17));
#4210=DIRECTION('',(-1.,6.93889390390723E-17,-1.84889274661175E-32));
#4211=DIRECTION('',(4.06836694456009E-33,1.17262693475374E-16,1.));
#4212=DIRECTION('center_axis',(4.06836694456009E-33,1.17262693475374E-16,
1.));
#4213=DIRECTION('ref_axis',(-0.707106781186547,-0.707106781186547,8.29172457366368E-17));
#4214=DIRECTION('center_axis',(1.84889274661175E-32,0.,-1.));
#4215=DIRECTION('ref_axis',(-0.707106781186547,-0.707106781186547,8.29172457366368E-17));
#4216=DIRECTION('',(-4.06836694456009E-33,-1.17262693475374E-16,-1.));
#4217=DIRECTION('center_axis',(1.,-6.93889390390723E-17,4.06836694456009E-33));
#4218=DIRECTION('ref_axis',(-6.93889390390723E-17,-1.,1.62016252405247E-16));
#4219=DIRECTION('',(6.93889390390723E-17,1.,1.28292706084425E-48));
#4220=DIRECTION('',(4.06836694456009E-33,1.17262693475374E-16,1.));
#4221=DIRECTION('center_axis',(4.06836694456009E-33,1.17262693475374E-16,
1.));
#4222=DIRECTION('ref_axis',(0.707106781186547,0.707106781186547,-8.29172457366368E-17));
#4223=DIRECTION('center_axis',(-1.84889274661175E-32,0.,1.));
#4224=DIRECTION('ref_axis',(0.707106781186547,0.707106781186547,-8.29172457366368E-17));
#4225=DIRECTION('',(-4.06836694456009E-33,-1.17262693475374E-16,-1.));
#4226=DIRECTION('center_axis',(6.93889390390723E-17,1.,-1.17262693475374E-16));
#4227=DIRECTION('ref_axis',(1.,-6.93889390390723E-17,6.82966909003586E-17));
#4228=DIRECTION('',(-1.,6.93889390390723E-17,-1.84889274661175E-32));
#4229=DIRECTION('',(4.06836694456009E-33,1.17262693475374E-16,1.));
#4230=DIRECTION('center_axis',(4.06836694456009E-33,1.17262693475374E-16,
1.));
#4231=DIRECTION('ref_axis',(-0.707106781186547,-0.707106781186547,8.29172457366368E-17));
#4232=DIRECTION('center_axis',(1.84889274661175E-32,0.,-1.));
#4233=DIRECTION('ref_axis',(-0.707106781186547,-0.707106781186547,8.29172457366368E-17));
#4234=DIRECTION('',(-4.06836694456009E-33,-1.17262693475374E-16,-1.));
#4235=DIRECTION('center_axis',(1.,-6.93889390390723E-17,4.06836694456009E-33));
#4236=DIRECTION('ref_axis',(-6.93889390390723E-17,-1.,1.62016252405247E-16));
#4237=DIRECTION('',(6.93889390390723E-17,1.,1.28292706084425E-48));
#4238=DIRECTION('center_axis',(2.91433543964103E-16,-1.,-3.60817582029652E-32));
#4239=DIRECTION('ref_axis',(1.,2.91433543964103E-16,-2.47615684263233E-16));
#4240=DIRECTION('',(-2.47615684263233E-16,-3.60817582029652E-32,-1.));
#4241=DIRECTION('',(-1.,-2.91433543964103E-16,-1.84889274661175E-32));
#4242=DIRECTION('',(2.47615684263233E-16,3.60817582029652E-32,1.));
#4243=DIRECTION('center_axis',(2.47615684263233E-16,3.60817582029652E-32,
1.));
#4244=DIRECTION('ref_axis',(0.707106781186548,-0.707106781186547,-1.75090729470679E-16));
#4245=DIRECTION('',(2.47615684263233E-16,3.60817582029652E-32,1.));
#4246=DIRECTION('center_axis',(1.84889274661175E-32,0.,-1.));
#4247=DIRECTION('ref_axis',(0.707106781186548,-0.707106781186547,-1.75090729470679E-16));
#4248=DIRECTION('center_axis',(2.47615684263233E-16,3.60817582029652E-32,
1.));
#4249=DIRECTION('ref_axis',(-0.707106781186548,0.707106781186547,1.75090729470679E-16));
#4250=DIRECTION('',(2.47615684263233E-16,3.60817582029652E-32,1.));
#4251=DIRECTION('center_axis',(1.84889274661175E-32,0.,-1.));
#4252=DIRECTION('ref_axis',(-0.707106781186548,0.707106781186547,1.75090729470679E-16));
#4253=DIRECTION('',(-2.47615684263233E-16,-3.60817582029652E-32,-1.));
#4254=DIRECTION('center_axis',(2.91433543964103E-16,-1.,-3.60817582029652E-32));
#4255=DIRECTION('ref_axis',(-1.,-2.91433543964103E-16,3.15912375163591E-16));
#4256=DIRECTION('',(1.,2.91433543964103E-16,1.84889274661175E-32));
#4257=DIRECTION('',(2.47615684263233E-16,3.60817582029652E-32,1.));
#4258=DIRECTION('center_axis',(2.47615684263233E-16,3.60817582029652E-32,
1.));
#4259=DIRECTION('ref_axis',(0.707106781186547,0.707106781186548,-1.75090729470679E-16));
#4260=DIRECTION('center_axis',(1.84889274661175E-32,0.,-1.));
#4261=DIRECTION('ref_axis',(0.707106781186547,0.707106781186548,-1.75090729470679E-16));
#4262=DIRECTION('',(-2.47615684263233E-16,-3.60817582029652E-32,-1.));
#4263=DIRECTION('center_axis',(-1.,-2.91433543964103E-16,2.47615684263233E-16));
#4264=DIRECTION('ref_axis',(-2.91433543964103E-16,1.,4.47535589298728E-17));
#4265=DIRECTION('',(2.91433543964103E-16,-1.,5.38829365554586E-48));
#4266=DIRECTION('',(2.47615684263233E-16,3.60817582029652E-32,1.));
#4267=DIRECTION('center_axis',(2.47615684263233E-16,3.60817582029652E-32,
1.));
#4268=DIRECTION('ref_axis',(-0.707106781186547,-0.707106781186548,1.75090729470679E-16));
#4269=DIRECTION('center_axis',(-1.84889274661175E-32,0.,1.));
#4270=DIRECTION('ref_axis',(-0.707106781186547,-0.707106781186548,1.75090729470679E-16));
#4271=DIRECTION('',(-2.47615684263233E-16,-3.60817582029652E-32,-1.));
#4272=DIRECTION('center_axis',(2.91433543964103E-16,-1.,-3.60817582029652E-32));
#4273=DIRECTION('ref_axis',(-1.,-2.91433543964103E-16,3.15912375163591E-16));
#4274=DIRECTION('',(1.,2.91433543964103E-16,1.84889274661175E-32));
#4275=DIRECTION('',(2.47615684263233E-16,3.60817582029652E-32,1.));
#4276=DIRECTION('center_axis',(2.47615684263233E-16,3.60817582029652E-32,
1.));
#4277=DIRECTION('ref_axis',(0.707106781186547,0.707106781186548,-1.75090729470679E-16));
#4278=DIRECTION('center_axis',(1.84889274661175E-32,0.,-1.));
#4279=DIRECTION('ref_axis',(0.707106781186547,0.707106781186548,-1.75090729470679E-16));
#4280=DIRECTION('',(-2.47615684263233E-16,-3.60817582029652E-32,-1.));
#4281=DIRECTION('center_axis',(-1.,-2.91433543964103E-16,2.47615684263233E-16));
#4282=DIRECTION('ref_axis',(-2.91433543964103E-16,1.,4.47535589298728E-17));
#4283=DIRECTION('',(2.91433543964103E-16,-1.,5.38829365554586E-48));
#4284=DIRECTION('center_axis',(-1.,-2.91433543964103E-16,2.47615684263233E-16));
#4285=DIRECTION('ref_axis',(2.91433543964103E-16,-1.,-3.60817582029652E-32));
#4286=DIRECTION('',(2.47615684263233E-16,3.60817582029652E-32,1.));
#4287=DIRECTION('',(-2.91433543964103E-16,1.,-5.38829365554586E-48));
#4288=DIRECTION('center_axis',(2.47615684263233E-16,3.60817582029652E-32,
1.));
#4289=DIRECTION('ref_axis',(1.56819002228304E-15,-1.,-3.39900735575345E-31));
#4290=DIRECTION('center_axis',(1.84889274661175E-32,0.,-1.));
#4291=DIRECTION('ref_axis',(1.56819002228304E-15,-1.,-3.39900735575345E-31));
#4292=DIRECTION('center_axis',(0.,0.,-1.));
#4293=DIRECTION('ref_axis',(-0.707106781186547,-0.707106781186547,0.));
#4294=DIRECTION('',(0.,0.,-1.));
#4295=DIRECTION('center_axis',(1.84889274661175E-32,0.,-1.));
#4296=DIRECTION('ref_axis',(-0.707106781186547,-0.707106781186547,0.));
#4297=DIRECTION('',(0.,0.,1.));
#4298=DIRECTION('center_axis',(2.55278817006609E-33,1.,0.));
#4299=DIRECTION('ref_axis',(-1.,-2.55278817006609E-33,-1.84889274661175E-32));
#4300=DIRECTION('',(-1.84889274661175E-32,0.,1.));
#4301=DIRECTION('',(1.,-2.35558585893321E-32,1.84889274661175E-32));
#4302=DIRECTION('center_axis',(1.84889274661175E-32,-4.35522560860282E-64,
-1.));
#4303=DIRECTION('ref_axis',(0.707106781186547,0.707106781186547,0.));
#4304=DIRECTION('',(1.84889274661175E-32,-4.35522560860282E-64,-1.));
#4305=DIRECTION('center_axis',(1.84889274661175E-32,0.,-1.));
#4306=DIRECTION('ref_axis',(0.707106781186547,0.707106781186547,0.));
#4307=DIRECTION('',(-1.84889274661175E-32,4.35522560860282E-64,1.));
#4308=DIRECTION('center_axis',(2.35558585893321E-32,1.,0.));
#4309=DIRECTION('ref_axis',(1.,-2.35558585893321E-32,6.82966909003586E-17));
#4310=DIRECTION('',(0.,0.,1.));
#4311=DIRECTION('',(-1.,2.35558585893321E-32,-1.84889274661175E-32));
#4312=DIRECTION('center_axis',(0.,0.,-1.));
#4313=DIRECTION('ref_axis',(-0.707106781186547,0.707106781186547,0.));
#4314=DIRECTION('',(0.,0.,-1.));
#4315=DIRECTION('center_axis',(1.84889274661175E-32,0.,-1.));
#4316=DIRECTION('ref_axis',(-0.707106781186547,0.707106781186547,0.));
#4317=DIRECTION('center_axis',(-1.,2.04993386084076E-32,0.));
#4318=DIRECTION('ref_axis',(2.04993386084076E-32,1.,4.47535589298728E-17));
#4319=DIRECTION('',(0.,0.,1.));
#4320=DIRECTION('',(-2.04993386084076E-32,-1.,-3.7901078463423E-64));
#4321=DIRECTION('center_axis',(0.,0.,-1.));
#4322=DIRECTION('ref_axis',(0.707106781186547,-0.707106781186547,0.));
#4323=DIRECTION('center_axis',(-1.84889274661175E-32,0.,1.));
#4324=DIRECTION('ref_axis',(0.707106781186547,-0.707106781186547,0.));
#4325=DIRECTION('',(0.,0.,-1.));
#4326=DIRECTION('center_axis',(-1.84889274661175E-32,0.,1.));
#4327=DIRECTION('ref_axis',(-1.,-2.55278817006609E-33,-1.84889274661175E-32));
#4328=DIRECTION('center_axis',(-1.84889274661175E-32,0.,1.));
#4329=DIRECTION('ref_axis',(-0.541736338885963,-0.84054847518179,-8.36029497587966E-17));
#4330=DIRECTION('',(1.,2.55278817006609E-33,1.84889274661175E-32));
#4331=DIRECTION('center_axis',(-1.84889274661175E-32,0.,1.));
#4332=DIRECTION('ref_axis',(0.707106781186547,-0.707106781186548,-3.25176795283269E-17));
#4333=DIRECTION('',(2.55278817006609E-33,1.,0.));
#4334=DIRECTION('center_axis',(-1.84889274661175E-32,0.,1.));
#4335=DIRECTION('ref_axis',(0.707106781186546,0.707106781186549,0.));
#4336=DIRECTION('',(1.,2.55278817006609E-33,1.84889274661175E-32));
#4337=DIRECTION('center_axis',(-1.84889274661175E-32,0.,1.));
#4338=DIRECTION('ref_axis',(-0.541736338885962,0.840548475181791,-2.31111593326468E-32));
#4339=DIRECTION('center_axis',(-1.84889274661175E-32,0.,1.));
#4340=DIRECTION('ref_axis',(4.09928501400058E-16,-1.,0.));
#4341=DIRECTION('center_axis',(-1.84889274661175E-32,0.,1.));
#4342=DIRECTION('ref_axis',(-0.840548475181791,0.541736338885962,-2.31111593326468E-32));
#4343=DIRECTION('',(2.55278817006609E-33,1.,0.));
#4344=DIRECTION('center_axis',(-1.84889274661175E-32,0.,1.));
#4345=DIRECTION('ref_axis',(-0.707106781186549,-0.707106781186546,0.));
#4346=DIRECTION('',(1.,2.55278817006609E-33,1.84889274661175E-32));
#4347=DIRECTION('center_axis',(-1.84889274661175E-32,0.,1.));
#4348=DIRECTION('ref_axis',(0.707106781186549,-0.707106781186546,2.31111593326468E-32));
#4349=DIRECTION('',(2.55278817006609E-33,1.,0.));
#4350=DIRECTION('center_axis',(-1.84889274661175E-32,0.,1.));
#4351=DIRECTION('ref_axis',(0.840548475181791,0.541736338885962,1.54074395550979E-32));
#4352=DIRECTION('center_axis',(-1.84889274661175E-32,0.,1.));
#4353=DIRECTION('ref_axis',(-1.,-4.09928501400058E-16,-2.65482035410917E-32));
#4354=DIRECTION('center_axis',(-1.84889274661175E-32,0.,1.));
#4355=DIRECTION('ref_axis',(0.541736338885962,0.840548475181791,0.));
#4356=DIRECTION('',(1.,2.55278817006609E-33,1.84889274661175E-32));
#4357=DIRECTION('center_axis',(-1.84889274661175E-32,0.,1.));
#4358=DIRECTION('ref_axis',(-0.707106781186546,0.707106781186549,-2.31111593326468E-32));
#4359=DIRECTION('',(-2.55278817006609E-33,-1.,0.));
#4360=DIRECTION('center_axis',(-1.84889274661175E-32,0.,1.));
#4361=DIRECTION('ref_axis',(-0.707106781186546,-0.707106781186549,0.));
#4362=DIRECTION('',(1.,2.55278817006609E-33,1.84889274661175E-32));
#4363=DIRECTION('center_axis',(-1.84889274661175E-32,0.,1.));
#4364=DIRECTION('ref_axis',(0.541736338885962,-0.840548475181791,2.31111593326468E-32));
#4365=DIRECTION('center_axis',(-1.84889274661175E-32,0.,1.));
#4366=DIRECTION('ref_axis',(3.41607084500048E-16,1.,-1.5170402023481E-32));
#4367=DIRECTION('center_axis',(-1.84889274661175E-32,0.,1.));
#4368=DIRECTION('ref_axis',(0.840548475181791,-0.541736338885962,2.31111593326468E-32));
#4369=DIRECTION('',(2.55278817006609E-33,1.,0.));
#4370=DIRECTION('center_axis',(-1.84889274661175E-32,0.,1.));
#4371=DIRECTION('ref_axis',(0.707106781186549,0.707106781186546,0.));
#4372=DIRECTION('',(-1.,-2.55278817006609E-33,-1.84889274661175E-32));
#4373=DIRECTION('center_axis',(-1.84889274661175E-32,0.,1.));
#4374=DIRECTION('ref_axis',(-0.707106781186549,0.707106781186546,-2.31111593326468E-32));
#4375=DIRECTION('',(2.55278817006609E-33,1.,0.));
#4376=DIRECTION('center_axis',(-1.84889274661175E-32,0.,1.));
#4377=DIRECTION('ref_axis',(-0.840548475181791,-0.541736338885962,-1.54074395550979E-32));
#4378=DIRECTION('center_axis',(-1.84889274661175E-32,0.,1.));
#4379=DIRECTION('ref_axis',(1.,-8.19857002800116E-16,1.89630025293513E-32));
#4380=DIRECTION('',(2.55278817006609E-33,1.,0.));
#4381=DIRECTION('center_axis',(-1.84889274661175E-32,0.,1.));
#4382=DIRECTION('ref_axis',(-1.27675647831893E-15,1.,0.));
#4383=DIRECTION('',(-1.,2.35558585893321E-32,-1.84889274661175E-32));
#4384=DIRECTION('center_axis',(1.84889274661175E-32,0.,-1.));
#4385=DIRECTION('ref_axis',(-0.707106781186547,0.707106781186547,0.));
#4386=DIRECTION('',(-2.04993386084076E-32,-1.,-3.7901078463423E-64));
#4387=DIRECTION('center_axis',(1.84889274661175E-32,0.,-1.));
#4388=DIRECTION('ref_axis',(-1.27675647831893E-15,-1.,1.23259516440783E-32));
#4389=DIRECTION('',(-2.55278817006609E-33,-1.,0.));
#4390=DIRECTION('center_axis',(-1.84889274661175E-32,0.,1.));
#4391=DIRECTION('ref_axis',(-1.,-2.55278817006609E-33,-2.88889491658085E-32));
#4392=DIRECTION('center_axis',(1.84889274661175E-32,0.,-1.));
#4393=DIRECTION('ref_axis',(1.,2.55278817006609E-33,2.88889491658085E-32));
#4394=DIRECTION('center_axis',(1.84889274661175E-32,0.,-1.));
#4395=DIRECTION('ref_axis',(-1.,-2.55278817006609E-33,-2.88889491658085E-32));
#4396=DIRECTION('center_axis',(-1.84889274661175E-32,0.,1.));
#4397=DIRECTION('ref_axis',(1.,2.55278817006609E-33,2.88889491658085E-32));
#4398=DIRECTION('center_axis',(-1.84889274661175E-32,0.,1.));
#4399=DIRECTION('ref_axis',(-1.,1.93082265152201E-16,-1.11022302462516E-16));
#4400=DIRECTION('center_axis',(2.35558585893321E-32,1.,0.));
#4401=DIRECTION('ref_axis',(1.,-2.35558585893321E-32,6.82966909003586E-17));
#4402=DIRECTION('',(0.,0.,1.));
#4403=DIRECTION('center_axis',(0.,0.,-1.));
#4404=DIRECTION('ref_axis',(-0.707106781186547,0.707106781186547,0.));
#4405=DIRECTION('',(0.,0.,-1.));
#4406=DIRECTION('center_axis',(-1.,2.04993386084076E-32,0.));
#4407=DIRECTION('ref_axis',(2.04993386084076E-32,1.,4.47535589298728E-17));
#4408=DIRECTION('center_axis',(-1.,-2.55278817006609E-33,-1.84889274661175E-32));
#4409=DIRECTION('ref_axis',(-2.55278817006609E-33,-1.,0.));
#4410=DIRECTION('',(-1.84889274661175E-32,0.,1.));
#4411=DIRECTION('center_axis',(-2.47615684263233E-16,-1.17262693475374E-16,
-1.));
#4412=DIRECTION('ref_axis',(-1.,3.60822483003176E-16,2.47615684263233E-16));
#4413=DIRECTION('center_axis',(2.47615684263233E-16,3.91632461139848E-32,
1.));
#4414=DIRECTION('ref_axis',(-1.,-2.91433543964103E-16,2.47615684263233E-16));
#4415=DIRECTION('center_axis',(1.84889274661175E-32,0.,-1.));
#4416=DIRECTION('ref_axis',(-1.,0.,0.));
#4417=DIRECTION('center_axis',(-1.84889274661175E-32,0.,1.));
#4418=DIRECTION('ref_axis',(1.,0.,0.));
#4419=DIRECTION('center_axis',(0.,-1.,0.));
#4420=DIRECTION('ref_axis',(1.,0.,0.));
#4421=DIRECTION('center_axis',(1.84889274661175E-32,0.,-1.));
#4422=DIRECTION('ref_axis',(1.,0.,1.84889274661175E-32));
#4423=DIRECTION('center_axis',(-1.84889274661175E-32,0.,1.));
#4424=DIRECTION('ref_axis',(1.,0.,0.));
#4425=DIRECTION('center_axis',(-4.06836694456009E-33,-1.17262693475374E-16,
-1.));
#4426=DIRECTION('ref_axis',(1.,-6.93889390390723E-17,4.06836694456009E-33));
#4427=DIRECTION('',(4.06836694456009E-33,1.17262693475374E-16,1.));
#4428=DIRECTION('center_axis',(-1.63943185886384E-32,-1.17262693475374E-16,
-1.));
#4429=DIRECTION('ref_axis',(1.,-6.93889390390723E-17,-8.25758469951822E-33));
#4430=DIRECTION('center_axis',(-1.84889274661175E-32,0.,1.));
#4431=DIRECTION('ref_axis',(-1.,-2.55278817006609E-33,-1.84889274661175E-32));
#4432=DIRECTION('center_axis',(-1.84889274661175E-32,0.,1.));
#4433=DIRECTION('ref_axis',(-0.541736338885963,-0.84054847518179,-8.36029497587966E-17));
#4434=DIRECTION('center_axis',(-1.84889274661175E-32,0.,1.));
#4435=DIRECTION('ref_axis',(1.,-8.19857002800116E-16,1.89630025293513E-32));
#4436=DIRECTION('center_axis',(-1.84889274661175E-32,0.,1.));
#4437=DIRECTION('ref_axis',(-0.840548475181791,-0.541736338885962,-1.54074395550979E-32));
#4438=DIRECTION('',(2.55278817006609E-33,1.,0.));
#4439=DIRECTION('center_axis',(-1.84889274661175E-32,0.,1.));
#4440=DIRECTION('ref_axis',(-0.707106781186549,0.707106781186546,-2.31111593326468E-32));
#4441=DIRECTION('',(1.,2.55278817006609E-33,1.84889274661175E-32));
#4442=DIRECTION('center_axis',(-1.84889274661175E-32,0.,1.));
#4443=DIRECTION('ref_axis',(1.,-1.720845688169E-15,3.08148791101958E-32));
#4444=DIRECTION('',(-2.55278817006609E-33,-1.,0.));
#4445=DIRECTION('center_axis',(-1.84889274661175E-32,0.,1.));
#4446=DIRECTION('ref_axis',(0.707106781186547,-0.707106781186548,-3.25176795283269E-17));
#4447=DIRECTION('',(-1.,-2.55278817006609E-33,-1.84889274661175E-32));
#4448=DIRECTION('',(4.05231403988182E-15,1.,2.2107767287654E-16));
#4449=DIRECTION('center_axis',(-2.21077672876541E-16,2.21077672876541E-16,
-1.));
#4450=DIRECTION('ref_axis',(-1.,-1.99084075184069E-32,2.21077672876541E-16));
#4451=DIRECTION('center_axis',(-2.21077672876541E-16,2.21077672876541E-16,
-1.));
#4452=DIRECTION('ref_axis',(-0.608018899469746,-0.793922551567594,-4.10991467850423E-17));
#4453=DIRECTION('',(6.66133814775094E-15,-1.,-2.21077672876542E-16));
#4454=DIRECTION('center_axis',(-2.21077672876541E-16,2.21077672876541E-16,
-1.));
#4455=DIRECTION('ref_axis',(1.,-8.81239525796229E-15,-2.21077672876543E-16));
#4456=DIRECTION('',(1.,-1.11022302462516E-15,-2.21077672876541E-16));
#4457=DIRECTION('center_axis',(-2.21077672876541E-16,2.21077672876541E-16,
-1.));
#4458=DIRECTION('ref_axis',(8.81239525796229E-15,1.,2.21077672876539E-16));
#4459=DIRECTION('',(1.,4.21884749357559E-15,2.46519032881566E-32));
#4460=DIRECTION('center_axis',(-1.84889274661175E-32,0.,1.));
#4461=DIRECTION('ref_axis',(1.,8.81239525796229E-15,3.08148791101962E-32));
#4462=DIRECTION('',(-1.27675647831893E-15,1.,-1.23259516440783E-32));
#4463=DIRECTION('center_axis',(-1.84889274661175E-32,0.,1.));
#4464=DIRECTION('ref_axis',(-8.81239525796229E-15,1.,0.));
#4465=DIRECTION('',(-1.,6.43929354282591E-15,-1.84889274661175E-32));
#4466=DIRECTION('center_axis',(-1.84889274661175E-32,0.,1.));
#4467=DIRECTION('ref_axis',(-0.793922551567594,-0.608018899469746,-3.08148791101959E-32));
#4468=DIRECTION('center_axis',(-1.84889274661175E-32,0.,1.));
#4469=DIRECTION('ref_axis',(-2.55278817006609E-33,-1.,1.54074395550979E-32));
#4470=DIRECTION('center_axis',(1.63943185886384E-32,1.17262693475374E-16,
1.));
#4471=DIRECTION('ref_axis',(1.,-6.93889390390723E-17,-8.25758469951822E-33));
#4472=DIRECTION('center_axis',(1.84889274661175E-32,0.,-1.));
#4473=DIRECTION('ref_axis',(-1.,0.,0.));
#4474=DIRECTION('center_axis',(-1.84889274661175E-32,0.,1.));
#4475=DIRECTION('ref_axis',(1.,0.,0.));
#4476=DIRECTION('center_axis',(0.,-1.,0.));
#4477=DIRECTION('ref_axis',(1.,0.,0.));
#4478=DIRECTION('center_axis',(1.84889274661175E-32,0.,-1.));
#4479=DIRECTION('ref_axis',(1.,0.,1.84889274661175E-32));
#4480=DIRECTION('center_axis',(-1.84889274661175E-32,0.,1.));
#4481=DIRECTION('ref_axis',(1.,0.,0.));
#4482=DIRECTION('center_axis',(-1.84889274661175E-32,0.,1.));
#4483=DIRECTION('ref_axis',(-1.,-2.55278817006609E-33,-1.84889274661175E-32));
#4484=DIRECTION('center_axis',(-1.84889274661175E-32,0.,1.));
#4485=DIRECTION('ref_axis',(-0.541736338885962,0.840548475181791,-2.31111593326468E-32));
#4486=DIRECTION('',(1.,2.55278817006609E-33,1.84889274661175E-32));
#4487=DIRECTION('center_axis',(-1.84889274661175E-32,0.,1.));
#4488=DIRECTION('ref_axis',(0.707106781186546,0.707106781186549,0.));
#4489=DIRECTION('',(-2.55278817006609E-33,-1.,0.));
#4490=DIRECTION('center_axis',(-1.84889274661175E-32,0.,1.));
#4491=DIRECTION('ref_axis',(-1.720845688169E-15,-1.,1.23259516440783E-32));
#4492=DIRECTION('',(-1.,-2.55278817006609E-33,-1.84889274661175E-32));
#4493=DIRECTION('center_axis',(-1.84889274661175E-32,0.,1.));
#4494=DIRECTION('ref_axis',(-0.707106781186549,-0.707106781186546,0.));
#4495=DIRECTION('',(2.55278817006609E-33,1.,0.));
#4496=DIRECTION('center_axis',(-1.84889274661175E-32,0.,1.));
#4497=DIRECTION('ref_axis',(-0.840548475181791,0.541736338885962,-2.31111593326468E-32));
#4498=DIRECTION('center_axis',(-1.84889274661175E-32,0.,1.));
#4499=DIRECTION('ref_axis',(4.09928501400058E-16,-1.,0.));
#4500=DIRECTION('center_axis',(1.84889274661175E-32,0.,-1.));
#4501=DIRECTION('ref_axis',(-1.,6.93889390390723E-17,2.21077672876541E-16));
#4502=DIRECTION('',(-3.98292510084275E-15,1.,-7.36400132924602E-47));
#4503=DIRECTION('center_axis',(1.84889274661175E-32,0.,-1.));
#4504=DIRECTION('ref_axis',(8.74300631892322E-15,-1.,3.38340366351913E-16));
#4505=DIRECTION('',(-1.,-1.04083408558608E-15,-1.84889274661175E-32));
#4506=DIRECTION('center_axis',(1.84889274661175E-32,0.,-1.));
#4507=DIRECTION('ref_axis',(1.,8.74300631892322E-15,-2.21077672876544E-16));
#4508=DIRECTION('',(-6.73072708679001E-15,-1.,-1.24443924901893E-46));
#4509=DIRECTION('center_axis',(1.84889274661175E-32,0.,-1.));
#4510=DIRECTION('ref_axis',(-0.608018899469746,0.793922551567594,-1.341966435927E-16));
#4511=DIRECTION('',(1.,-4.28823643261467E-15,1.84889274661175E-32));
#4512=DIRECTION('center_axis',(1.84889274661175E-32,0.,-1.));
#4513=DIRECTION('ref_axis',(6.93889390390723E-17,1.,-1.17262693475374E-16));
#4514=DIRECTION('center_axis',(1.84889274661175E-32,0.,-1.));
#4515=DIRECTION('ref_axis',(-0.793922551567594,0.608018899469746,-7.12979338357554E-17));
#4516=DIRECTION('',(-1.,-6.36990460378684E-15,-1.84889274661175E-32));
#4517=DIRECTION('center_axis',(1.84889274661175E-32,0.,-1.));
#4518=DIRECTION('ref_axis',(-8.88178419700136E-15,-1.,1.17262693475374E-16));
#4519=DIRECTION('',(-1.346145417358E-15,-1.,-2.48887849803785E-47));
#4520=DIRECTION('center_axis',(1.84889274661175E-32,0.,-1.));
#4521=DIRECTION('ref_axis',(1.,-8.88178419700136E-15,1.06824844997303E-30));
#4522=DIRECTION('center_axis',(0.,0.,1.));
#4523=DIRECTION('ref_axis',(1.,-5.81656453278217E-33,0.));
#4524=DIRECTION('',(0.,0.,1.));
#4525=DIRECTION('center_axis',(1.23259516440783E-32,3.08148791101958E-33,
1.));
#4526=DIRECTION('ref_axis',(1.,-5.81656453278217E-33,-1.23259516440783E-32));
#4527=DIRECTION('center_axis',(-1.23259516440783E-32,-3.08148791101958E-33,
-1.));
#4528=DIRECTION('ref_axis',(1.,-5.81656453278217E-33,-1.23259516440783E-32));
#4529=DIRECTION('center_axis',(-1.,4.413136522885E-15,2.65380113866905E-17));
#4530=DIRECTION('ref_axis',(-4.413136522885E-15,-1.,4.06637057252274E-16));
#4531=DIRECTION('',(2.65380113866921E-17,3.38340366351915E-16,1.));
#4532=DIRECTION('',(-4.413136522885E-15,-1.,4.06637057252274E-16));
#4533=DIRECTION('',(2.65380113866921E-17,3.38340366351915E-16,1.));
#4534=DIRECTION('',(2.65380113866921E-17,3.38340366351915E-16,1.));
#4535=DIRECTION('',(2.65380113866921E-17,3.38340366351915E-16,1.));
#4536=DIRECTION('center_axis',(-2.65380113866921E-17,-3.38340366351915E-16,
-1.));
#4537=DIRECTION('ref_axis',(0.608018899469746,0.793922551567594,-2.84751659429879E-16));
#4538=DIRECTION('center_axis',(-7.12915703165648E-17,-4.06637057252274E-16,
-1.));
#4539=DIRECTION('ref_axis',(0.608018899469746,0.793922551567594,-3.66184952181011E-16));
#4540=DIRECTION('',(2.65380113866921E-17,3.38340366351915E-16,1.));
#4541=DIRECTION('center_axis',(1.,6.30051566474776E-15,-2.65380113866942E-17));
#4542=DIRECTION('ref_axis',(-6.30051566474776E-15,1.,-4.06637057252273E-16));
#4543=DIRECTION('',(-6.30051566474776E-15,1.,-4.06637057252273E-16));
#4544=DIRECTION('',(2.65380113866921E-17,3.38340366351915E-16,1.));
#4545=DIRECTION('center_axis',(-2.65380113866921E-17,-3.38340366351915E-16,
-1.));
#4546=DIRECTION('ref_axis',(-1.,9.17321774096546E-15,2.6538011386689E-17));
#4547=DIRECTION('center_axis',(-7.12915703165648E-17,-4.06637057252274E-16,
-1.));
#4548=DIRECTION('ref_axis',(-1.,9.17321774096546E-15,7.12915703165611E-17));
#4549=DIRECTION('',(2.65380113866921E-17,3.38340366351915E-16,1.));
#4550=DIRECTION('center_axis',(1.47104550762833E-15,1.,-3.38340366351915E-16));
#4551=DIRECTION('ref_axis',(-1.,1.47104550762833E-15,7.12915703165642E-17));
#4552=DIRECTION('',(-1.,1.47104550762833E-15,7.12915703165642E-17));
#4553=DIRECTION('',(2.65380113866921E-17,3.38340366351915E-16,1.));
#4554=DIRECTION('center_axis',(-2.65380113866921E-17,-3.38340366351915E-16,
-1.));
#4555=DIRECTION('ref_axis',(-9.17321774096546E-15,-1.,3.38340366351916E-16));
#4556=DIRECTION('center_axis',(-7.12915703165648E-17,-4.06637057252274E-16,
-1.));
#4557=DIRECTION('ref_axis',(-9.17321774096546E-15,-1.,4.06637057252275E-16));
#4558=DIRECTION('center_axis',(7.12915703165648E-17,4.06637057252274E-16,
1.));
#4559=DIRECTION('ref_axis',(-8.32667268468866E-17,-1.,4.06637057252274E-16));
#4560=DIRECTION('center_axis',(-7.12915703165648E-17,-4.06637057252274E-16,
-1.));
#4561=DIRECTION('ref_axis',(1.,-3.60822483003176E-16,-7.12915703165647E-17));
#4562=DIRECTION('center_axis',(-2.65380113866921E-17,-3.38340366351915E-16,
-1.));
#4563=DIRECTION('ref_axis',(1.,-3.60822483003176E-16,-2.6538011386692E-17));
#4564=DIRECTION('center_axis',(-3.85802501057242E-15,1.,-1.17262693475373E-16));
#4565=DIRECTION('ref_axis',(-1.,-3.85802501057242E-15,3.15912375163592E-16));
#4566=DIRECTION('',(2.47615684263233E-16,1.17262693475374E-16,1.));
#4567=DIRECTION('',(-1.,-3.85802501057242E-15,3.15912375163592E-16));
#4568=DIRECTION('',(2.47615684263233E-16,1.17262693475374E-16,1.));
#4569=DIRECTION('',(2.47615684263233E-16,1.17262693475374E-16,1.));
#4570=DIRECTION('',(2.47615684263233E-16,1.17262693475374E-16,1.));
#4571=DIRECTION('center_axis',(2.47615684263233E-16,1.17262693475374E-16,
1.));
#4572=DIRECTION('ref_axis',(0.793922551567594,0.608018899469746,-2.67885609694177E-16));
#4573=DIRECTION('',(2.47615684263233E-16,1.17262693475374E-16,1.));
#4574=DIRECTION('center_axis',(3.15912375163591E-16,1.62016252405247E-16,
1.));
#4575=DIRECTION('ref_axis',(0.793922551567594,0.608018899469746,-3.49318902445309E-16));
#4576=DIRECTION('center_axis',(-6.80011602582908E-15,-1.,1.17262693475376E-16));
#4577=DIRECTION('ref_axis',(1.,-6.80011602582908E-15,-3.1591237516359E-16));
#4578=DIRECTION('',(2.47615684263233E-16,1.17262693475374E-16,1.));
#4579=DIRECTION('',(1.,-6.80011602582908E-15,-3.1591237516359E-16));
#4580=DIRECTION('center_axis',(2.47615684263233E-16,1.17262693475374E-16,
1.));
#4581=DIRECTION('ref_axis',(8.45157277495911E-15,-1.,1.17262693475372E-16));
#4582=DIRECTION('',(2.47615684263233E-16,1.17262693475374E-16,1.));
#4583=DIRECTION('center_axis',(3.15912375163591E-16,1.62016252405247E-16,
1.));
#4584=DIRECTION('ref_axis',(8.45157277495911E-15,-1.,1.62016252405244E-16));
#4585=DIRECTION('center_axis',(-1.,-9.15933995315754E-16,2.47615684263233E-16));
#4586=DIRECTION('ref_axis',(9.15933995315754E-16,-1.,1.62016252405247E-16));
#4587=DIRECTION('',(2.47615684263233E-16,1.17262693475374E-16,1.));
#4588=DIRECTION('',(9.15933995315754E-16,-1.,1.62016252405247E-16));
#4589=DIRECTION('center_axis',(2.47615684263233E-16,1.17262693475374E-16,
1.));
#4590=DIRECTION('ref_axis',(-1.,-8.45157277495911E-15,2.47615684263234E-16));
#4591=DIRECTION('center_axis',(3.15912375163591E-16,1.62016252405247E-16,
1.));
#4592=DIRECTION('ref_axis',(-1.,-8.45157277495911E-15,3.15912375163593E-16));
#4593=DIRECTION('center_axis',(-3.15912375163591E-16,-1.62016252405247E-16,
-1.));
#4594=DIRECTION('ref_axis',(-1.,5.82867087928207E-16,3.15912375163591E-16));
#4595=DIRECTION('center_axis',(3.15912375163591E-16,1.62016252405247E-16,
1.));
#4596=DIRECTION('ref_axis',(3.60822483003176E-16,1.,-1.62016252405247E-16));
#4597=DIRECTION('center_axis',(2.47615684263233E-16,1.17262693475374E-16,
1.));
#4598=DIRECTION('ref_axis',(3.60822483003176E-16,1.,-1.17262693475374E-16));
#4599=DIRECTION('center_axis',(-1.,-3.98292510084275E-15,2.21077672876542E-16));
#4600=DIRECTION('ref_axis',(3.98292510084275E-15,-1.,4.06637057252273E-16));
#4601=DIRECTION('',(2.21077672876541E-16,3.38340366351915E-16,1.));
#4602=DIRECTION('',(3.98292510084275E-15,-1.,4.06637057252273E-16));
#4603=DIRECTION('',(2.21077672876541E-16,3.38340366351915E-16,1.));
#4604=DIRECTION('',(2.21077672876541E-16,3.38340366351915E-16,1.));
#4605=DIRECTION('',(2.21077672876541E-16,3.38340366351915E-16,1.));
#4606=DIRECTION('center_axis',(2.21077672876541E-16,3.38340366351915E-16,
1.));
#4607=DIRECTION('ref_axis',(-0.608018899469746,0.793922551567594,-1.341966435927E-16));
#4608=DIRECTION('',(2.21077672876541E-16,3.38340366351915E-16,1.));
#4609=DIRECTION('center_axis',(1.76324113946668E-16,4.06637057252274E-16,
1.));
#4610=DIRECTION('ref_axis',(-0.608018899469746,0.793922551567594,-2.15629936343832E-16));
#4611=DIRECTION('center_axis',(1.,-6.73072708679001E-15,-2.21077672876539E-16));
#4612=DIRECTION('ref_axis',(6.73072708679001E-15,1.,-4.06637057252275E-16));
#4613=DIRECTION('',(2.21077672876541E-16,3.38340366351915E-16,1.));
#4614=DIRECTION('',(6.73072708679001E-15,1.,-4.06637057252275E-16));
#4615=DIRECTION('center_axis',(2.21077672876541E-16,3.38340366351915E-16,
1.));
#4616=DIRECTION('ref_axis',(1.,8.74300631892322E-15,-2.21077672876544E-16));
#4617=DIRECTION('',(2.21077672876541E-16,3.38340366351915E-16,1.));
#4618=DIRECTION('center_axis',(1.76324113946668E-16,4.06637057252274E-16,
1.));
#4619=DIRECTION('ref_axis',(1.,8.74300631892322E-15,-1.76324113946672E-16));
#4620=DIRECTION('center_axis',(1.04083408558608E-15,-1.,3.38340366351915E-16));
#4621=DIRECTION('ref_axis',(1.,1.04083408558608E-15,-1.76324113946669E-16));
#4622=DIRECTION('',(2.21077672876541E-16,3.38340366351915E-16,1.));
#4623=DIRECTION('',(1.,1.04083408558608E-15,-1.76324113946669E-16));
#4624=DIRECTION('center_axis',(2.21077672876541E-16,3.38340366351915E-16,
1.));
#4625=DIRECTION('ref_axis',(8.74300631892322E-15,-1.,3.38340366351913E-16));
#4626=DIRECTION('center_axis',(1.76324113946668E-16,4.06637057252274E-16,
1.));
#4627=DIRECTION('ref_axis',(8.74300631892322E-15,-1.,4.06637057252272E-16));
#4628=DIRECTION('center_axis',(-1.76324113946668E-16,-4.06637057252274E-16,
-1.));
#4629=DIRECTION('ref_axis',(-3.46944695195361E-16,-1.,4.06637057252274E-16));
#4630=DIRECTION('center_axis',(1.76324113946668E-16,4.06637057252274E-16,
1.));
#4631=DIRECTION('ref_axis',(-1.,6.93889390390723E-17,1.76324113946668E-16));
#4632=DIRECTION('center_axis',(2.21077672876541E-16,3.38340366351915E-16,
1.));
#4633=DIRECTION('ref_axis',(-1.,6.93889390390723E-17,2.21077672876541E-16));
#4634=DIRECTION('center_axis',(-4.28823643261467E-15,-1.,1.17262693475374E-16));
#4635=DIRECTION('ref_axis',(1.,-4.28823643261467E-15,6.82966909003593E-17));
#4636=DIRECTION('',(-1.44205605215574E-32,1.17262693475374E-16,1.));
#4637=DIRECTION('',(1.,-4.28823643261467E-15,6.82966909003593E-17));
#4638=DIRECTION('',(-1.44205605215574E-32,1.17262693475374E-16,1.));
#4639=DIRECTION('',(-1.44205605215574E-32,1.17262693475374E-16,1.));
#4640=DIRECTION('',(-1.44205605215574E-32,1.17262693475374E-16,1.));
#4641=DIRECTION('center_axis',(1.44205605215574E-32,-1.17262693475374E-16,
-1.));
#4642=DIRECTION('ref_axis',(-0.793922551567594,0.608018899469746,-7.12979338357554E-17));
#4643=DIRECTION('center_axis',(6.82966909003587E-17,-1.62016252405247E-16,
-1.));
#4644=DIRECTION('ref_axis',(-0.793922551567594,0.608018899469746,-1.52731226586887E-16));
#4645=DIRECTION('',(-1.44205605215574E-32,1.17262693475374E-16,1.));
#4646=DIRECTION('center_axis',(-6.36990460378684E-15,1.,-1.17262693475374E-16));
#4647=DIRECTION('ref_axis',(-1.,-6.36990460378684E-15,-6.82966909003576E-17));
#4648=DIRECTION('',(-1.,-6.36990460378684E-15,-6.82966909003576E-17));
#4649=DIRECTION('',(-1.44205605215574E-32,1.17262693475374E-16,1.));
#4650=DIRECTION('center_axis',(1.44205605215574E-32,-1.17262693475374E-16,
-1.));
#4651=DIRECTION('ref_axis',(-8.88178419700136E-15,-1.,1.17262693475374E-16));
#4652=DIRECTION('center_axis',(6.82966909003587E-17,-1.62016252405247E-16,
-1.));
#4653=DIRECTION('ref_axis',(-8.88178419700136E-15,-1.,1.62016252405247E-16));
#4654=DIRECTION('',(-1.44205605215574E-32,1.17262693475374E-16,1.));
#4655=DIRECTION('center_axis',(-1.,1.346145417358E-15,-1.78436173792528E-31));
#4656=DIRECTION('ref_axis',(-1.346145417358E-15,-1.,1.62016252405247E-16));
#4657=DIRECTION('',(-1.346145417358E-15,-1.,1.62016252405247E-16));
#4658=DIRECTION('',(-1.44205605215574E-32,1.17262693475374E-16,1.));
#4659=DIRECTION('center_axis',(1.44205605215574E-32,-1.17262693475374E-16,
-1.));
#4660=DIRECTION('ref_axis',(1.,-8.88178419700136E-15,1.06824844997303E-30));
#4661=DIRECTION('center_axis',(6.82966909003587E-17,-1.62016252405247E-16,
-1.));
#4662=DIRECTION('ref_axis',(1.,-8.88178419700136E-15,6.82966909003601E-17));
#4663=DIRECTION('center_axis',(-6.82966909003587E-17,1.62016252405247E-16,
1.));
#4664=DIRECTION('ref_axis',(1.,1.52655665885959E-16,6.82966909003586E-17));
#4665=DIRECTION('center_axis',(6.82966909003587E-17,-1.62016252405247E-16,
-1.));
#4666=DIRECTION('ref_axis',(6.93889390390723E-17,1.,-1.62016252405247E-16));
#4667=DIRECTION('center_axis',(1.44205605215574E-32,-1.17262693475374E-16,
-1.));
#4668=DIRECTION('ref_axis',(6.93889390390723E-17,1.,-1.17262693475374E-16));
#4669=DIRECTION('center_axis',(1.,4.34374758384592E-15,-2.65380113866911E-17));
#4670=DIRECTION('ref_axis',(-4.34374758384592E-15,1.,2.893743637769E-16));
#4671=DIRECTION('',(2.6538011386692E-17,-2.21077672876541E-16,1.));
#4672=DIRECTION('',(-4.34374758384592E-15,1.,2.893743637769E-16));
#4673=DIRECTION('',(2.6538011386692E-17,-2.21077672876541E-16,1.));
#4674=DIRECTION('',(2.6538011386692E-17,-2.21077672876541E-16,1.));
#4675=DIRECTION('',(2.6538011386692E-17,-2.21077672876541E-16,1.));
#4676=DIRECTION('center_axis',(2.6538011386692E-17,-2.21077672876541E-16,
1.));
#4677=DIRECTION('ref_axis',(0.608018899469746,-0.793922551567594,-1.91654162622221E-16));
#4678=DIRECTION('',(2.6538011386692E-17,-2.21077672876541E-16,1.));
#4679=DIRECTION('center_axis',(7.12915703165648E-17,-2.89374363776899E-16,
1.));
#4680=DIRECTION('ref_axis',(0.608018899469746,-0.793922551567594,-2.73087455373353E-16));
#4681=DIRECTION('center_axis',(-1.,6.36990460378684E-15,2.65380113866934E-17));
#4682=DIRECTION('ref_axis',(-6.36990460378684E-15,-1.,-2.89374363776899E-16));
#4683=DIRECTION('',(2.6538011386692E-17,-2.21077672876541E-16,1.));
#4684=DIRECTION('',(-6.36990460378684E-15,-1.,-2.89374363776899E-16));
#4685=DIRECTION('center_axis',(2.6538011386692E-17,-2.21077672876541E-16,
1.));
#4686=DIRECTION('ref_axis',(-1.,-9.10382880192639E-15,2.65380113866901E-17));
#4687=DIRECTION('',(2.6538011386692E-17,-2.21077672876541E-16,1.));
#4688=DIRECTION('center_axis',(7.12915703165648E-17,-2.89374363776899E-16,
1.));
#4689=DIRECTION('ref_axis',(-1.,-9.10382880192639E-15,7.12915703165622E-17));
#4690=DIRECTION('center_axis',(-1.40165656858926E-15,1.,2.21077672876541E-16));
#4691=DIRECTION('ref_axis',(-1.,-1.40165656858926E-15,7.12915703165644E-17));
#4692=DIRECTION('',(2.6538011386692E-17,-2.21077672876541E-16,1.));
#4693=DIRECTION('',(-1.,-1.40165656858926E-15,7.12915703165644E-17));
#4694=DIRECTION('center_axis',(2.6538011386692E-17,-2.21077672876541E-16,
1.));
#4695=DIRECTION('ref_axis',(-9.10382880192639E-15,1.,2.21077672876541E-16));
#4696=DIRECTION('center_axis',(7.12915703165648E-17,-2.89374363776899E-16,
1.));
#4697=DIRECTION('ref_axis',(-9.10382880192639E-15,1.,2.893743637769E-16));
#4698=DIRECTION('center_axis',(-7.12915703165648E-17,2.89374363776899E-16,
-1.));
#4699=DIRECTION('ref_axis',(-1.38777878078143E-17,1.,2.89374363776899E-16));
#4700=DIRECTION('center_axis',(7.12915703165648E-17,-2.89374363776899E-16,
1.));
#4701=DIRECTION('ref_axis',(1.,2.91433543964103E-16,-7.12915703165648E-17));
#4702=DIRECTION('center_axis',(2.6538011386692E-17,-2.21077672876541E-16,
1.));
#4703=DIRECTION('ref_axis',(1.,2.91433543964103E-16,-2.6538011386692E-17));
#4704=DIRECTION('center_axis',(3.92741394961149E-15,1.,-1.02089700236506E-30));
#4705=DIRECTION('ref_axis',(-1.,3.92741394961149E-15,3.15912375163592E-16));
#4706=DIRECTION('',(2.47615684263233E-16,3.60817582029652E-32,1.));
#4707=DIRECTION('',(-1.,3.92741394961149E-15,3.15912375163592E-16));
#4708=DIRECTION('',(2.47615684263233E-16,3.60817582029652E-32,1.));
#4709=DIRECTION('',(2.47615684263233E-16,3.60817582029652E-32,1.));
#4710=DIRECTION('',(2.47615684263233E-16,3.60817582029652E-32,1.));
#4711=DIRECTION('center_axis',(-2.47615684263233E-16,-3.60817582029652E-32,
-1.));
#4712=DIRECTION('ref_axis',(0.793922551567594,-0.608018899469746,-1.96587675858422E-16));
#4713=DIRECTION('center_axis',(-3.15912375163591E-16,4.47535589298727E-17,
-1.));
#4714=DIRECTION('ref_axis',(0.793922551567594,-0.608018899469746,-2.78020968609553E-16));
#4715=DIRECTION('',(2.47615684263233E-16,3.60817582029652E-32,1.));
#4716=DIRECTION('center_axis',(6.73072708679001E-15,-1.,-1.63055183498162E-30));
#4717=DIRECTION('ref_axis',(1.,6.73072708679001E-15,-3.15912375163591E-16));
#4718=DIRECTION('',(1.,6.73072708679001E-15,-3.15912375163591E-16));
#4719=DIRECTION('',(2.47615684263233E-16,3.60817582029652E-32,1.));
#4720=DIRECTION('center_axis',(-2.47615684263233E-16,-3.60817582029652E-32,
-1.));
#4721=DIRECTION('ref_axis',(8.52096171399819E-15,1.,-2.14600552359544E-30));
#4722=DIRECTION('center_axis',(-3.15912375163591E-16,4.47535589298727E-17,
-1.));
#4723=DIRECTION('ref_axis',(8.52096171399819E-15,1.,4.475355892987E-17));
#4724=DIRECTION('',(2.47615684263233E-16,3.60817582029652E-32,1.));
#4725=DIRECTION('center_axis',(1.,-9.85322934354826E-16,-2.47615684263233E-16));
#4726=DIRECTION('ref_axis',(9.85322934354826E-16,1.,4.47535589298724E-17));
#4727=DIRECTION('',(9.85322934354826E-16,1.,4.47535589298724E-17));
#4728=DIRECTION('',(2.47615684263233E-16,3.60817582029652E-32,1.));
#4729=DIRECTION('center_axis',(-2.47615684263233E-16,-3.60817582029652E-32,
-1.));
#4730=DIRECTION('ref_axis',(-1.,8.52096171399819E-15,2.47615684263233E-16));
#4731=DIRECTION('center_axis',(-3.15912375163591E-16,4.47535589298727E-17,
-1.));
#4732=DIRECTION('ref_axis',(-1.,8.52096171399819E-15,3.15912375163592E-16));
#4733=DIRECTION('center_axis',(3.15912375163591E-16,-4.47535589298727E-17,
1.));
#4734=DIRECTION('ref_axis',(-1.,-5.13478148889135E-16,3.15912375163591E-16));
#4735=DIRECTION('center_axis',(-3.15912375163591E-16,4.47535589298727E-17,
-1.));
#4736=DIRECTION('ref_axis',(2.91433543964103E-16,-1.,-4.47535589298728E-17));
#4737=DIRECTION('center_axis',(-2.47615684263233E-16,-3.60817582029652E-32,
-1.));
#4738=DIRECTION('ref_axis',(2.91433543964103E-16,-1.,-2.06743186478673E-32));
#4739=DIRECTION('center_axis',(1.84889274661175E-32,0.,-1.));
#4740=DIRECTION('ref_axis',(-0.541736338885963,-0.84054847518179,-8.36029497587966E-17));
#4741=DIRECTION('',(-1.84889274661175E-32,0.,1.));
#4742=DIRECTION('',(1.84889274661175E-32,0.,-1.));
#4743=DIRECTION('center_axis',(-1.84889274661175E-32,0.,1.));
#4744=DIRECTION('ref_axis',(1.,-8.19857002800116E-16,1.89630025293513E-32));
#4745=DIRECTION('',(-1.84889274661175E-32,0.,1.));
#4746=DIRECTION('center_axis',(1.84889274661175E-32,0.,-1.));
#4747=DIRECTION('ref_axis',(0.707106781186547,-0.707106781186548,-3.25176795283269E-17));
#4748=DIRECTION('',(-1.84889274661175E-32,0.,1.));
#4749=DIRECTION('',(1.84889274661175E-32,0.,-1.));
#4750=DIRECTION('center_axis',(2.55278817006609E-33,1.,0.));
#4751=DIRECTION('ref_axis',(-1.84889274661175E-32,0.,1.));
#4752=DIRECTION('center_axis',(1.,2.55278817006609E-33,1.84889274661175E-32));
#4753=DIRECTION('ref_axis',(2.55278817006609E-33,1.,0.));
#4754=DIRECTION('',(-1.84889274661175E-32,0.,1.));
#4755=DIRECTION('',(-1.84889274661175E-32,0.,1.));
#4756=DIRECTION('',(1.84889274661175E-32,0.,-1.));
#4757=DIRECTION('center_axis',(4.21884749357559E-15,-1.,1.23259516440783E-32));
#4758=DIRECTION('ref_axis',(1.,4.21884749357559E-15,6.82966909003588E-17));
#4759=DIRECTION('',(-1.84889274661175E-32,0.,1.));
#4760=DIRECTION('',(1.,4.21884749357559E-15,6.82966909003588E-17));
#4761=DIRECTION('',(-1.84889274661175E-32,0.,1.));
#4762=DIRECTION('center_axis',(1.84889274661175E-32,0.,-1.));
#4763=DIRECTION('ref_axis',(-1.,-2.55278817006609E-33,-1.84889274661175E-32));
#4764=DIRECTION('',(0.707106781186548,0.707106781186547,-4.9065389333868E-17));
#4765=DIRECTION('',(2.22044604925031E-16,1.,-1.38777878078145E-17));
#4766=DIRECTION('',(-0.707106781186547,0.707106781186548,2.94392336003208E-17));
#4767=DIRECTION('',(-1.,2.22044604925031E-16,5.55111512312578E-17));
#4768=DIRECTION('',(-0.707106781186548,-0.707106781186547,4.9065389333868E-17));
#4769=DIRECTION('',(-2.22044604925031E-16,-1.,1.38777878078145E-17));
#4770=DIRECTION('',(0.707106781186547,-0.707106781186548,-2.94392336003208E-17));
#4771=DIRECTION('',(1.,-2.22044604925031E-16,-5.55111512312578E-17));
#4772=DIRECTION('center_axis',(-1.84889274661175E-32,0.,1.));
#4773=DIRECTION('ref_axis',(-1.,1.93082265152201E-16,-1.11022302462516E-16));
#4774=DIRECTION('center_axis',(-1.84889274661175E-32,0.,1.));
#4775=DIRECTION('ref_axis',(-1.,-2.55278817006609E-33,-2.88889491658085E-32));
#4776=DIRECTION('center_axis',(-1.84889274661175E-32,0.,1.));
#4777=DIRECTION('ref_axis',(1.,2.55278817006609E-33,2.88889491658085E-32));
#4778=DIRECTION('center_axis',(-1.84889274661175E-32,0.,1.));
#4779=DIRECTION('ref_axis',(-1.,-2.55278817006609E-33,-2.88889491658085E-32));
#4780=DIRECTION('center_axis',(-1.84889274661175E-32,0.,1.));
#4781=DIRECTION('ref_axis',(1.,2.55278817006609E-33,2.88889491658085E-32));
#4782=DIRECTION('center_axis',(-1.84889274661175E-32,0.,1.));
#4783=DIRECTION('ref_axis',(-1.,1.720845688169E-15,-3.08148791101958E-32));
#4784=DIRECTION('',(-1.84889274661175E-32,0.,1.));
#4785=DIRECTION('',(-1.84889274661175E-32,0.,1.));
#4786=DIRECTION('center_axis',(0.707106781186547,0.707106781186548,0.));
#4787=DIRECTION('ref_axis',(0.707106781186548,-0.707106781186547,3.08148791101958E-32));
#4788=DIRECTION('',(1.84889274661175E-32,0.,-1.));
#4789=DIRECTION('',(1.84889274661175E-32,0.,-1.));
#4790=DIRECTION('center_axis',(2.55278817006609E-33,1.,0.));
#4791=DIRECTION('ref_axis',(1.,2.55278817006609E-33,1.84889274661175E-32));
#4792=DIRECTION('',(1.84889274661175E-32,0.,-1.));
#4793=DIRECTION('center_axis',(-0.707106781186548,0.707106781186547,-3.08148791101958E-32));
#4794=DIRECTION('ref_axis',(0.707106781186547,0.707106781186548,0.));
#4795=DIRECTION('',(1.84889274661175E-32,0.,-1.));
#4796=DIRECTION('center_axis',(-1.,-2.55278817006609E-33,-1.84889274661175E-32));
#4797=DIRECTION('ref_axis',(2.55278817006609E-33,1.,0.));
#4798=DIRECTION('',(1.84889274661175E-32,0.,-1.));
#4799=DIRECTION('center_axis',(-0.707106781186547,-0.707106781186548,0.));
#4800=DIRECTION('ref_axis',(-0.707106781186548,0.707106781186547,-3.08148791101958E-32));
#4801=DIRECTION('',(1.84889274661175E-32,0.,-1.));
#4802=DIRECTION('center_axis',(-2.55278817006609E-33,-1.,0.));
#4803=DIRECTION('ref_axis',(-1.,-2.55278817006609E-33,-1.84889274661175E-32));
#4804=DIRECTION('',(1.84889274661175E-32,0.,-1.));
#4805=DIRECTION('center_axis',(0.707106781186548,-0.707106781186547,3.08148791101958E-32));
#4806=DIRECTION('ref_axis',(-0.707106781186547,-0.707106781186548,0.));
#4807=DIRECTION('',(1.84889274661175E-32,0.,-1.));
#4808=DIRECTION('center_axis',(1.,2.55278817006609E-33,1.84889274661175E-32));
#4809=DIRECTION('ref_axis',(-2.55278817006609E-33,-1.,0.));
#4810=DIRECTION('center_axis',(-1.84889274661175E-32,0.,1.));
#4811=DIRECTION('ref_axis',(0.840548475181791,-0.541736338885962,2.31111593326468E-32));
#4812=DIRECTION('',(-1.84889274661175E-32,0.,1.));
#4813=DIRECTION('',(1.84889274661175E-32,0.,-1.));
#4814=DIRECTION('center_axis',(-1.84889274661175E-32,0.,1.));
#4815=DIRECTION('ref_axis',(3.41607084500048E-16,1.,-1.5170402023481E-32));
#4816=DIRECTION('',(-1.84889274661175E-32,0.,1.));
#4817=DIRECTION('center_axis',(1.84889274661175E-32,0.,-1.));
#4818=DIRECTION('ref_axis',(0.541736338885962,-0.840548475181791,2.31111593326468E-32));
#4819=DIRECTION('',(1.84889274661175E-32,0.,-1.));
#4820=DIRECTION('center_axis',(2.55278817006609E-33,1.,0.));
#4821=DIRECTION('ref_axis',(-1.84889274661175E-32,0.,1.));
#4822=DIRECTION('',(-1.84889274661175E-32,0.,1.));
#4823=DIRECTION('center_axis',(-1.84889274661175E-32,0.,1.));
#4824=DIRECTION('ref_axis',(-0.707106781186546,-0.707106781186549,0.));
#4825=DIRECTION('',(1.84889274661175E-32,0.,-1.));
#4826=DIRECTION('center_axis',(-1.,-2.55278817006609E-33,-1.84889274661175E-32));
#4827=DIRECTION('ref_axis',(-2.55278817006609E-33,-1.,0.));
#4828=DIRECTION('',(-1.84889274661175E-32,0.,1.));
#4829=DIRECTION('',(-1.84889274661175E-32,0.,1.));
#4830=DIRECTION('center_axis',(1.84889274661175E-32,0.,-1.));
#4831=DIRECTION('ref_axis',(-0.707106781186546,0.707106781186549,-2.31111593326468E-32));
#4832=DIRECTION('',(1.84889274661175E-32,0.,-1.));
#4833=DIRECTION('center_axis',(-2.55278817006609E-33,-1.,0.));
#4834=DIRECTION('ref_axis',(1.84889274661175E-32,0.,-1.));
#4835=DIRECTION('',(-1.84889274661175E-32,0.,1.));
#4836=DIRECTION('center_axis',(-1.84889274661175E-32,0.,1.));
#4837=DIRECTION('ref_axis',(0.541736338885962,0.840548475181791,0.));
#4838=DIRECTION('',(1.84889274661175E-32,0.,-1.));
#4839=DIRECTION('center_axis',(-1.84889274661175E-32,0.,1.));
#4840=DIRECTION('ref_axis',(-1.,-4.09928501400058E-16,-2.65482035410917E-32));
#4841=DIRECTION('',(-1.84889274661175E-32,0.,1.));
#4842=DIRECTION('center_axis',(1.84889274661175E-32,0.,-1.));
#4843=DIRECTION('ref_axis',(0.840548475181791,0.541736338885962,1.54074395550979E-32));
#4844=DIRECTION('',(1.84889274661175E-32,0.,-1.));
#4845=DIRECTION('center_axis',(-1.,-2.55278817006609E-33,-1.84889274661175E-32));
#4846=DIRECTION('ref_axis',(-1.84889274661175E-32,0.,1.));
#4847=DIRECTION('',(-1.84889274661175E-32,0.,1.));
#4848=DIRECTION('center_axis',(-1.84889274661175E-32,0.,1.));
#4849=DIRECTION('ref_axis',(0.707106781186549,-0.707106781186546,2.31111593326468E-32));
#4850=DIRECTION('',(1.84889274661175E-32,0.,-1.));
#4851=DIRECTION('center_axis',(-2.55278817006609E-33,-1.,0.));
#4852=DIRECTION('ref_axis',(1.,2.55278817006609E-33,1.84889274661175E-32));
#4853=DIRECTION('',(-1.84889274661175E-32,0.,1.));
#4854=DIRECTION('',(-1.84889274661175E-32,0.,1.));
#4855=DIRECTION('center_axis',(1.84889274661175E-32,0.,-1.));
#4856=DIRECTION('ref_axis',(-0.707106781186549,-0.707106781186546,0.));
#4857=DIRECTION('',(1.84889274661175E-32,0.,-1.));
#4858=DIRECTION('center_axis',(1.,2.55278817006609E-33,1.84889274661175E-32));
#4859=DIRECTION('ref_axis',(1.84889274661175E-32,0.,-1.));
#4860=DIRECTION('',(-1.84889274661175E-32,0.,1.));
#4861=DIRECTION('center_axis',(-1.84889274661175E-32,0.,1.));
#4862=DIRECTION('ref_axis',(-0.840548475181791,0.541736338885962,-2.31111593326468E-32));
#4863=DIRECTION('',(1.84889274661175E-32,0.,-1.));
#4864=DIRECTION('center_axis',(-1.84889274661175E-32,0.,1.));
#4865=DIRECTION('ref_axis',(4.09928501400058E-16,-1.,0.));
#4866=DIRECTION('',(-1.84889274661175E-32,0.,1.));
#4867=DIRECTION('center_axis',(1.84889274661175E-32,0.,-1.));
#4868=DIRECTION('ref_axis',(-0.541736338885962,0.840548475181791,-2.31111593326468E-32));
#4869=DIRECTION('',(1.84889274661175E-32,0.,-1.));
#4870=DIRECTION('center_axis',(-2.55278817006609E-33,-1.,0.));
#4871=DIRECTION('ref_axis',(1.84889274661175E-32,0.,-1.));
#4872=DIRECTION('',(-1.84889274661175E-32,0.,1.));
#4873=DIRECTION('center_axis',(-1.,-2.55278817006609E-33,-1.84889274661175E-32));
#4874=DIRECTION('ref_axis',(-1.84889274661175E-32,0.,1.));
#4875=DIRECTION('',(1.84889274661175E-32,0.,-1.));
#4876=DIRECTION('center_axis',(1.84889274661175E-32,0.,-1.));
#4877=DIRECTION('ref_axis',(-1.,-2.55278817006609E-33,-2.88889491658085E-32));
#4878=DIRECTION('',(1.84889274661175E-32,0.,-1.));
#4879=DIRECTION('center_axis',(-1.84889274661175E-32,0.,1.));
#4880=DIRECTION('ref_axis',(1.,2.55278817006609E-33,2.88889491658085E-32));
#4881=DIRECTION('',(1.84889274661175E-32,0.,-1.));
#4882=DIRECTION('center_axis',(-1.84889274661175E-32,0.,1.));
#4883=DIRECTION('ref_axis',(-1.,-2.55278817006609E-33,-2.88889491658085E-32));
#4884=DIRECTION('',(1.84889274661175E-32,0.,-1.));
#4885=DIRECTION('center_axis',(1.84889274661175E-32,0.,-1.));
#4886=DIRECTION('ref_axis',(1.,2.55278817006609E-33,2.88889491658085E-32));
#4887=DIRECTION('',(1.84889274661175E-32,0.,-1.));
#4888=DIRECTION('center_axis',(-1.84889274661175E-32,0.,1.));
#4889=DIRECTION('ref_axis',(-1.27675647831893E-15,1.,0.));
#4890=DIRECTION('',(-1.84889274661175E-32,0.,1.));
#4891=DIRECTION('center_axis',(1.,2.55278817006609E-33,1.84889274661175E-32));
#4892=DIRECTION('ref_axis',(2.55278817006609E-33,1.,0.));
#4893=DIRECTION('center_axis',(1.84889274661175E-32,0.,-1.));
#4894=DIRECTION('ref_axis',(-1.27675647831893E-15,-1.,1.23259516440783E-32));
#4895=DIRECTION('center_axis',(1.11022302462516E-16,4.47535589298727E-17,
-1.));
#4896=DIRECTION('ref_axis',(-1.,1.93082265152201E-16,-1.11022302462516E-16));
#4897=DIRECTION('',(1.11022302462516E-16,4.47535589298727E-17,-1.));
#4898=DIRECTION('center_axis',(-1.84889274661175E-32,0.,1.));
#4899=DIRECTION('ref_axis',(0.707106781186546,0.707106781186549,0.));
#4900=DIRECTION('center_axis',(-1.84889274661175E-32,0.,1.));
#4901=DIRECTION('ref_axis',(-1.720845688169E-15,-1.,1.23259516440783E-32));
#4902=DIRECTION('center_axis',(-1.84889274661175E-32,0.,1.));
#4903=DIRECTION('ref_axis',(1.720845688169E-15,1.,-1.23259516440783E-32));
#4904=DIRECTION('',(-1.84889274661175E-32,0.,1.));
#4905=DIRECTION('center_axis',(1.84889274661175E-32,0.,-1.));
#4906=DIRECTION('ref_axis',(0.707106781186549,0.707106781186546,0.));
#4907=DIRECTION('',(-1.84889274661175E-32,0.,1.));
#4908=DIRECTION('center_axis',(-1.84889274661175E-32,0.,1.));
#4909=DIRECTION('ref_axis',(1.,-1.720845688169E-15,3.08148791101958E-32));
#4910=DIRECTION('',(-1.84889274661175E-32,0.,1.));
#4911=DIRECTION('center_axis',(2.55278817006609E-33,1.,0.));
#4912=DIRECTION('ref_axis',(-1.,-2.55278817006609E-33,-1.84889274661175E-32));
#4913=DIRECTION('',(1.84889274661175E-32,0.,-1.));
#4914=DIRECTION('center_axis',(-1.84889274661175E-32,0.,1.));
#4915=DIRECTION('ref_axis',(-0.707106781186549,0.707106781186546,-2.31111593326468E-32));
#4916=DIRECTION('',(-1.84889274661175E-32,0.,1.));
#4917=DIRECTION('center_axis',(1.,2.55278817006609E-33,1.84889274661175E-32));
#4918=DIRECTION('ref_axis',(1.84889274661175E-32,0.,-1.));
#4919=DIRECTION('',(1.84889274661175E-32,0.,-1.));
#4920=DIRECTION('center_axis',(1.84889274661175E-32,0.,-1.));
#4921=DIRECTION('ref_axis',(-0.840548475181791,-0.541736338885962,-1.54074395550979E-32));
#4922=DIRECTION('',(-1.84889274661175E-32,0.,1.));
#4923=DIRECTION('',(-1.84889274661175E-32,0.,1.));
#4924=DIRECTION('center_axis',(-1.84889274661175E-32,0.,1.));
#4925=DIRECTION('ref_axis',(-0.793922551567594,-0.608018899469746,-3.08148791101959E-32));
#4926=DIRECTION('',(-1.84889274661175E-32,0.,1.));
#4927=DIRECTION('center_axis',(-6.82966909003587E-17,-4.47535589298727E-17,
1.));
#4928=DIRECTION('ref_axis',(-0.793922551567594,-0.608018899469746,-8.14332927511317E-17));
#4929=DIRECTION('center_axis',(6.43929354282591E-15,1.,0.));
#4930=DIRECTION('ref_axis',(-1.,6.43929354282591E-15,-6.82966909003584E-17));
#4931=DIRECTION('',(-1.84889274661175E-32,0.,1.));
#4932=DIRECTION('',(-1.,6.43929354282591E-15,-6.82966909003584E-17));
#4933=DIRECTION('center_axis',(-1.84889274661175E-32,0.,1.));
#4934=DIRECTION('ref_axis',(-8.81239525796229E-15,1.,0.));
#4935=DIRECTION('',(-1.84889274661175E-32,0.,1.));
#4936=DIRECTION('center_axis',(-6.82966909003587E-17,-4.47535589298727E-17,
1.));
#4937=DIRECTION('ref_axis',(-8.81239525796229E-15,1.,4.47535589298721E-17));
#4938=DIRECTION('center_axis',(1.,1.27675647831893E-15,2.46519032881566E-32));
#4939=DIRECTION('ref_axis',(-1.27675647831893E-15,1.,4.47535589298726E-17));
#4940=DIRECTION('',(-1.84889274661175E-32,0.,1.));
#4941=DIRECTION('',(-1.27675647831893E-15,1.,4.47535589298726E-17));
#4942=DIRECTION('center_axis',(-1.84889274661175E-32,0.,1.));
#4943=DIRECTION('ref_axis',(1.,8.81239525796229E-15,3.08148791101962E-32));
#4944=DIRECTION('center_axis',(-6.82966909003587E-17,-4.47535589298727E-17,
1.));
#4945=DIRECTION('ref_axis',(1.,8.81239525796229E-15,6.82966909003591E-17));
#4946=DIRECTION('center_axis',(6.82966909003587E-17,4.47535589298727E-17,
-1.));
#4947=DIRECTION('ref_axis',(1.,-2.22044604925031E-16,6.82966909003587E-17));
#4948=DIRECTION('center_axis',(-6.82966909003587E-17,-4.47535589298727E-17,
1.));
#4949=DIRECTION('ref_axis',(-1.0975062830324E-33,-1.,-4.47535589298727E-17));
#4950=DIRECTION('center_axis',(-1.84889274661175E-32,0.,1.));
#4951=DIRECTION('ref_axis',(-2.55278817006609E-33,-1.,1.54074395550979E-32));
#4952=DIRECTION('center_axis',(1.,-4.05231403988182E-15,-2.21077672876542E-16));
#4953=DIRECTION('ref_axis',(4.05231403988182E-15,1.,2.89374363776899E-16));
#4954=DIRECTION('',(2.21077672876541E-16,-2.21077672876541E-16,1.));
#4955=DIRECTION('',(4.05231403988182E-15,1.,2.89374363776899E-16));
#4956=DIRECTION('',(2.21077672876541E-16,-2.21077672876541E-16,1.));
#4957=DIRECTION('',(2.21077672876541E-16,-2.21077672876541E-16,1.));
#4958=DIRECTION('',(2.21077672876541E-16,-2.21077672876541E-16,1.));
#4959=DIRECTION('center_axis',(-2.21077672876541E-16,2.21077672876541E-16,
-1.));
#4960=DIRECTION('ref_axis',(-0.608018899469746,-0.793922551567594,-4.10991467850423E-17));
#4961=DIRECTION('center_axis',(-1.76324113946668E-16,2.89374363776899E-16,
-1.));
#4962=DIRECTION('ref_axis',(-0.608018899469746,-0.793922551567594,-1.22532439536174E-16));
#4963=DIRECTION('',(2.21077672876541E-16,-2.21077672876541E-16,1.));
#4964=DIRECTION('center_axis',(-1.,-6.66133814775094E-15,2.21077672876539E-16));
#4965=DIRECTION('ref_axis',(6.66133814775094E-15,-1.,-2.89374363776901E-16));
#4966=DIRECTION('',(6.66133814775094E-15,-1.,-2.89374363776901E-16));
#4967=DIRECTION('',(2.21077672876541E-16,-2.21077672876541E-16,1.));
#4968=DIRECTION('center_axis',(-2.21077672876541E-16,2.21077672876541E-16,
-1.));
#4969=DIRECTION('ref_axis',(1.,-8.81239525796229E-15,-2.21077672876543E-16));
#4970=DIRECTION('center_axis',(-1.76324113946668E-16,2.89374363776899E-16,
-1.));
#4971=DIRECTION('ref_axis',(1.,-8.81239525796229E-15,-1.76324113946671E-16));
#4972=DIRECTION('',(2.21077672876541E-16,-2.21077672876541E-16,1.));
#4973=DIRECTION('center_axis',(-1.11022302462516E-15,-1.,-2.21077672876541E-16));
#4974=DIRECTION('ref_axis',(1.,-1.11022302462516E-15,-1.76324113946668E-16));
#4975=DIRECTION('',(1.,-1.11022302462516E-15,-1.76324113946668E-16));
#4976=DIRECTION('',(2.21077672876541E-16,-2.21077672876541E-16,1.));
#4977=DIRECTION('center_axis',(-2.21077672876541E-16,2.21077672876541E-16,
-1.));
#4978=DIRECTION('ref_axis',(8.81239525796229E-15,1.,2.21077672876539E-16));
#4979=DIRECTION('center_axis',(-1.76324113946668E-16,2.89374363776899E-16,
-1.));
#4980=DIRECTION('ref_axis',(8.81239525796229E-15,1.,2.89374363776898E-16));
#4981=DIRECTION('center_axis',(1.76324113946668E-16,-2.89374363776899E-16,
1.));
#4982=DIRECTION('ref_axis',(-2.77555756156289E-16,1.,2.89374363776899E-16));
#4983=DIRECTION('center_axis',(-1.76324113946668E-16,2.89374363776899E-16,
-1.));
#4984=DIRECTION('ref_axis',(-1.,-1.63950462496542E-32,1.76324113946668E-16));
#4985=DIRECTION('center_axis',(-2.21077672876541E-16,2.21077672876541E-16,
-1.));
#4986=DIRECTION('ref_axis',(-1.,-1.99084075184069E-32,2.21077672876541E-16));
#4987=CARTESIAN_POINT('',(0.,0.,0.));
#4988=CARTESIAN_POINT('Origin',(-93.000001385808,93.000001385808,11.));
#4989=CARTESIAN_POINT('',(-85.250001385808,93.000001385808,11.));
#4990=CARTESIAN_POINT('Origin',(-93.000001385808,93.000001385808,11.));
#4991=CARTESIAN_POINT('',(-84.250001385808,93.000001385808,10.));
#4992=CARTESIAN_POINT('Origin',(-84.250001385808,93.000001385808,11.));
#4993=CARTESIAN_POINT('Origin',(-93.000001385808,93.000001385808,10.));
#4994=CARTESIAN_POINT('Origin',(-93.000001385808,93.000001385808,10.));
#4995=CARTESIAN_POINT('',(-85.250001385808,93.000001385808,30.));
#4996=CARTESIAN_POINT('',(-85.250001385808,93.000001385808,10.));
#4997=CARTESIAN_POINT('Origin',(-93.000001385808,93.000001385808,30.));
#4998=CARTESIAN_POINT('Origin',(-7.39557098644699E-31,0.,10.));
#4999=CARTESIAN_POINT('',(-62.3478260869565,94.696234968151,10.));
#5000=CARTESIAN_POINT('',(-60.,98.3390801969603,10.));
#5001=CARTESIAN_POINT('Origin',(-64.,98.3390801969603,10.));
#5002=CARTESIAN_POINT('',(-94.696234968151,62.3478260869565,10.));
#5003=CARTESIAN_POINT('Origin',(-35.5,35.5,10.));
#5004=CARTESIAN_POINT('',(-98.3390801969603,60.,10.));
#5005=CARTESIAN_POINT('Origin',(-98.3390801969603,64.,10.));
#5006=CARTESIAN_POINT('',(-106.,60.,10.));
#5007=CARTESIAN_POINT('',(-55.,60.,10.));
#5008=CARTESIAN_POINT('',(-110.,64.,10.));
#5009=CARTESIAN_POINT('Origin',(-106.,64.,10.));
#5010=CARTESIAN_POINT('',(-110.,90.,10.));
#5011=CARTESIAN_POINT('',(-110.,-90.,10.));
#5012=CARTESIAN_POINT('',(-90.,110.,10.));
#5013=CARTESIAN_POINT('Origin',(-90.,90.,10.));
#5014=CARTESIAN_POINT('',(-64.,110.,10.));
#5015=CARTESIAN_POINT('',(-90.,110.,10.));
#5016=CARTESIAN_POINT('',(-60.,106.,10.));
#5017=CARTESIAN_POINT('Origin',(-64.,106.,10.));
#5018=CARTESIAN_POINT('',(-60.,-55.,10.));
#5019=CARTESIAN_POINT('',(-99.827740988506,65.0000009685754,10.));
#5020=CARTESIAN_POINT('',(-104.000001579523,65.0000009685754,10.));
#5021=CARTESIAN_POINT('',(-49.9138704942529,65.0000009685752,10.));
#5022=CARTESIAN_POINT('',(-97.8568206753658,66.660187609139,10.));
#5023=CARTESIAN_POINT('Origin',(-99.827740988506,67.0000009685754,10.));
#5024=CARTESIAN_POINT('',(-91.0821067477789,79.2839631696025,10.));
#5025=CARTESIAN_POINT('Ctrl Pts',(-91.0821067477789,79.2839631696025,10.));
#5026=CARTESIAN_POINT('Ctrl Pts',(-91.1149695679936,79.2410524408417,10.));
#5027=CARTESIAN_POINT('Ctrl Pts',(-91.6603228004273,78.527734549899,10.));
#5028=CARTESIAN_POINT('Ctrl Pts',(-92.6733524454122,77.1631454726594,10.));
#5029=CARTESIAN_POINT('Ctrl Pts',(-94.0456929497538,75.1935582628119,10.));
#5030=CARTESIAN_POINT('Ctrl Pts',(-95.5937581740147,72.6973658324577,10.));
#5031=CARTESIAN_POINT('Ctrl Pts',(-96.7983339223149,70.2656967934328,10.));
#5032=CARTESIAN_POINT('Ctrl Pts',(-97.4319400019932,68.5294060784566,10.));
#5033=CARTESIAN_POINT('Ctrl Pts',(-97.7221334740632,67.3913248013861,10.));
#5034=CARTESIAN_POINT('Ctrl Pts',(-97.8361566720406,66.7800390004203,10.));
#5035=CARTESIAN_POINT('Ctrl Pts',(-97.8568206753658,66.660187609139,10.));
#5036=CARTESIAN_POINT('',(-92.6699518508884,82.5000009685755,10.));
#5037=CARTESIAN_POINT('Origin',(-92.6699518508884,80.5000009685755,10.));
#5038=CARTESIAN_POINT('',(-104.000001579523,82.5000009685754,10.));
#5039=CARTESIAN_POINT('',(-52.0000007897618,82.5000009685758,10.));
#5040=CARTESIAN_POINT('',(-106.000001579523,80.5000009685754,10.0000000000001));
#5041=CARTESIAN_POINT('Origin',(-104.000001579523,80.5000009685754,10.));
#5042=CARTESIAN_POINT('',(-106.000001579523,67.0000009685754,10.));
#5043=CARTESIAN_POINT('',(-106.000001579523,33.5000004842878,10.));
#5044=CARTESIAN_POINT('Origin',(-104.000001579523,67.0000009685754,10.));
#5045=CARTESIAN_POINT('',(-66.6601876091391,97.8568206753658,10.));
#5046=CARTESIAN_POINT('',(-79.2839631696026,91.0821067477789,10.));
#5047=CARTESIAN_POINT('Ctrl Pts',(-66.6601876091391,97.8568206753658,10.));
#5048=CARTESIAN_POINT('Ctrl Pts',(-66.7800390004204,97.8361566720406,10.));
#5049=CARTESIAN_POINT('Ctrl Pts',(-67.3913248013862,97.7221334740632,10.));
#5050=CARTESIAN_POINT('Ctrl Pts',(-68.5294060784567,97.4319400019931,10.));
#5051=CARTESIAN_POINT('Ctrl Pts',(-70.2656967934329,96.7983339223148,10.));
#5052=CARTESIAN_POINT('Ctrl Pts',(-72.6973658324578,95.5937581740147,10.));
#5053=CARTESIAN_POINT('Ctrl Pts',(-75.193558262812,94.0456929497538,10.));
#5054=CARTESIAN_POINT('Ctrl Pts',(-77.1631454726595,92.6733524454121,10.));
#5055=CARTESIAN_POINT('Ctrl Pts',(-78.5277345498991,91.6603228004272,10.));
#5056=CARTESIAN_POINT('Ctrl Pts',(-79.2410524408418,91.1149695679935,10.));
#5057=CARTESIAN_POINT('Ctrl Pts',(-79.2839631696026,91.0821067477789,10.));
#5058=CARTESIAN_POINT('',(-65.0000009685755,99.827740988506,10.));
#5059=CARTESIAN_POINT('Origin',(-67.0000009685755,99.8277409885059,10.));
#5060=CARTESIAN_POINT('',(-65.0000009685755,104.000001579523,10.));
#5061=CARTESIAN_POINT('',(-65.0000009685753,49.9138704942528,10.));
#5062=CARTESIAN_POINT('',(-67.0000009685755,106.000001579523,10.));
#5063=CARTESIAN_POINT('Origin',(-67.0000009685755,104.000001579523,10.));
#5064=CARTESIAN_POINT('',(-80.5000009685755,106.000001579523,10.0000000000001));
#5065=CARTESIAN_POINT('',(-33.5000004842878,106.000001579523,10.));
#5066=CARTESIAN_POINT('',(-82.5000009685755,104.000001579523,10.));
#5067=CARTESIAN_POINT('Origin',(-80.5000009685755,104.000001579523,10.));
#5068=CARTESIAN_POINT('',(-82.5000009685756,92.6699518508883,10.));
#5069=CARTESIAN_POINT('',(-82.5000009685758,52.0000007897618,10.));
#5070=CARTESIAN_POINT('Origin',(-80.5000009685756,92.6699518508883,10.));
#5071=CARTESIAN_POINT('Origin',(-93.000001385808,-93.000001385808,11.));
#5072=CARTESIAN_POINT('',(-85.250001385808,-93.000001385808,11.));
#5073=CARTESIAN_POINT('Origin',(-93.000001385808,-93.000001385808,11.));
#5074=CARTESIAN_POINT('',(-84.250001385808,-93.000001385808,10.));
#5075=CARTESIAN_POINT('Origin',(-84.250001385808,-93.000001385808,11.));
#5076=CARTESIAN_POINT('Origin',(-93.000001385808,-93.000001385808,10.));
#5077=CARTESIAN_POINT('Origin',(-93.000001385808,-93.000001385808,10.));
#5078=CARTESIAN_POINT('',(-85.250001385808,-93.000001385808,30.));
#5079=CARTESIAN_POINT('',(-85.250001385808,-93.000001385808,10.));
#5080=CARTESIAN_POINT('Origin',(-93.000001385808,-93.000001385808,30.));
#5081=CARTESIAN_POINT('Origin',(-7.39557098644699E-31,0.,10.));
#5082=CARTESIAN_POINT('',(-60.,-98.3390801969603,10.));
#5083=CARTESIAN_POINT('',(-62.3478260869565,-94.6962349681509,10.));
#5084=CARTESIAN_POINT('Origin',(-64.,-98.3390801969603,10.));
#5085=CARTESIAN_POINT('',(-60.,-106.,10.));
#5086=CARTESIAN_POINT('',(-60.,-55.,10.));
#5087=CARTESIAN_POINT('',(-64.,-110.,10.));
#5088=CARTESIAN_POINT('Origin',(-64.,-106.,10.));
#5089=CARTESIAN_POINT('',(-90.,-110.,10.));
#5090=CARTESIAN_POINT('',(90.,-110.,10.));
#5091=CARTESIAN_POINT('',(-110.,-90.,10.));
#5092=CARTESIAN_POINT('Origin',(-90.,-90.,10.));
#5093=CARTESIAN_POINT('',(-110.,-64.,10.));
#5094=CARTESIAN_POINT('',(-110.,-90.,10.));
#5095=CARTESIAN_POINT('',(-106.,-60.,10.));
#5096=CARTESIAN_POINT('Origin',(-106.,-64.,10.));
#5097=CARTESIAN_POINT('',(-98.3390801969603,-60.,10.));
#5098=CARTESIAN_POINT('',(-55.,-60.,10.));
#5099=CARTESIAN_POINT('',(-94.6962349681509,-62.3478260869565,10.));
#5100=CARTESIAN_POINT('Origin',(-98.3390801969603,-64.,10.));
#5101=CARTESIAN_POINT('Origin',(-35.5,-35.5,10.));
#5102=CARTESIAN_POINT('',(-97.8568206753658,-66.660187609139,10.));
#5103=CARTESIAN_POINT('',(-91.0821067477789,-79.2839631696025,10.));
#5104=CARTESIAN_POINT('Ctrl Pts',(-97.8568206753658,-66.660187609139,10.));
#5105=CARTESIAN_POINT('Ctrl Pts',(-97.8361566720406,-66.7800390004203,10.));
#5106=CARTESIAN_POINT('Ctrl Pts',(-97.7221334740632,-67.3913248013861,10.));
#5107=CARTESIAN_POINT('Ctrl Pts',(-97.4319400019932,-68.5294060784566,10.));
#5108=CARTESIAN_POINT('Ctrl Pts',(-96.7983339223149,-70.2656967934328,10.));
#5109=CARTESIAN_POINT('Ctrl Pts',(-95.5937581740147,-72.6973658324577,10.));
#5110=CARTESIAN_POINT('Ctrl Pts',(-94.0456929497538,-75.1935582628119,10.));
#5111=CARTESIAN_POINT('Ctrl Pts',(-92.6733524454122,-77.1631454726594,10.));
#5112=CARTESIAN_POINT('Ctrl Pts',(-91.6603228004273,-78.527734549899,10.));
#5113=CARTESIAN_POINT('Ctrl Pts',(-91.1149695679936,-79.2410524408417,10.));
#5114=CARTESIAN_POINT('Ctrl Pts',(-91.0821067477789,-79.2839631696025,10.));
#5115=CARTESIAN_POINT('',(-99.827740988506,-65.0000009685754,10.));
#5116=CARTESIAN_POINT('Origin',(-99.827740988506,-67.0000009685754,10.));
#5117=CARTESIAN_POINT('',(-104.000001579523,-65.0000009685754,10.));
#5118=CARTESIAN_POINT('',(-49.9138704942529,-65.0000009685752,10.));
#5119=CARTESIAN_POINT('',(-106.000001579523,-67.0000009685754,10.));
#5120=CARTESIAN_POINT('Origin',(-104.000001579523,-67.0000009685754,10.));
#5121=CARTESIAN_POINT('',(-106.000001579523,-80.5000009685754,10.0000000000001));
#5122=CARTESIAN_POINT('',(-106.000001579523,-33.5000004842878,10.));
#5123=CARTESIAN_POINT('',(-104.000001579523,-82.5000009685754,10.));
#5124=CARTESIAN_POINT('Origin',(-104.000001579523,-80.5000009685754,10.));
#5125=CARTESIAN_POINT('',(-92.6699518508884,-82.5000009685755,10.));
#5126=CARTESIAN_POINT('',(-52.0000007897618,-82.5000009685758,10.));
#5127=CARTESIAN_POINT('Origin',(-92.6699518508884,-80.5000009685755,10.));
#5128=CARTESIAN_POINT('',(-67.0000009685755,-106.000001579523,10.));
#5129=CARTESIAN_POINT('',(-80.5000009685755,-106.000001579523,10.0000000000001));
#5130=CARTESIAN_POINT('',(-33.5000004842878,-106.000001579523,10.));
#5131=CARTESIAN_POINT('',(-65.0000009685755,-104.000001579523,10.));
#5132=CARTESIAN_POINT('Origin',(-67.0000009685755,-104.000001579523,10.));
#5133=CARTESIAN_POINT('',(-65.0000009685755,-99.827740988506,10.));
#5134=CARTESIAN_POINT('',(-65.0000009685753,-49.9138704942528,10.));
#5135=CARTESIAN_POINT('',(-66.6601876091391,-97.8568206753658,10.));
#5136=CARTESIAN_POINT('Origin',(-67.0000009685755,-99.8277409885059,10.));
#5137=CARTESIAN_POINT('',(-79.2839631696026,-91.0821067477789,10.));
#5138=CARTESIAN_POINT('Ctrl Pts',(-79.2839631696026,-91.0821067477789,10.));
#5139=CARTESIAN_POINT('Ctrl Pts',(-79.2410524408418,-91.1149695679935,10.));
#5140=CARTESIAN_POINT('Ctrl Pts',(-78.5277345498991,-91.6603228004272,10.));
#5141=CARTESIAN_POINT('Ctrl Pts',(-77.1631454726595,-92.6733524454121,10.));
#5142=CARTESIAN_POINT('Ctrl Pts',(-75.193558262812,-94.0456929497538,10.));
#5143=CARTESIAN_POINT('Ctrl Pts',(-72.6973658324578,-95.5937581740147,10.));
#5144=CARTESIAN_POINT('Ctrl Pts',(-70.2656967934329,-96.7983339223148,10.));
#5145=CARTESIAN_POINT('Ctrl Pts',(-68.5294060784567,-97.4319400019931,10.));
#5146=CARTESIAN_POINT('Ctrl Pts',(-67.3913248013862,-97.7221334740632,10.));
#5147=CARTESIAN_POINT('Ctrl Pts',(-66.7800390004204,-97.8361566720406,10.));
#5148=CARTESIAN_POINT('Ctrl Pts',(-66.6601876091391,-97.8568206753658,10.));
#5149=CARTESIAN_POINT('',(-82.5000009685756,-92.6699518508883,10.));
#5150=CARTESIAN_POINT('Origin',(-80.5000009685756,-92.6699518508883,10.));
#5151=CARTESIAN_POINT('',(-82.5000009685755,-104.000001579523,10.));
#5152=CARTESIAN_POINT('',(-82.5000009685758,-52.0000007897618,10.));
#5153=CARTESIAN_POINT('Origin',(-80.5000009685755,-104.000001579523,10.));
#5154=CARTESIAN_POINT('Origin',(-45.,85.,40.));
#5155=CARTESIAN_POINT('',(-20.,85.,50.));
#5156=CARTESIAN_POINT('',(-45.,85.,50.));
#5157=CARTESIAN_POINT('',(-21.089819349659,85.,50.));
#5158=CARTESIAN_POINT('',(-45.,85.,40.));
#5159=CARTESIAN_POINT('',(-45.,85.,40.));
#5160=CARTESIAN_POINT('',(-20.,85.,40.));
#5161=CARTESIAN_POINT('',(-22.5,85.,40.));
#5162=CARTESIAN_POINT('',(-20.,85.,45.));
#5163=CARTESIAN_POINT('Origin',(-20.,80.,45.));
#5164=CARTESIAN_POINT('',(-15.,80.,50.));
#5165=CARTESIAN_POINT('Origin',(-20.,80.,50.));
#5166=CARTESIAN_POINT('',(-15.,80.,40.));
#5167=CARTESIAN_POINT('Origin',(-20.,80.,40.));
#5168=CARTESIAN_POINT('',(-15.,80.,45.));
#5169=CARTESIAN_POINT('Origin',(-80.,20.,45.));
#5170=CARTESIAN_POINT('',(-85.,20.,50.));
#5171=CARTESIAN_POINT('',(-80.,15.,50.));
#5172=CARTESIAN_POINT('Origin',(-80.,20.,50.));
#5173=CARTESIAN_POINT('',(-80.,15.,40.));
#5174=CARTESIAN_POINT('',(-80.,15.,45.));
#5175=CARTESIAN_POINT('',(-85.,20.,40.));
#5176=CARTESIAN_POINT('Origin',(-80.,20.,40.));
#5177=CARTESIAN_POINT('',(-85.,20.,45.));
#5178=CARTESIAN_POINT('Origin',(-30.,15.,50.));
#5179=CARTESIAN_POINT('',(-35.,15.,50.));
#5180=CARTESIAN_POINT('',(-15.,15.,50.));
#5181=CARTESIAN_POINT('',(-35.,15.,40.));
#5182=CARTESIAN_POINT('',(-35.,15.,50.));
#5183=CARTESIAN_POINT('',(-15.,15.,40.));
#5184=CARTESIAN_POINT('Origin',(-35.,20.,50.));
#5185=CARTESIAN_POINT('',(-30.,20.,50.));
#5186=CARTESIAN_POINT('Origin',(-35.,20.,50.));
#5187=CARTESIAN_POINT('',(-30.,20.,40.));
#5188=CARTESIAN_POINT('',(-30.,20.,50.));
#5189=CARTESIAN_POINT('Origin',(-35.,20.,40.));
#5190=CARTESIAN_POINT('Origin',(-30.,30.,50.));
#5191=CARTESIAN_POINT('',(-30.,25.,50.));
#5192=CARTESIAN_POINT('',(-30.,15.,50.));
#5193=CARTESIAN_POINT('',(-30.,25.,40.));
#5194=CARTESIAN_POINT('',(-30.,25.,50.));
#5195=CARTESIAN_POINT('',(-30.,15.,40.));
#5196=CARTESIAN_POINT('Origin',(-25.,25.,50.));
#5197=CARTESIAN_POINT('',(-25.,30.,40.));
#5198=CARTESIAN_POINT('Origin',(-25.,25.,40.));
#5199=CARTESIAN_POINT('',(-25.,30.,50.));
#5200=CARTESIAN_POINT('Origin',(-25.,25.,50.));
#5201=CARTESIAN_POINT('',(-25.,30.,50.));
#5202=CARTESIAN_POINT('Origin',(-15.,30.,50.));
#5203=CARTESIAN_POINT('',(-20.,30.,50.));
#5204=CARTESIAN_POINT('',(-7.49999999999999,30.,50.));
#5205=CARTESIAN_POINT('',(-20.,30.,40.));
#5206=CARTESIAN_POINT('',(-20.,30.,50.));
#5207=CARTESIAN_POINT('',(-7.49999999999998,30.,40.));
#5208=CARTESIAN_POINT('Origin',(-20.,35.,50.));
#5209=CARTESIAN_POINT('',(-15.,35.,50.));
#5210=CARTESIAN_POINT('Origin',(-20.,35.,50.));
#5211=CARTESIAN_POINT('',(-15.,35.,40.));
#5212=CARTESIAN_POINT('',(-15.,35.,50.));
#5213=CARTESIAN_POINT('Origin',(-20.,35.,40.));
#5214=CARTESIAN_POINT('Origin',(-15.,85.,50.));
#5215=CARTESIAN_POINT('',(-15.,42.5,40.));
#5216=CARTESIAN_POINT('',(-15.,42.5,50.));
#5217=CARTESIAN_POINT('Origin',(-85.,35.,40.));
#5218=CARTESIAN_POINT('',(-85.,45.0000000000001,40.));
#5219=CARTESIAN_POINT('',(-85.,17.5,40.));
#5220=CARTESIAN_POINT('',(-85.,45.0000000000001,50.));
#5221=CARTESIAN_POINT('',(-85.,45.0000000000001,40.));
#5222=CARTESIAN_POINT('',(-85.,17.5,50.));
#5223=CARTESIAN_POINT('Origin',(-45.,45.0000000000001,40.));
#5224=CARTESIAN_POINT('Origin',(-45.,45.0000000000001,50.));
#5225=CARTESIAN_POINT('Origin',(-45.,45.0000000000001,40.));
#5226=CARTESIAN_POINT('Origin',(-3.45126646034193E-30,0.,50.));
#5227=CARTESIAN_POINT('',(110.,-90.,50.));
#5228=CARTESIAN_POINT('',(90.,-110.,50.));
#5229=CARTESIAN_POINT('Origin',(90.,-90.,50.));
#5230=CARTESIAN_POINT('',(110.,90.,50.));
#5231=CARTESIAN_POINT('',(110.,-45.,50.));
#5232=CARTESIAN_POINT('',(90.,110.,50.));
#5233=CARTESIAN_POINT('Origin',(90.,90.,50.));
#5234=CARTESIAN_POINT('',(-90.,110.,50.));
#5235=CARTESIAN_POINT('',(45.,110.,50.));
#5236=CARTESIAN_POINT('',(-110.,90.,50.));
#5237=CARTESIAN_POINT('Origin',(-90.,90.,50.));
#5238=CARTESIAN_POINT('',(-110.,-90.,50.));
#5239=CARTESIAN_POINT('',(-110.,45.,50.));
#5240=CARTESIAN_POINT('',(-90.,-110.,50.));
#5241=CARTESIAN_POINT('Origin',(-90.,-90.,50.));
#5242=CARTESIAN_POINT('',(-45.,-110.,50.));
#5243=CARTESIAN_POINT('',(21.3,-17.3,50.));
#5244=CARTESIAN_POINT('',(21.3,17.3,50.));
#5245=CARTESIAN_POINT('',(21.3,8.65,50.));
#5246=CARTESIAN_POINT('',(17.3,-21.3,50.));
#5247=CARTESIAN_POINT('',(20.3,-18.3,50.));
#5248=CARTESIAN_POINT('',(-17.3,-21.3,50.));
#5249=CARTESIAN_POINT('',(8.65,-21.3,50.));
#5250=CARTESIAN_POINT('',(-21.3,-17.3,50.));
#5251=CARTESIAN_POINT('',(-18.3,-20.3,50.));
#5252=CARTESIAN_POINT('',(-21.3,17.3,50.));
#5253=CARTESIAN_POINT('',(-21.3,-8.65,50.));
#5254=CARTESIAN_POINT('',(-17.3,21.3,50.));
#5255=CARTESIAN_POINT('',(-20.3,18.3,50.));
#5256=CARTESIAN_POINT('',(17.3,21.3,50.));
#5257=CARTESIAN_POINT('',(-8.65,21.3,50.));
#5258=CARTESIAN_POINT('',(18.3,20.3,50.));
#5259=CARTESIAN_POINT('',(85.,20.,50.));
#5260=CARTESIAN_POINT('',(85.,45.,50.));
#5261=CARTESIAN_POINT('',(85.,17.5,50.));
#5262=CARTESIAN_POINT('',(80.,15.,50.));
#5263=CARTESIAN_POINT('Origin',(80.,20.,50.));
#5264=CARTESIAN_POINT('',(35.,15.,50.));
#5265=CARTESIAN_POINT('',(15.,15.,50.));
#5266=CARTESIAN_POINT('',(30.,20.,50.));
#5267=CARTESIAN_POINT('Origin',(35.,20.,50.));
#5268=CARTESIAN_POINT('',(30.,25.,50.));
#5269=CARTESIAN_POINT('',(30.,15.,50.));
#5270=CARTESIAN_POINT('',(25.,30.,50.));
#5271=CARTESIAN_POINT('Origin',(25.,25.,50.));
#5272=CARTESIAN_POINT('',(20.,30.,50.));
#5273=CARTESIAN_POINT('',(7.5,30.,50.));
#5274=CARTESIAN_POINT('',(15.,35.,50.));
#5275=CARTESIAN_POINT('Origin',(20.,35.,50.));
#5276=CARTESIAN_POINT('',(15.,80.,50.));
#5277=CARTESIAN_POINT('',(15.,42.5,50.));
#5278=CARTESIAN_POINT('',(20.,85.,50.));
#5279=CARTESIAN_POINT('Origin',(20.,80.,50.));
#5280=CARTESIAN_POINT('',(45.,85.,50.));
#5281=CARTESIAN_POINT('',(22.5,85.,50.));
#5282=CARTESIAN_POINT('Origin',(45.,45.0000000000001,50.));
#5283=CARTESIAN_POINT('',(-45.,-85.,50.));
#5284=CARTESIAN_POINT('',(-20.,-85.,50.));
#5285=CARTESIAN_POINT('',(-22.5,-85.,50.));
#5286=CARTESIAN_POINT('',(-85.,-45.,50.));
#5287=CARTESIAN_POINT('Origin',(-45.,-45.0000000000001,50.));
#5288=CARTESIAN_POINT('',(-85.,-20.,50.));
#5289=CARTESIAN_POINT('',(-85.,-17.5,50.));
#5290=CARTESIAN_POINT('',(-80.,-15.,50.));
#5291=CARTESIAN_POINT('Origin',(-80.,-20.,50.));
#5292=CARTESIAN_POINT('',(-35.,-15.,50.));
#5293=CARTESIAN_POINT('',(-15.,-15.,50.));
#5294=CARTESIAN_POINT('',(-30.,-20.,50.));
#5295=CARTESIAN_POINT('Origin',(-35.,-20.,50.));
#5296=CARTESIAN_POINT('',(-30.,-25.,50.));
#5297=CARTESIAN_POINT('',(-30.,-15.,50.));
#5298=CARTESIAN_POINT('',(-25.,-30.,50.));
#5299=CARTESIAN_POINT('Origin',(-25.,-25.,50.));
#5300=CARTESIAN_POINT('',(-20.,-30.,50.));
#5301=CARTESIAN_POINT('',(-7.49999999999999,-30.,50.));
#5302=CARTESIAN_POINT('',(-15.,-35.,50.));
#5303=CARTESIAN_POINT('Origin',(-20.,-35.,50.));
#5304=CARTESIAN_POINT('',(-15.,-80.,50.));
#5305=CARTESIAN_POINT('',(-15.,-42.5,50.));
#5306=CARTESIAN_POINT('Origin',(-20.,-80.,50.));
#5307=CARTESIAN_POINT('',(30.,-25.,50.));
#5308=CARTESIAN_POINT('',(25.,-30.,50.));
#5309=CARTESIAN_POINT('Origin',(25.,-25.,50.));
#5310=CARTESIAN_POINT('',(30.,-20.,50.));
#5311=CARTESIAN_POINT('',(30.,-15.,50.));
#5312=CARTESIAN_POINT('',(35.,-15.,50.));
#5313=CARTESIAN_POINT('Origin',(35.,-20.,50.));
#5314=CARTESIAN_POINT('',(80.,-15.,50.));
#5315=CARTESIAN_POINT('',(15.,-15.,50.));
#5316=CARTESIAN_POINT('',(85.,-20.,50.));
#5317=CARTESIAN_POINT('Origin',(80.,-20.,50.));
#5318=CARTESIAN_POINT('',(85.,-45.,50.));
#5319=CARTESIAN_POINT('',(85.,-17.5,50.));
#5320=CARTESIAN_POINT('',(45.,-85.,50.));
#5321=CARTESIAN_POINT('Origin',(45.0000000000001,-45.,50.));
#5322=CARTESIAN_POINT('',(20.,-85.,50.));
#5323=CARTESIAN_POINT('',(15.,-85.,50.));
#5324=CARTESIAN_POINT('',(15.,-80.,50.));
#5325=CARTESIAN_POINT('Origin',(20.,-80.,50.));
#5326=CARTESIAN_POINT('',(15.,-35.,50.));
#5327=CARTESIAN_POINT('',(15.,-42.5,50.));
#5328=CARTESIAN_POINT('',(20.,-30.,50.));
#5329=CARTESIAN_POINT('Origin',(20.,-35.,50.));
#5330=CARTESIAN_POINT('',(7.5,-30.,50.));
#5331=CARTESIAN_POINT('Origin',(45.,85.,40.));
#5332=CARTESIAN_POINT('',(20.,85.,40.));
#5333=CARTESIAN_POINT('',(20.,85.,45.));
#5334=CARTESIAN_POINT('',(45.,85.,40.));
#5335=CARTESIAN_POINT('',(22.5,85.,40.));
#5336=CARTESIAN_POINT('',(45.,85.,40.));
#5337=CARTESIAN_POINT('Origin',(20.,80.,45.));
#5338=CARTESIAN_POINT('',(15.,80.,40.));
#5339=CARTESIAN_POINT('',(15.,80.,45.));
#5340=CARTESIAN_POINT('Origin',(20.,80.,40.));
#5341=CARTESIAN_POINT('Origin',(80.,20.,45.));
#5342=CARTESIAN_POINT('',(85.,20.,40.));
#5343=CARTESIAN_POINT('',(85.,20.,45.));
#5344=CARTESIAN_POINT('',(80.,15.,40.));
#5345=CARTESIAN_POINT('Origin',(80.,20.,40.));
#5346=CARTESIAN_POINT('',(80.,15.,45.));
#5347=CARTESIAN_POINT('Origin',(30.,15.,50.));
#5348=CARTESIAN_POINT('',(35.,15.,40.));
#5349=CARTESIAN_POINT('',(15.,15.,40.));
#5350=CARTESIAN_POINT('',(35.,15.,50.));
#5351=CARTESIAN_POINT('Origin',(35.,20.,50.));
#5352=CARTESIAN_POINT('',(30.,20.,40.));
#5353=CARTESIAN_POINT('Origin',(35.,20.,40.));
#5354=CARTESIAN_POINT('',(30.,20.,50.));
#5355=CARTESIAN_POINT('Origin',(30.,30.,50.));
#5356=CARTESIAN_POINT('',(30.,25.,40.));
#5357=CARTESIAN_POINT('',(30.,15.,40.));
#5358=CARTESIAN_POINT('',(30.,25.,50.));
#5359=CARTESIAN_POINT('Origin',(25.,25.,50.));
#5360=CARTESIAN_POINT('',(25.,30.,40.));
#5361=CARTESIAN_POINT('Origin',(25.,25.,40.));
#5362=CARTESIAN_POINT('',(25.,30.,50.));
#5363=CARTESIAN_POINT('Origin',(15.,30.,50.));
#5364=CARTESIAN_POINT('',(20.,30.,40.));
#5365=CARTESIAN_POINT('',(7.50000000000001,30.,40.));
#5366=CARTESIAN_POINT('',(20.,30.,50.));
#5367=CARTESIAN_POINT('Origin',(20.,35.,50.));
#5368=CARTESIAN_POINT('',(15.,35.,40.));
#5369=CARTESIAN_POINT('Origin',(20.,35.,40.));
#5370=CARTESIAN_POINT('',(15.,35.,50.));
#5371=CARTESIAN_POINT('Origin',(15.,85.,50.));
#5372=CARTESIAN_POINT('',(15.,42.5,40.));
#5373=CARTESIAN_POINT('Origin',(-45.,-85.,40.));
#5374=CARTESIAN_POINT('',(-20.,-85.,40.));
#5375=CARTESIAN_POINT('',(-20.,-85.,45.));
#5376=CARTESIAN_POINT('',(-45.,-85.,40.));
#5377=CARTESIAN_POINT('',(-22.5,-85.,40.));
#5378=CARTESIAN_POINT('',(-45.,-85.,40.));
#5379=CARTESIAN_POINT('Origin',(-20.,-80.,45.));
#5380=CARTESIAN_POINT('',(-15.,-80.,40.));
#5381=CARTESIAN_POINT('',(-15.,-80.,45.));
#5382=CARTESIAN_POINT('Origin',(-20.,-80.,40.));
#5383=CARTESIAN_POINT('Origin',(-80.,-20.,45.));
#5384=CARTESIAN_POINT('',(-85.,-20.,40.));
#5385=CARTESIAN_POINT('',(-85.,-20.,45.));
#5386=CARTESIAN_POINT('',(-80.,-15.,40.));
#5387=CARTESIAN_POINT('Origin',(-80.,-20.,40.));
#5388=CARTESIAN_POINT('',(-80.,-15.,45.));
#5389=CARTESIAN_POINT('Origin',(-30.,-15.,50.));
#5390=CARTESIAN_POINT('',(-35.,-15.,40.));
#5391=CARTESIAN_POINT('',(-15.,-15.,40.));
#5392=CARTESIAN_POINT('',(-35.,-15.,50.));
#5393=CARTESIAN_POINT('Origin',(-35.,-20.,50.));
#5394=CARTESIAN_POINT('',(-30.,-20.,40.));
#5395=CARTESIAN_POINT('Origin',(-35.,-20.,40.));
#5396=CARTESIAN_POINT('',(-30.,-20.,50.));
#5397=CARTESIAN_POINT('Origin',(-30.,-30.,50.));
#5398=CARTESIAN_POINT('',(-30.,-25.,40.));
#5399=CARTESIAN_POINT('',(-30.,-15.,40.));
#5400=CARTESIAN_POINT('',(-30.,-25.,50.));
#5401=CARTESIAN_POINT('Origin',(-25.,-25.,50.));
#5402=CARTESIAN_POINT('',(-25.,-30.,40.));
#5403=CARTESIAN_POINT('Origin',(-25.,-25.,40.));
#5404=CARTESIAN_POINT('',(-25.,-30.,50.));
#5405=CARTESIAN_POINT('Origin',(-15.,-30.,50.));
#5406=CARTESIAN_POINT('',(-20.,-30.,40.));
#5407=CARTESIAN_POINT('',(-7.49999999999998,-30.,40.));
#5408=CARTESIAN_POINT('',(-20.,-30.,50.));
#5409=CARTESIAN_POINT('Origin',(-20.,-35.,50.));
#5410=CARTESIAN_POINT('',(-15.,-35.,40.));
#5411=CARTESIAN_POINT('Origin',(-20.,-35.,40.));
#5412=CARTESIAN_POINT('',(-15.,-35.,50.));
#5413=CARTESIAN_POINT('Origin',(-15.,-85.,50.));
#5414=CARTESIAN_POINT('',(-15.,-42.5,40.));
#5415=CARTESIAN_POINT('Origin',(-85.,-35.,40.));
#5416=CARTESIAN_POINT('',(-85.,-45.,40.));
#5417=CARTESIAN_POINT('',(-85.,-45.,40.));
#5418=CARTESIAN_POINT('',(-85.,-17.5,40.));
#5419=CARTESIAN_POINT('Origin',(-45.,-45.0000000000001,40.));
#5420=CARTESIAN_POINT('Origin',(-45.,-45.0000000000001,40.));
#5421=CARTESIAN_POINT('Origin',(20.,-80.,45.));
#5422=CARTESIAN_POINT('',(20.,-85.,40.));
#5423=CARTESIAN_POINT('',(20.,-85.,45.));
#5424=CARTESIAN_POINT('',(15.,-80.,40.));
#5425=CARTESIAN_POINT('Origin',(20.,-80.,40.));
#5426=CARTESIAN_POINT('',(15.,-80.,45.));
#5427=CARTESIAN_POINT('Origin',(45.,-85.,40.));
#5428=CARTESIAN_POINT('',(45.,-85.,40.));
#5429=CARTESIAN_POINT('',(45.,-85.,40.));
#5430=CARTESIAN_POINT('',(15.,-85.,40.));
#5431=CARTESIAN_POINT('Origin',(80.,-20.,45.));
#5432=CARTESIAN_POINT('',(80.,-15.,40.));
#5433=CARTESIAN_POINT('',(80.,-15.,45.));
#5434=CARTESIAN_POINT('',(85.,-20.,40.));
#5435=CARTESIAN_POINT('Origin',(80.,-20.,40.));
#5436=CARTESIAN_POINT('',(85.,-20.,45.));
#5437=CARTESIAN_POINT('Origin',(30.,-15.,50.));
#5438=CARTESIAN_POINT('',(35.,-15.,40.));
#5439=CARTESIAN_POINT('',(35.,-15.,50.));
#5440=CARTESIAN_POINT('',(15.,-15.,40.));
#5441=CARTESIAN_POINT('Origin',(35.,-20.,50.));
#5442=CARTESIAN_POINT('',(30.,-20.,40.));
#5443=CARTESIAN_POINT('',(30.,-20.,50.));
#5444=CARTESIAN_POINT('Origin',(35.,-20.,40.));
#5445=CARTESIAN_POINT('Origin',(30.,-30.,50.));
#5446=CARTESIAN_POINT('',(30.,-25.,40.));
#5447=CARTESIAN_POINT('',(30.,-25.,50.));
#5448=CARTESIAN_POINT('',(30.,-15.,40.));
#5449=CARTESIAN_POINT('Origin',(25.,-25.,50.));
#5450=CARTESIAN_POINT('',(25.,-30.,40.));
#5451=CARTESIAN_POINT('Origin',(25.,-25.,40.));
#5452=CARTESIAN_POINT('',(25.,-30.,50.));
#5453=CARTESIAN_POINT('Origin',(1.77635683940025E-14,-3.94430452610506E-30,
40.));
#5454=CARTESIAN_POINT('',(98.3390801969603,60.,40.));
#5455=CARTESIAN_POINT('',(94.696234968151,62.3478260869565,40.));
#5456=CARTESIAN_POINT('Origin',(98.3390801969603,64.,40.));
#5457=CARTESIAN_POINT('',(106.,60.,40.));
#5458=CARTESIAN_POINT('',(-110.,60.,40.));
#5459=CARTESIAN_POINT('',(110.,64.,40.));
#5460=CARTESIAN_POINT('Origin',(106.,64.,40.));
#5461=CARTESIAN_POINT('',(110.,-64.,40.));
#5462=CARTESIAN_POINT('',(110.,-15.,40.));
#5463=CARTESIAN_POINT('',(106.,-60.,40.));
#5464=CARTESIAN_POINT('Origin',(106.,-64.,40.));
#5465=CARTESIAN_POINT('',(98.3390801969603,-60.,40.));
#5466=CARTESIAN_POINT('',(-110.,-60.,40.));
#5467=CARTESIAN_POINT('',(94.696234968151,-62.3478260869565,40.));
#5468=CARTESIAN_POINT('Origin',(98.3390801969603,-64.,40.));
#5469=CARTESIAN_POINT('',(62.3478260869565,-94.6962349681509,40.));
#5470=CARTESIAN_POINT('Origin',(35.5,-35.5,40.));
#5471=CARTESIAN_POINT('',(60.,-98.3390801969603,40.));
#5472=CARTESIAN_POINT('Origin',(64.,-98.3390801969602,40.));
#5473=CARTESIAN_POINT('',(60.,-106.,40.));
#5474=CARTESIAN_POINT('',(60.,-110.,40.));
#5475=CARTESIAN_POINT('',(64.,-110.,40.));
#5476=CARTESIAN_POINT('Origin',(64.,-106.,40.));
#5477=CARTESIAN_POINT('',(-64.,-110.,40.));
#5478=CARTESIAN_POINT('',(-75.,-110.,40.));
#5479=CARTESIAN_POINT('',(-60.,-106.,40.));
#5480=CARTESIAN_POINT('Origin',(-64.,-106.,40.));
#5481=CARTESIAN_POINT('',(-60.,-98.3390801969603,40.));
#5482=CARTESIAN_POINT('',(-60.,-110.,40.));
#5483=CARTESIAN_POINT('',(-62.3478260869565,-94.6962349681509,40.));
#5484=CARTESIAN_POINT('Origin',(-64.,-98.3390801969603,40.));
#5485=CARTESIAN_POINT('',(-94.6962349681509,-62.3478260869565,40.));
#5486=CARTESIAN_POINT('Origin',(-35.5,-35.5,40.));
#5487=CARTESIAN_POINT('',(-98.3390801969603,-60.,40.));
#5488=CARTESIAN_POINT('Origin',(-98.3390801969603,-64.,40.));
#5489=CARTESIAN_POINT('',(-106.,-60.,40.));
#5490=CARTESIAN_POINT('',(-110.,-60.,40.));
#5491=CARTESIAN_POINT('',(-110.,-64.,40.));
#5492=CARTESIAN_POINT('Origin',(-106.,-64.,40.));
#5493=CARTESIAN_POINT('',(-110.,64.,40.));
#5494=CARTESIAN_POINT('',(-110.,75.,40.));
#5495=CARTESIAN_POINT('',(-106.,60.,40.));
#5496=CARTESIAN_POINT('Origin',(-106.,64.,40.));
#5497=CARTESIAN_POINT('',(-98.3390801969603,60.,40.));
#5498=CARTESIAN_POINT('',(-110.,60.,40.));
#5499=CARTESIAN_POINT('',(-94.696234968151,62.3478260869565,40.));
#5500=CARTESIAN_POINT('Origin',(-98.3390801969603,64.,40.));
#5501=CARTESIAN_POINT('',(-62.3478260869565,94.696234968151,40.));
#5502=CARTESIAN_POINT('Origin',(-35.5,35.5,40.));
#5503=CARTESIAN_POINT('',(-60.,98.3390801969603,40.));
#5504=CARTESIAN_POINT('Origin',(-64.,98.3390801969603,40.));
#5505=CARTESIAN_POINT('',(-60.,106.,40.));
#5506=CARTESIAN_POINT('',(-60.,-110.,40.));
#5507=CARTESIAN_POINT('',(-64.,110.,40.));
#5508=CARTESIAN_POINT('Origin',(-64.,106.,40.));
#5509=CARTESIAN_POINT('',(64.,110.,40.));
#5510=CARTESIAN_POINT('',(15.,110.,40.));
#5511=CARTESIAN_POINT('',(60.,106.,40.));
#5512=CARTESIAN_POINT('Origin',(64.,106.,40.));
#5513=CARTESIAN_POINT('',(60.,98.3390801969603,40.));
#5514=CARTESIAN_POINT('',(60.,-110.,40.));
#5515=CARTESIAN_POINT('',(62.3478260869565,94.696234968151,40.));
#5516=CARTESIAN_POINT('Origin',(64.,98.3390801969603,40.));
#5517=CARTESIAN_POINT('Origin',(35.5000000000001,35.5000000000001,40.));
#5518=CARTESIAN_POINT('',(85.,45.,40.));
#5519=CARTESIAN_POINT('',(85.,17.5,40.));
#5520=CARTESIAN_POINT('Origin',(45.,45.0000000000001,40.));
#5521=CARTESIAN_POINT('',(20.,-30.,40.));
#5522=CARTESIAN_POINT('',(7.50000000000001,-30.,40.));
#5523=CARTESIAN_POINT('',(15.,-35.,40.));
#5524=CARTESIAN_POINT('Origin',(20.,-35.,40.));
#5525=CARTESIAN_POINT('',(15.,-42.5,40.));
#5526=CARTESIAN_POINT('',(85.,-45.,40.));
#5527=CARTESIAN_POINT('Origin',(45.0000000000001,-45.,40.));
#5528=CARTESIAN_POINT('',(85.,-17.5,40.));
#5529=CARTESIAN_POINT('',(17.1,-15.5,40.));
#5530=CARTESIAN_POINT('Origin',(15.5,-15.5,40.));
#5531=CARTESIAN_POINT('',(-17.1,-15.5,40.));
#5532=CARTESIAN_POINT('Origin',(-15.5,-15.5,40.));
#5533=CARTESIAN_POINT('',(17.1,15.5,40.));
#5534=CARTESIAN_POINT('Origin',(15.5,15.5,40.));
#5535=CARTESIAN_POINT('',(-17.1,15.5,40.));
#5536=CARTESIAN_POINT('Origin',(-15.5,15.5,40.));
#5537=CARTESIAN_POINT('',(11.5,-1.21787080523023E-14,40.));
#5538=CARTESIAN_POINT('Origin',(-3.07116659423871E-14,-1.29226518583792E-14,
40.));
#5539=CARTESIAN_POINT('Origin',(15.,-30.,50.));
#5540=CARTESIAN_POINT('',(20.,-30.,50.));
#5541=CARTESIAN_POINT('Origin',(20.,-35.,50.));
#5542=CARTESIAN_POINT('',(15.,-35.,50.));
#5543=CARTESIAN_POINT('Origin',(15.,-85.,50.));
#5544=CARTESIAN_POINT('Origin',(85.,-35.,40.));
#5545=CARTESIAN_POINT('',(85.,-45.,40.));
#5546=CARTESIAN_POINT('Origin',(-93.000001385808,93.000001385808,30.));
#5547=CARTESIAN_POINT('Origin',(-93.000001385808,-93.000001385808,30.));
#5548=CARTESIAN_POINT('Origin',(93.000001385808,93.000001385808,11.));
#5549=CARTESIAN_POINT('',(85.250001385808,93.000001385808,11.));
#5550=CARTESIAN_POINT('',(100.750001385808,93.000001385808,11.));
#5551=CARTESIAN_POINT('Origin',(93.000001385808,93.000001385808,11.));
#5552=CARTESIAN_POINT('',(101.750001385808,93.000001385808,10.));
#5553=CARTESIAN_POINT('Origin',(101.750001385808,93.000001385808,11.));
#5554=CARTESIAN_POINT('Origin',(93.000001385808,93.000001385808,10.));
#5555=CARTESIAN_POINT('Origin',(93.000001385808,93.000001385808,11.));
#5556=CARTESIAN_POINT('Origin',(93.000001385808,93.000001385808,9.99999999999999));
#5557=CARTESIAN_POINT('',(85.250001385808,93.000001385808,30.));
#5558=CARTESIAN_POINT('',(85.250001385808,93.000001385808,9.99999999999999));
#5559=CARTESIAN_POINT('Origin',(93.000001385808,93.000001385808,30.));
#5560=CARTESIAN_POINT('Origin',(-7.39557098644699E-31,0.,10.));
#5561=CARTESIAN_POINT('',(94.696234968151,62.3478260869565,10.));
#5562=CARTESIAN_POINT('',(98.3390801969603,60.,10.));
#5563=CARTESIAN_POINT('Origin',(98.3390801969603,64.,10.));
#5564=CARTESIAN_POINT('',(62.3478260869565,94.696234968151,10.));
#5565=CARTESIAN_POINT('Origin',(35.5000000000001,35.5000000000001,10.));
#5566=CARTESIAN_POINT('',(60.,98.3390801969603,10.));
#5567=CARTESIAN_POINT('Origin',(64.,98.3390801969603,10.));
#5568=CARTESIAN_POINT('',(60.,106.,10.));
#5569=CARTESIAN_POINT('',(60.,-55.,10.));
#5570=CARTESIAN_POINT('',(64.,110.,10.));
#5571=CARTESIAN_POINT('Origin',(64.,106.,10.));
#5572=CARTESIAN_POINT('',(90.,110.,10.));
#5573=CARTESIAN_POINT('',(-90.,110.,10.));
#5574=CARTESIAN_POINT('',(110.,90.,10.));
#5575=CARTESIAN_POINT('Origin',(90.,90.,10.));
#5576=CARTESIAN_POINT('',(110.,64.,10.));
#5577=CARTESIAN_POINT('',(110.,90.,10.));
#5578=CARTESIAN_POINT('',(106.,60.,10.));
#5579=CARTESIAN_POINT('Origin',(106.,64.,10.));
#5580=CARTESIAN_POINT('',(-55.,60.,10.));
#5581=CARTESIAN_POINT('',(65.0000009685755,99.827740988506,10.));
#5582=CARTESIAN_POINT('',(65.0000009685755,104.000001579523,10.));
#5583=CARTESIAN_POINT('',(65.0000009685753,49.9138704942528,10.));
#5584=CARTESIAN_POINT('',(66.6601876091391,97.8568206753658,10.));
#5585=CARTESIAN_POINT('Origin',(67.0000009685755,99.827740988506,10.));
#5586=CARTESIAN_POINT('',(79.2839631696025,91.0821067477789,10.));
#5587=CARTESIAN_POINT('Ctrl Pts',(79.2839631696025,91.0821067477789,10.));
#5588=CARTESIAN_POINT('Ctrl Pts',(79.2410524408417,91.1149695679936,10.));
#5589=CARTESIAN_POINT('Ctrl Pts',(78.5277345498991,91.6603228004272,10.));
#5590=CARTESIAN_POINT('Ctrl Pts',(77.1631454726594,92.6733524454122,10.));
#5591=CARTESIAN_POINT('Ctrl Pts',(75.193558262812,94.0456929497538,10.));
#5592=CARTESIAN_POINT('Ctrl Pts',(72.6973658324578,95.5937581740147,10.));
#5593=CARTESIAN_POINT('Ctrl Pts',(70.2656967934328,96.7983339223149,10.));
#5594=CARTESIAN_POINT('Ctrl Pts',(68.5294060784567,97.4319400019931,10.));
#5595=CARTESIAN_POINT('Ctrl Pts',(67.3913248013862,97.7221334740632,10.));
#5596=CARTESIAN_POINT('Ctrl Pts',(66.7800390004204,97.8361566720406,10.));
#5597=CARTESIAN_POINT('Ctrl Pts',(66.6601876091391,97.8568206753658,10.));
#5598=CARTESIAN_POINT('',(82.5000009685755,92.6699518508883,10.));
#5599=CARTESIAN_POINT('Origin',(80.5000009685756,92.6699518508883,10.));
#5600=CARTESIAN_POINT('',(82.5000009685754,104.000001579523,10.));
#5601=CARTESIAN_POINT('',(82.5000009685758,52.0000007897618,9.99999999999999));
#5602=CARTESIAN_POINT('',(80.5000009685754,106.000001579523,10.));
#5603=CARTESIAN_POINT('Origin',(80.5000009685755,104.000001579523,10.));
#5604=CARTESIAN_POINT('',(67.0000009685755,106.000001579523,10.));
#5605=CARTESIAN_POINT('',(33.5000004842878,106.000001579523,10.));
#5606=CARTESIAN_POINT('Origin',(67.0000009685754,104.000001579523,10.));
#5607=CARTESIAN_POINT('',(99.827740988506,65.0000009685754,10.));
#5608=CARTESIAN_POINT('',(104.000001579523,65.0000009685755,10.));
#5609=CARTESIAN_POINT('',(49.9138704942528,65.0000009685753,10.));
#5610=CARTESIAN_POINT('',(106.000001579523,67.0000009685755,10.));
#5611=CARTESIAN_POINT('Origin',(104.000001579523,67.0000009685754,10.));
#5612=CARTESIAN_POINT('',(106.000001579523,80.5000009685754,10.));
#5613=CARTESIAN_POINT('',(106.000001579523,33.5000004842878,10.));
#5614=CARTESIAN_POINT('',(104.000001579523,82.5000009685754,10.));
#5615=CARTESIAN_POINT('Origin',(104.000001579523,80.5000009685755,10.));
#5616=CARTESIAN_POINT('',(92.6699518508883,82.5000009685755,10.));
#5617=CARTESIAN_POINT('',(52.0000007897618,82.5000009685758,10.));
#5618=CARTESIAN_POINT('',(91.0821067477789,79.2839631696025,10.));
#5619=CARTESIAN_POINT('Origin',(92.6699518508883,80.5000009685755,10.));
#5620=CARTESIAN_POINT('',(97.8568206753658,66.660187609139,10.));
#5621=CARTESIAN_POINT('Ctrl Pts',(91.0821067477789,79.2839631696025,10.));
#5622=CARTESIAN_POINT('Ctrl Pts',(91.1149695679936,79.2410524408417,10.));
#5623=CARTESIAN_POINT('Ctrl Pts',(91.6603228004272,78.5277345498991,10.));
#5624=CARTESIAN_POINT('Ctrl Pts',(92.6733524454122,77.1631454726594,10.));
#5625=CARTESIAN_POINT('Ctrl Pts',(94.0456929497538,75.193558262812,10.));
#5626=CARTESIAN_POINT('Ctrl Pts',(95.5937581740147,72.6973658324578,10.));
#5627=CARTESIAN_POINT('Ctrl Pts',(96.7983339223149,70.2656967934328,10.));
#5628=CARTESIAN_POINT('Ctrl Pts',(97.4319400019931,68.5294060784567,10.));
#5629=CARTESIAN_POINT('Ctrl Pts',(97.7221334740632,67.3913248013861,10.));
#5630=CARTESIAN_POINT('Ctrl Pts',(97.8361566720406,66.7800390004204,10.));
#5631=CARTESIAN_POINT('Ctrl Pts',(97.8568206753658,66.660187609139,10.));
#5632=CARTESIAN_POINT('Origin',(99.827740988506,67.0000009685754,10.));
#5633=CARTESIAN_POINT('Origin',(93.000001385808,93.000001385808,30.));
#5634=CARTESIAN_POINT('Origin',(93.000001385808,-93.000001385808,11.));
#5635=CARTESIAN_POINT('',(85.250001385808,-93.000001385808,11.));
#5636=CARTESIAN_POINT('',(100.750001385808,-93.000001385808,11.));
#5637=CARTESIAN_POINT('Origin',(93.000001385808,-93.000001385808,11.));
#5638=CARTESIAN_POINT('',(101.750001385808,-93.000001385808,10.));
#5639=CARTESIAN_POINT('Origin',(101.750001385808,-93.000001385808,11.));
#5640=CARTESIAN_POINT('Origin',(93.000001385808,-93.000001385808,10.));
#5641=CARTESIAN_POINT('Origin',(93.000001385808,-93.000001385808,11.));
#5642=CARTESIAN_POINT('Origin',(-7.39557098644699E-31,0.,10.));
#5643=CARTESIAN_POINT('',(98.3390801969603,-60.,10.));
#5644=CARTESIAN_POINT('',(94.6962349681509,-62.3478260869565,10.));
#5645=CARTESIAN_POINT('Origin',(98.3390801969603,-64.,10.));
#5646=CARTESIAN_POINT('',(106.,-60.,10.));
#5647=CARTESIAN_POINT('',(-55.,-60.,10.));
#5648=CARTESIAN_POINT('',(110.,-64.,10.));
#5649=CARTESIAN_POINT('Origin',(106.,-64.,10.));
#5650=CARTESIAN_POINT('',(110.,-90.,10.));
#5651=CARTESIAN_POINT('',(110.,90.,10.));
#5652=CARTESIAN_POINT('',(90.,-110.,10.));
#5653=CARTESIAN_POINT('Origin',(90.,-90.,10.));
#5654=CARTESIAN_POINT('',(64.,-110.,10.));
#5655=CARTESIAN_POINT('',(90.,-110.,10.));
#5656=CARTESIAN_POINT('',(60.,-106.,10.));
#5657=CARTESIAN_POINT('Origin',(64.,-106.,10.));
#5658=CARTESIAN_POINT('',(60.,-98.3390801969603,10.));
#5659=CARTESIAN_POINT('',(60.,-55.,10.));
#5660=CARTESIAN_POINT('',(62.3478260869565,-94.6962349681509,10.));
#5661=CARTESIAN_POINT('Origin',(64.,-98.3390801969602,10.));
#5662=CARTESIAN_POINT('Origin',(35.5,-35.5,10.));
#5663=CARTESIAN_POINT('',(66.660187609139,-97.8568206753658,10.));
#5664=CARTESIAN_POINT('',(79.2839631696025,-91.0821067477789,10.));
#5665=CARTESIAN_POINT('Ctrl Pts',(66.660187609139,-97.8568206753658,10.));
#5666=CARTESIAN_POINT('Ctrl Pts',(66.7800390004204,-97.8361566720406,10.));
#5667=CARTESIAN_POINT('Ctrl Pts',(67.3913248013862,-97.7221334740632,10.));
#5668=CARTESIAN_POINT('Ctrl Pts',(68.5294060784567,-97.4319400019931,10.));
#5669=CARTESIAN_POINT('Ctrl Pts',(70.2656967934328,-96.7983339223149,10.));
#5670=CARTESIAN_POINT('Ctrl Pts',(72.6973658324578,-95.5937581740147,10.));
#5671=CARTESIAN_POINT('Ctrl Pts',(75.193558262812,-94.0456929497538,10.));
#5672=CARTESIAN_POINT('Ctrl Pts',(77.1631454726594,-92.6733524454122,10.));
#5673=CARTESIAN_POINT('Ctrl Pts',(78.5277345498991,-91.6603228004272,10.));
#5674=CARTESIAN_POINT('Ctrl Pts',(79.2410524408417,-91.1149695679936,10.));
#5675=CARTESIAN_POINT('Ctrl Pts',(79.2839631696025,-91.0821067477789,10.));
#5676=CARTESIAN_POINT('',(65.0000009685755,-99.827740988506,10.));
#5677=CARTESIAN_POINT('Origin',(67.0000009685755,-99.827740988506,10.));
#5678=CARTESIAN_POINT('',(65.0000009685755,-104.000001579523,10.));
#5679=CARTESIAN_POINT('',(65.0000009685753,-49.9138704942528,10.));
#5680=CARTESIAN_POINT('',(67.0000009685755,-106.000001579523,10.));
#5681=CARTESIAN_POINT('Origin',(67.0000009685754,-104.000001579523,10.));
#5682=CARTESIAN_POINT('',(80.5000009685754,-106.000001579523,10.0000000000001));
#5683=CARTESIAN_POINT('',(33.5000004842878,-106.000001579523,10.));
#5684=CARTESIAN_POINT('',(82.5000009685754,-104.000001579523,10.));
#5685=CARTESIAN_POINT('Origin',(80.5000009685755,-104.000001579523,10.));
#5686=CARTESIAN_POINT('',(82.5000009685755,-92.6699518508883,10.));
#5687=CARTESIAN_POINT('',(82.5000009685758,-52.0000007897618,10.));
#5688=CARTESIAN_POINT('Origin',(80.5000009685756,-92.6699518508883,10.));
#5689=CARTESIAN_POINT('',(99.827740988506,-65.0000009685755,10.));
#5690=CARTESIAN_POINT('',(104.000001579523,-65.0000009685755,10.));
#5691=CARTESIAN_POINT('',(49.9138704942528,-65.0000009685753,10.));
#5692=CARTESIAN_POINT('',(97.8568206753658,-66.660187609139,10.));
#5693=CARTESIAN_POINT('Origin',(99.827740988506,-67.0000009685754,10.));
#5694=CARTESIAN_POINT('',(91.0821067477789,-79.2839631696025,10.));
#5695=CARTESIAN_POINT('Ctrl Pts',(91.0821067477789,-79.2839631696025,10.));
#5696=CARTESIAN_POINT('Ctrl Pts',(91.1149695679936,-79.2410524408417,10.));
#5697=CARTESIAN_POINT('Ctrl Pts',(91.6603228004272,-78.5277345498991,10.));
#5698=CARTESIAN_POINT('Ctrl Pts',(92.6733524454122,-77.1631454726594,10.));
#5699=CARTESIAN_POINT('Ctrl Pts',(94.0456929497538,-75.193558262812,10.));
#5700=CARTESIAN_POINT('Ctrl Pts',(95.5937581740147,-72.6973658324578,10.));
#5701=CARTESIAN_POINT('Ctrl Pts',(96.7983339223149,-70.2656967934328,10.));
#5702=CARTESIAN_POINT('Ctrl Pts',(97.4319400019931,-68.5294060784567,10.));
#5703=CARTESIAN_POINT('Ctrl Pts',(97.7221334740632,-67.3913248013862,10.));
#5704=CARTESIAN_POINT('Ctrl Pts',(97.8361566720406,-66.7800390004204,10.));
#5705=CARTESIAN_POINT('Ctrl Pts',(97.8568206753658,-66.6601876091391,10.));
#5706=CARTESIAN_POINT('',(92.6699518508883,-82.5000009685755,10.));
#5707=CARTESIAN_POINT('Origin',(92.6699518508883,-80.5000009685755,10.));
#5708=CARTESIAN_POINT('',(104.000001579523,-82.5000009685754,10.));
#5709=CARTESIAN_POINT('',(52.0000007897618,-82.5000009685758,10.));
#5710=CARTESIAN_POINT('',(106.000001579523,-80.5000009685754,10.));
#5711=CARTESIAN_POINT('Origin',(104.000001579523,-80.5000009685755,10.));
#5712=CARTESIAN_POINT('',(106.000001579523,-67.0000009685755,10.));
#5713=CARTESIAN_POINT('',(106.000001579523,-33.5000004842878,10.));
#5714=CARTESIAN_POINT('Origin',(104.000001579523,-67.0000009685754,10.));
#5715=CARTESIAN_POINT('Origin',(93.000001385808,-93.000001385808,10.));
#5716=CARTESIAN_POINT('',(85.250001385808,-93.000001385808,30.));
#5717=CARTESIAN_POINT('',(85.250001385808,-93.000001385808,10.));
#5718=CARTESIAN_POINT('Origin',(93.000001385808,-93.000001385808,30.));
#5719=CARTESIAN_POINT('Origin',(93.000001385808,-93.000001385808,30.));
#5720=CARTESIAN_POINT('Origin',(-65.0000009685755,-99.827740988506,10.));
#5721=CARTESIAN_POINT('',(-65.0000009685755,-104.000001579523,40.));
#5722=CARTESIAN_POINT('',(-65.0000009685755,-104.000001579523,10.));
#5723=CARTESIAN_POINT('',(-65.0000009685755,-99.827740988506,40.));
#5724=CARTESIAN_POINT('',(-65.0000009685755,-104.000001579523,40.));
#5725=CARTESIAN_POINT('',(-65.0000009685755,-99.827740988506,10.));
#5726=CARTESIAN_POINT('Ctrl Pts',(-79.2839631696026,-91.0821067477789,-103.891807528644));
#5727=CARTESIAN_POINT('Ctrl Pts',(-79.2839631696026,-91.0821067477788,40.));
#5728=CARTESIAN_POINT('Ctrl Pts',(-79.2410524408418,-91.1149695679936,-103.891807528644));
#5729=CARTESIAN_POINT('Ctrl Pts',(-79.2410524408418,-91.1149695679935,40.));
#5730=CARTESIAN_POINT('Ctrl Pts',(-78.5277345498991,-91.6603228004272,-103.891807528644));
#5731=CARTESIAN_POINT('Ctrl Pts',(-78.5277345498991,-91.6603228004272,40.));
#5732=CARTESIAN_POINT('Ctrl Pts',(-77.1631454726595,-92.6733524454122,-103.891807528644));
#5733=CARTESIAN_POINT('Ctrl Pts',(-77.1631454726595,-92.6733524454121,40.));
#5734=CARTESIAN_POINT('Ctrl Pts',(-75.193558262812,-94.0456929497538,-103.891807528644));
#5735=CARTESIAN_POINT('Ctrl Pts',(-75.193558262812,-94.0456929497538,40.));
#5736=CARTESIAN_POINT('Ctrl Pts',(-72.6973658324578,-95.5937581740147,-103.891807528644));
#5737=CARTESIAN_POINT('Ctrl Pts',(-72.6973658324578,-95.5937581740147,40.));
#5738=CARTESIAN_POINT('Ctrl Pts',(-70.2656967934329,-96.7983339223149,-103.891807528644));
#5739=CARTESIAN_POINT('Ctrl Pts',(-70.2656967934329,-96.7983339223148,40.));
#5740=CARTESIAN_POINT('Ctrl Pts',(-68.5294060784567,-97.4319400019932,-103.891807528644));
#5741=CARTESIAN_POINT('Ctrl Pts',(-68.5294060784567,-97.4319400019931,40.));
#5742=CARTESIAN_POINT('Ctrl Pts',(-67.3913248013862,-97.7221334740632,-103.891807528644));
#5743=CARTESIAN_POINT('Ctrl Pts',(-67.3913248013862,-97.7221334740632,40.));
#5744=CARTESIAN_POINT('Ctrl Pts',(-66.7800390004204,-97.8361566720406,-103.891807528644));
#5745=CARTESIAN_POINT('Ctrl Pts',(-66.7800390004204,-97.8361566720405,40.));
#5746=CARTESIAN_POINT('Ctrl Pts',(-66.6601876091391,-97.8568206753658,-103.891807528644));
#5747=CARTESIAN_POINT('Ctrl Pts',(-66.6601876091391,-97.8568206753658,40.));
#5748=CARTESIAN_POINT('',(-66.6601876091391,-97.8568206753658,40.));
#5749=CARTESIAN_POINT('',(-66.6601876091391,-97.8568206753658,10.));
#5750=CARTESIAN_POINT('',(-79.2839631696026,-91.0821067477789,40.));
#5751=CARTESIAN_POINT('Ctrl Pts',(-79.2839631696026,-91.0821067477789,40.));
#5752=CARTESIAN_POINT('Ctrl Pts',(-79.2410524408418,-91.1149695679935,40.));
#5753=CARTESIAN_POINT('Ctrl Pts',(-78.5277345498991,-91.6603228004272,40.));
#5754=CARTESIAN_POINT('Ctrl Pts',(-77.1631454726595,-92.6733524454121,40.));
#5755=CARTESIAN_POINT('Ctrl Pts',(-75.193558262812,-94.0456929497538,40.));
#5756=CARTESIAN_POINT('Ctrl Pts',(-72.6973658324578,-95.5937581740147,40.));
#5757=CARTESIAN_POINT('Ctrl Pts',(-70.2656967934329,-96.7983339223148,40.));
#5758=CARTESIAN_POINT('Ctrl Pts',(-68.5294060784567,-97.4319400019931,40.));
#5759=CARTESIAN_POINT('Ctrl Pts',(-67.3913248013862,-97.7221334740632,40.));
#5760=CARTESIAN_POINT('Ctrl Pts',(-66.7800390004204,-97.8361566720406,40.));
#5761=CARTESIAN_POINT('Ctrl Pts',(-66.6601876091391,-97.8568206753658,40.));
#5762=CARTESIAN_POINT('',(-79.2839631696026,-91.0821067477789,10.));
#5763=CARTESIAN_POINT('Origin',(-80.5000009685756,-92.6699518508883,10.));
#5764=CARTESIAN_POINT('',(-82.5000009685756,-92.6699518508883,40.));
#5765=CARTESIAN_POINT('Origin',(-80.5000009685756,-92.6699518508883,40.));
#5766=CARTESIAN_POINT('',(-82.5000009685756,-92.6699518508883,10.));
#5767=CARTESIAN_POINT('Origin',(-82.5000009685755,-104.000001579523,10.));
#5768=CARTESIAN_POINT('',(-82.5000009685755,-104.000001579523,40.));
#5769=CARTESIAN_POINT('',(-82.5000009685755,-104.000001579523,40.));
#5770=CARTESIAN_POINT('',(-82.5000009685755,-104.000001579523,10.));
#5771=CARTESIAN_POINT('Origin',(-80.5000009685755,-104.000001579523,10.));
#5772=CARTESIAN_POINT('',(-80.5000009685755,-106.000001579523,40.0000000000001));
#5773=CARTESIAN_POINT('Origin',(-80.5000009685755,-104.000001579523,40.));
#5774=CARTESIAN_POINT('',(-80.5000009685755,-106.000001579523,10.0000000000001));
#5775=CARTESIAN_POINT('Origin',(-67.0000009685755,-106.000001579523,10.));
#5776=CARTESIAN_POINT('',(-67.0000009685755,-106.000001579523,40.));
#5777=CARTESIAN_POINT('',(-67.0000009685755,-106.000001579523,40.));
#5778=CARTESIAN_POINT('',(-67.0000009685755,-106.000001579523,10.));
#5779=CARTESIAN_POINT('Origin',(-67.0000009685755,-104.000001579523,10.));
#5780=CARTESIAN_POINT('Origin',(-67.0000009685755,-104.000001579523,40.));
#5781=CARTESIAN_POINT('Origin',(-73.7500009685755,-98.3349767152057,40.));
#5782=CARTESIAN_POINT('Origin',(-67.0000009685755,-99.8277409885059,40.));
#5783=CARTESIAN_POINT('Origin',(-67.0000009685755,-99.8277409885059,10.));
#5784=CARTESIAN_POINT('Origin',(-99.827740988506,-65.0000009685754,10.));
#5785=CARTESIAN_POINT('',(-99.827740988506,-65.0000009685754,40.));
#5786=CARTESIAN_POINT('',(-99.827740988506,-65.0000009685754,10.));
#5787=CARTESIAN_POINT('',(-104.000001579523,-65.0000009685754,40.));
#5788=CARTESIAN_POINT('',(-104.000001579523,-65.0000009685754,40.));
#5789=CARTESIAN_POINT('',(-104.000001579523,-65.0000009685754,10.));
#5790=CARTESIAN_POINT('Ctrl Pts',(-91.0821067477789,-79.2839631696025,-103.891807528644));
#5791=CARTESIAN_POINT('Ctrl Pts',(-91.0821067477789,-79.2839631696025,40.));
#5792=CARTESIAN_POINT('Ctrl Pts',(-91.1149695679936,-79.2410524408417,-103.891807528644));
#5793=CARTESIAN_POINT('Ctrl Pts',(-91.1149695679936,-79.2410524408417,40.));
#5794=CARTESIAN_POINT('Ctrl Pts',(-91.6603228004273,-78.5277345498991,-103.891807528644));
#5795=CARTESIAN_POINT('Ctrl Pts',(-91.6603228004273,-78.527734549899,40.));
#5796=CARTESIAN_POINT('Ctrl Pts',(-92.6733524454123,-77.1631454726594,-103.891807528644));
#5797=CARTESIAN_POINT('Ctrl Pts',(-92.6733524454122,-77.1631454726594,40.));
#5798=CARTESIAN_POINT('Ctrl Pts',(-94.0456929497539,-75.1935582628119,-103.891807528644));
#5799=CARTESIAN_POINT('Ctrl Pts',(-94.0456929497538,-75.1935582628119,40.));
#5800=CARTESIAN_POINT('Ctrl Pts',(-95.5937581740148,-72.6973658324578,-103.891807528644));
#5801=CARTESIAN_POINT('Ctrl Pts',(-95.5937581740147,-72.6973658324577,40.));
#5802=CARTESIAN_POINT('Ctrl Pts',(-96.7983339223149,-70.2656967934328,-103.891807528644));
#5803=CARTESIAN_POINT('Ctrl Pts',(-96.7983339223149,-70.2656967934328,40.));
#5804=CARTESIAN_POINT('Ctrl Pts',(-97.4319400019932,-68.5294060784566,-103.891807528644));
#5805=CARTESIAN_POINT('Ctrl Pts',(-97.4319400019932,-68.5294060784566,40.));
#5806=CARTESIAN_POINT('Ctrl Pts',(-97.7221334740633,-67.3913248013861,-103.891807528644));
#5807=CARTESIAN_POINT('Ctrl Pts',(-97.7221334740632,-67.3913248013861,40.));
#5808=CARTESIAN_POINT('Ctrl Pts',(-97.8361566720407,-66.7800390004203,-103.891807528644));
#5809=CARTESIAN_POINT('Ctrl Pts',(-97.8361566720406,-66.7800390004203,40.));
#5810=CARTESIAN_POINT('Ctrl Pts',(-97.8568206753659,-66.660187609139,-103.891807528644));
#5811=CARTESIAN_POINT('Ctrl Pts',(-97.8568206753658,-66.660187609139,40.));
#5812=CARTESIAN_POINT('',(-91.0821067477789,-79.2839631696025,40.));
#5813=CARTESIAN_POINT('',(-91.0821067477789,-79.2839631696025,10.));
#5814=CARTESIAN_POINT('',(-97.8568206753658,-66.660187609139,40.));
#5815=CARTESIAN_POINT('Ctrl Pts',(-91.0821067477789,-79.2839631696025,40.));
#5816=CARTESIAN_POINT('Ctrl Pts',(-91.1149695679936,-79.2410524408417,40.));
#5817=CARTESIAN_POINT('Ctrl Pts',(-91.6603228004272,-78.527734549899,40.));
#5818=CARTESIAN_POINT('Ctrl Pts',(-92.6733524454122,-77.1631454726594,40.));
#5819=CARTESIAN_POINT('Ctrl Pts',(-94.0456929497538,-75.1935582628119,40.));
#5820=CARTESIAN_POINT('Ctrl Pts',(-95.5937581740147,-72.6973658324577,40.));
#5821=CARTESIAN_POINT('Ctrl Pts',(-96.7983339223149,-70.2656967934328,40.));
#5822=CARTESIAN_POINT('Ctrl Pts',(-97.4319400019932,-68.5294060784566,40.));
#5823=CARTESIAN_POINT('Ctrl Pts',(-97.7221334740632,-67.3913248013861,40.));
#5824=CARTESIAN_POINT('Ctrl Pts',(-97.8361566720406,-66.7800390004203,40.));
#5825=CARTESIAN_POINT('Ctrl Pts',(-97.8568206753658,-66.660187609139,40.));
#5826=CARTESIAN_POINT('',(-97.8568206753658,-66.660187609139,10.));
#5827=CARTESIAN_POINT('Origin',(-92.6699518508884,-80.5000009685755,10.));
#5828=CARTESIAN_POINT('',(-92.6699518508883,-82.5000009685755,40.));
#5829=CARTESIAN_POINT('',(-92.6699518508884,-82.5000009685755,10.));
#5830=CARTESIAN_POINT('Origin',(-92.6699518508883,-80.5000009685755,40.));
#5831=CARTESIAN_POINT('Origin',(-104.000001579523,-82.5000009685754,10.));
#5832=CARTESIAN_POINT('',(-104.000001579523,-82.5000009685754,40.));
#5833=CARTESIAN_POINT('',(-104.000001579523,-82.5000009685754,10.));
#5834=CARTESIAN_POINT('',(-104.000001579523,-82.5000009685754,40.));
#5835=CARTESIAN_POINT('Origin',(-104.000001579523,-80.5000009685754,10.));
#5836=CARTESIAN_POINT('',(-106.000001579523,-80.5000009685754,40.0000000000001));
#5837=CARTESIAN_POINT('',(-106.000001579523,-80.5000009685754,10.0000000000001));
#5838=CARTESIAN_POINT('Origin',(-104.000001579523,-80.5000009685754,40.));
#5839=CARTESIAN_POINT('Origin',(-106.000001579523,-67.0000009685754,10.));
#5840=CARTESIAN_POINT('',(-106.000001579523,-67.0000009685754,40.));
#5841=CARTESIAN_POINT('',(-106.000001579523,-67.0000009685754,10.));
#5842=CARTESIAN_POINT('',(-106.000001579523,-67.0000009685754,40.));
#5843=CARTESIAN_POINT('Origin',(-104.000001579523,-67.0000009685754,10.));
#5844=CARTESIAN_POINT('Origin',(-104.000001579523,-67.0000009685754,40.));
#5845=CARTESIAN_POINT('Origin',(-98.3349767152057,-73.7500009685754,40.));
#5846=CARTESIAN_POINT('Origin',(-99.827740988506,-67.0000009685754,40.));
#5847=CARTESIAN_POINT('Origin',(-99.827740988506,-67.0000009685754,10.));
#5848=CARTESIAN_POINT('Origin',(65.0000009685755,-99.827740988506,10.));
#5849=CARTESIAN_POINT('',(65.0000009685755,-99.827740988506,40.));
#5850=CARTESIAN_POINT('',(65.0000009685755,-99.827740988506,10.));
#5851=CARTESIAN_POINT('',(65.0000009685755,-104.000001579523,40.));
#5852=CARTESIAN_POINT('',(65.0000009685755,-104.000001579523,40.));
#5853=CARTESIAN_POINT('',(65.0000009685755,-104.000001579523,10.));
#5854=CARTESIAN_POINT('Ctrl Pts',(79.2839631696025,-91.0821067477789,-103.891807528644));
#5855=CARTESIAN_POINT('Ctrl Pts',(79.2839631696025,-91.0821067477789,40.));
#5856=CARTESIAN_POINT('Ctrl Pts',(79.2410524408417,-91.1149695679936,-103.891807528644));
#5857=CARTESIAN_POINT('Ctrl Pts',(79.2410524408417,-91.1149695679935,40.));
#5858=CARTESIAN_POINT('Ctrl Pts',(78.5277345498991,-91.6603228004273,-103.891807528644));
#5859=CARTESIAN_POINT('Ctrl Pts',(78.5277345498991,-91.6603228004272,40.));
#5860=CARTESIAN_POINT('Ctrl Pts',(77.1631454726594,-92.6733524454122,-103.891807528644));
#5861=CARTESIAN_POINT('Ctrl Pts',(77.1631454726594,-92.6733524454121,40.));
#5862=CARTESIAN_POINT('Ctrl Pts',(75.1935582628119,-94.0456929497538,-103.891807528644));
#5863=CARTESIAN_POINT('Ctrl Pts',(75.193558262812,-94.0456929497538,40.));
#5864=CARTESIAN_POINT('Ctrl Pts',(72.6973658324578,-95.5937581740147,-103.891807528644));
#5865=CARTESIAN_POINT('Ctrl Pts',(72.6973658324578,-95.5937581740147,40.));
#5866=CARTESIAN_POINT('Ctrl Pts',(70.2656967934328,-96.7983339223149,-103.891807528644));
#5867=CARTESIAN_POINT('Ctrl Pts',(70.2656967934328,-96.7983339223148,40.));
#5868=CARTESIAN_POINT('Ctrl Pts',(68.5294060784566,-97.4319400019932,-103.891807528644));
#5869=CARTESIAN_POINT('Ctrl Pts',(68.5294060784567,-97.4319400019931,40.));
#5870=CARTESIAN_POINT('Ctrl Pts',(67.3913248013861,-97.7221334740632,-103.891807528644));
#5871=CARTESIAN_POINT('Ctrl Pts',(67.3913248013862,-97.7221334740632,40.));
#5872=CARTESIAN_POINT('Ctrl Pts',(66.7800390004203,-97.8361566720406,-103.891807528644));
#5873=CARTESIAN_POINT('Ctrl Pts',(66.7800390004204,-97.8361566720406,40.));
#5874=CARTESIAN_POINT('Ctrl Pts',(66.660187609139,-97.8568206753658,-103.891807528644));
#5875=CARTESIAN_POINT('Ctrl Pts',(66.6601876091391,-97.8568206753658,40.));
#5876=CARTESIAN_POINT('',(79.2839631696025,-91.0821067477789,40.));
#5877=CARTESIAN_POINT('',(79.2839631696025,-91.0821067477789,10.));
#5878=CARTESIAN_POINT('',(66.660187609139,-97.8568206753658,40.));
#5879=CARTESIAN_POINT('Ctrl Pts',(79.2839631696025,-91.0821067477789,40.));
#5880=CARTESIAN_POINT('Ctrl Pts',(79.2410524408417,-91.1149695679935,40.));
#5881=CARTESIAN_POINT('Ctrl Pts',(78.5277345498991,-91.6603228004272,40.));
#5882=CARTESIAN_POINT('Ctrl Pts',(77.1631454726594,-92.6733524454122,40.));
#5883=CARTESIAN_POINT('Ctrl Pts',(75.193558262812,-94.0456929497538,40.));
#5884=CARTESIAN_POINT('Ctrl Pts',(72.6973658324578,-95.5937581740147,40.));
#5885=CARTESIAN_POINT('Ctrl Pts',(70.2656967934328,-96.7983339223149,40.));
#5886=CARTESIAN_POINT('Ctrl Pts',(68.5294060784567,-97.4319400019931,40.));
#5887=CARTESIAN_POINT('Ctrl Pts',(67.3913248013862,-97.7221334740632,40.));
#5888=CARTESIAN_POINT('Ctrl Pts',(66.7800390004204,-97.8361566720406,40.));
#5889=CARTESIAN_POINT('Ctrl Pts',(66.6601876091391,-97.8568206753658,40.));
#5890=CARTESIAN_POINT('',(66.660187609139,-97.8568206753658,10.));
#5891=CARTESIAN_POINT('Origin',(80.5000009685756,-92.6699518508883,10.));
#5892=CARTESIAN_POINT('',(82.5000009685755,-92.6699518508883,40.));
#5893=CARTESIAN_POINT('',(82.5000009685755,-92.6699518508883,10.));
#5894=CARTESIAN_POINT('Origin',(80.5000009685756,-92.6699518508883,40.));
#5895=CARTESIAN_POINT('Origin',(82.5000009685754,-104.000001579523,10.));
#5896=CARTESIAN_POINT('',(82.5000009685755,-104.000001579523,40.));
#5897=CARTESIAN_POINT('',(82.5000009685754,-104.000001579523,10.));
#5898=CARTESIAN_POINT('',(82.5000009685755,-104.000001579523,40.));
#5899=CARTESIAN_POINT('Origin',(80.5000009685755,-104.000001579523,10.));
#5900=CARTESIAN_POINT('',(80.5000009685754,-106.000001579523,40.0000000000001));
#5901=CARTESIAN_POINT('',(80.5000009685754,-106.000001579523,10.0000000000001));
#5902=CARTESIAN_POINT('Origin',(80.5000009685755,-104.000001579523,40.));
#5903=CARTESIAN_POINT('Origin',(67.0000009685755,-106.000001579523,10.));
#5904=CARTESIAN_POINT('',(67.0000009685755,-106.000001579523,40.));
#5905=CARTESIAN_POINT('',(67.0000009685755,-106.000001579523,10.));
#5906=CARTESIAN_POINT('',(67.0000009685755,-106.000001579523,40.));
#5907=CARTESIAN_POINT('Origin',(67.0000009685754,-104.000001579523,10.));
#5908=CARTESIAN_POINT('Origin',(67.0000009685754,-104.000001579523,40.));
#5909=CARTESIAN_POINT('Origin',(73.7500009685755,-98.3349767152057,40.));
#5910=CARTESIAN_POINT('Origin',(67.0000009685755,-99.827740988506,40.));
#5911=CARTESIAN_POINT('Origin',(67.0000009685755,-99.827740988506,10.));
#5912=CARTESIAN_POINT('Origin',(99.827740988506,-65.0000009685755,10.));
#5913=CARTESIAN_POINT('',(104.000001579523,-65.0000009685755,40.));
#5914=CARTESIAN_POINT('',(104.000001579523,-65.0000009685755,10.));
#5915=CARTESIAN_POINT('',(99.827740988506,-65.0000009685754,40.));
#5916=CARTESIAN_POINT('',(104.000001579523,-65.0000009685755,40.));
#5917=CARTESIAN_POINT('',(99.827740988506,-65.0000009685755,10.));
#5918=CARTESIAN_POINT('Ctrl Pts',(91.0821067477789,-79.2839631696025,-103.891807528644));
#5919=CARTESIAN_POINT('Ctrl Pts',(91.0821067477789,-79.2839631696025,40.));
#5920=CARTESIAN_POINT('Ctrl Pts',(91.1149695679936,-79.2410524408417,-103.891807528644));
#5921=CARTESIAN_POINT('Ctrl Pts',(91.1149695679936,-79.2410524408417,40.));
#5922=CARTESIAN_POINT('Ctrl Pts',(91.6603228004272,-78.5277345498991,-103.891807528644));
#5923=CARTESIAN_POINT('Ctrl Pts',(91.6603228004272,-78.5277345498991,40.));
#5924=CARTESIAN_POINT('Ctrl Pts',(92.6733524454122,-77.1631454726594,-103.891807528644));
#5925=CARTESIAN_POINT('Ctrl Pts',(92.6733524454122,-77.1631454726594,40.));
#5926=CARTESIAN_POINT('Ctrl Pts',(94.0456929497538,-75.193558262812,-103.891807528644));
#5927=CARTESIAN_POINT('Ctrl Pts',(94.0456929497538,-75.193558262812,40.));
#5928=CARTESIAN_POINT('Ctrl Pts',(95.5937581740147,-72.6973658324578,-103.891807528644));
#5929=CARTESIAN_POINT('Ctrl Pts',(95.5937581740147,-72.6973658324578,40.));
#5930=CARTESIAN_POINT('Ctrl Pts',(96.7983339223149,-70.2656967934329,-103.891807528644));
#5931=CARTESIAN_POINT('Ctrl Pts',(96.7983339223149,-70.2656967934328,40.));
#5932=CARTESIAN_POINT('Ctrl Pts',(97.4319400019931,-68.5294060784567,-103.891807528644));
#5933=CARTESIAN_POINT('Ctrl Pts',(97.4319400019931,-68.5294060784567,40.));
#5934=CARTESIAN_POINT('Ctrl Pts',(97.7221334740632,-67.3913248013862,-103.891807528644));
#5935=CARTESIAN_POINT('Ctrl Pts',(97.7221334740632,-67.3913248013862,40.));
#5936=CARTESIAN_POINT('Ctrl Pts',(97.8361566720406,-66.7800390004204,-103.891807528644));
#5937=CARTESIAN_POINT('Ctrl Pts',(97.8361566720406,-66.7800390004204,40.));
#5938=CARTESIAN_POINT('Ctrl Pts',(97.8568206753658,-66.6601876091391,-103.891807528644));
#5939=CARTESIAN_POINT('Ctrl Pts',(97.8568206753658,-66.6601876091391,40.));
#5940=CARTESIAN_POINT('',(97.8568206753658,-66.660187609139,40.));
#5941=CARTESIAN_POINT('',(97.8568206753658,-66.660187609139,10.));
#5942=CARTESIAN_POINT('',(91.0821067477789,-79.2839631696025,40.));
#5943=CARTESIAN_POINT('Ctrl Pts',(91.0821067477789,-79.2839631696025,40.));
#5944=CARTESIAN_POINT('Ctrl Pts',(91.1149695679936,-79.2410524408417,40.));
#5945=CARTESIAN_POINT('Ctrl Pts',(91.6603228004272,-78.5277345498991,40.));
#5946=CARTESIAN_POINT('Ctrl Pts',(92.6733524454122,-77.1631454726594,40.));
#5947=CARTESIAN_POINT('Ctrl Pts',(94.0456929497538,-75.193558262812,40.));
#5948=CARTESIAN_POINT('Ctrl Pts',(95.5937581740147,-72.6973658324578,40.));
#5949=CARTESIAN_POINT('Ctrl Pts',(96.7983339223149,-70.2656967934328,40.));
#5950=CARTESIAN_POINT('Ctrl Pts',(97.4319400019931,-68.5294060784567,40.));
#5951=CARTESIAN_POINT('Ctrl Pts',(97.7221334740632,-67.3913248013861,40.));
#5952=CARTESIAN_POINT('Ctrl Pts',(97.8361566720406,-66.7800390004204,40.));
#5953=CARTESIAN_POINT('Ctrl Pts',(97.8568206753658,-66.660187609139,40.));
#5954=CARTESIAN_POINT('',(91.0821067477789,-79.2839631696025,10.));
#5955=CARTESIAN_POINT('Origin',(92.6699518508883,-80.5000009685755,10.));
#5956=CARTESIAN_POINT('',(92.6699518508883,-82.5000009685755,40.));
#5957=CARTESIAN_POINT('Origin',(92.6699518508883,-80.5000009685755,40.));
#5958=CARTESIAN_POINT('',(92.6699518508883,-82.5000009685755,10.));
#5959=CARTESIAN_POINT('Origin',(104.000001579523,-82.5000009685754,10.));
#5960=CARTESIAN_POINT('',(104.000001579523,-82.5000009685754,40.));
#5961=CARTESIAN_POINT('',(104.000001579523,-82.5000009685754,40.));
#5962=CARTESIAN_POINT('',(104.000001579523,-82.5000009685754,10.));
#5963=CARTESIAN_POINT('Origin',(104.000001579523,-80.5000009685755,10.));
#5964=CARTESIAN_POINT('',(106.000001579523,-80.5000009685754,40.));
#5965=CARTESIAN_POINT('Origin',(104.000001579523,-80.5000009685755,40.));
#5966=CARTESIAN_POINT('',(106.000001579523,-80.5000009685754,10.));
#5967=CARTESIAN_POINT('Origin',(106.000001579523,-67.0000009685755,10.));
#5968=CARTESIAN_POINT('',(106.000001579523,-67.0000009685755,40.));
#5969=CARTESIAN_POINT('',(106.000001579523,-67.0000009685755,40.));
#5970=CARTESIAN_POINT('',(106.000001579523,-67.0000009685755,10.));
#5971=CARTESIAN_POINT('Origin',(104.000001579523,-67.0000009685754,10.));
#5972=CARTESIAN_POINT('Origin',(104.000001579523,-67.0000009685754,40.));
#5973=CARTESIAN_POINT('Origin',(98.3349767152057,-73.7500009685755,40.));
#5974=CARTESIAN_POINT('Origin',(99.827740988506,-67.0000009685754,40.));
#5975=CARTESIAN_POINT('Origin',(99.827740988506,-67.0000009685754,10.));
#5976=CARTESIAN_POINT('Origin',(-65.0000009685755,99.827740988506,10.));
#5977=CARTESIAN_POINT('',(-65.0000009685755,99.827740988506,40.));
#5978=CARTESIAN_POINT('',(-65.0000009685755,99.827740988506,10.));
#5979=CARTESIAN_POINT('',(-65.0000009685755,104.000001579523,40.));
#5980=CARTESIAN_POINT('',(-65.0000009685755,104.000001579523,40.));
#5981=CARTESIAN_POINT('',(-65.0000009685755,104.000001579523,10.));
#5982=CARTESIAN_POINT('Ctrl Pts',(-79.2839631696026,91.0821067477789,-103.891807528644));
#5983=CARTESIAN_POINT('Ctrl Pts',(-79.2839631696026,91.0821067477789,40.));
#5984=CARTESIAN_POINT('Ctrl Pts',(-79.2410524408418,91.1149695679936,-103.891807528644));
#5985=CARTESIAN_POINT('Ctrl Pts',(-79.2410524408418,91.1149695679935,40.));
#5986=CARTESIAN_POINT('Ctrl Pts',(-78.5277345498991,91.6603228004272,-103.891807528644));
#5987=CARTESIAN_POINT('Ctrl Pts',(-78.5277345498991,91.6603228004272,40.));
#5988=CARTESIAN_POINT('Ctrl Pts',(-77.1631454726595,92.6733524454122,-103.891807528644));
#5989=CARTESIAN_POINT('Ctrl Pts',(-77.1631454726595,92.6733524454121,40.));
#5990=CARTESIAN_POINT('Ctrl Pts',(-75.193558262812,94.0456929497538,-103.891807528644));
#5991=CARTESIAN_POINT('Ctrl Pts',(-75.193558262812,94.0456929497538,40.));
#5992=CARTESIAN_POINT('Ctrl Pts',(-72.6973658324578,95.5937581740147,-103.891807528644));
#5993=CARTESIAN_POINT('Ctrl Pts',(-72.6973658324578,95.5937581740147,40.));
#5994=CARTESIAN_POINT('Ctrl Pts',(-70.2656967934329,96.7983339223149,-103.891807528644));
#5995=CARTESIAN_POINT('Ctrl Pts',(-70.2656967934329,96.7983339223148,40.));
#5996=CARTESIAN_POINT('Ctrl Pts',(-68.5294060784567,97.4319400019931,-103.891807528644));
#5997=CARTESIAN_POINT('Ctrl Pts',(-68.5294060784567,97.4319400019931,40.));
#5998=CARTESIAN_POINT('Ctrl Pts',(-67.3913248013862,97.7221334740632,-103.891807528644));
#5999=CARTESIAN_POINT('Ctrl Pts',(-67.3913248013862,97.7221334740632,40.));
#6000=CARTESIAN_POINT('Ctrl Pts',(-66.7800390004204,97.8361566720406,-103.891807528644));
#6001=CARTESIAN_POINT('Ctrl Pts',(-66.7800390004204,97.8361566720406,40.));
#6002=CARTESIAN_POINT('Ctrl Pts',(-66.6601876091391,97.8568206753658,-103.891807528644));
#6003=CARTESIAN_POINT('Ctrl Pts',(-66.6601876091391,97.8568206753658,40.));
#6004=CARTESIAN_POINT('',(-79.2839631696026,91.0821067477789,40.));
#6005=CARTESIAN_POINT('',(-79.2839631696026,91.0821067477789,10.));
#6006=CARTESIAN_POINT('',(-66.6601876091391,97.8568206753658,40.));
#6007=CARTESIAN_POINT('Ctrl Pts',(-79.2839631696026,91.0821067477789,40.));
#6008=CARTESIAN_POINT('Ctrl Pts',(-79.2410524408418,91.1149695679935,40.));
#6009=CARTESIAN_POINT('Ctrl Pts',(-78.5277345498991,91.6603228004272,40.));
#6010=CARTESIAN_POINT('Ctrl Pts',(-77.1631454726595,92.6733524454121,40.));
#6011=CARTESIAN_POINT('Ctrl Pts',(-75.193558262812,94.0456929497538,40.));
#6012=CARTESIAN_POINT('Ctrl Pts',(-72.6973658324578,95.5937581740147,40.));
#6013=CARTESIAN_POINT('Ctrl Pts',(-70.2656967934329,96.7983339223148,40.));
#6014=CARTESIAN_POINT('Ctrl Pts',(-68.5294060784567,97.4319400019931,40.));
#6015=CARTESIAN_POINT('Ctrl Pts',(-67.3913248013862,97.7221334740632,40.));
#6016=CARTESIAN_POINT('Ctrl Pts',(-66.7800390004204,97.8361566720406,40.));
#6017=CARTESIAN_POINT('Ctrl Pts',(-66.6601876091391,97.8568206753658,40.));
#6018=CARTESIAN_POINT('',(-66.6601876091391,97.8568206753658,10.));
#6019=CARTESIAN_POINT('Origin',(-80.5000009685756,92.6699518508883,10.));
#6020=CARTESIAN_POINT('',(-82.5000009685756,92.6699518508883,40.));
#6021=CARTESIAN_POINT('',(-82.5000009685756,92.6699518508883,10.));
#6022=CARTESIAN_POINT('Origin',(-80.5000009685756,92.6699518508883,40.));
#6023=CARTESIAN_POINT('Origin',(-82.5000009685755,104.000001579523,10.));
#6024=CARTESIAN_POINT('',(-82.5000009685755,104.000001579523,40.));
#6025=CARTESIAN_POINT('',(-82.5000009685755,104.000001579523,10.));
#6026=CARTESIAN_POINT('',(-82.5000009685755,104.000001579523,40.));
#6027=CARTESIAN_POINT('Origin',(-80.5000009685755,104.000001579523,10.));
#6028=CARTESIAN_POINT('',(-80.5000009685755,106.000001579523,40.0000000000001));
#6029=CARTESIAN_POINT('',(-80.5000009685755,106.000001579523,10.0000000000001));
#6030=CARTESIAN_POINT('Origin',(-80.5000009685755,104.000001579523,40.));
#6031=CARTESIAN_POINT('Origin',(-67.0000009685755,106.000001579523,10.));
#6032=CARTESIAN_POINT('',(-67.0000009685755,106.000001579523,40.));
#6033=CARTESIAN_POINT('',(-67.0000009685755,106.000001579523,10.));
#6034=CARTESIAN_POINT('',(-67.0000009685755,106.000001579523,40.));
#6035=CARTESIAN_POINT('Origin',(-67.0000009685755,104.000001579523,10.));
#6036=CARTESIAN_POINT('Origin',(-67.0000009685755,104.000001579523,40.));
#6037=CARTESIAN_POINT('Origin',(-73.7500009685755,98.3349767152057,40.));
#6038=CARTESIAN_POINT('Origin',(-67.0000009685755,99.8277409885059,40.));
#6039=CARTESIAN_POINT('Origin',(-67.0000009685755,99.8277409885059,10.));
#6040=CARTESIAN_POINT('Origin',(-99.827740988506,65.0000009685754,10.));
#6041=CARTESIAN_POINT('',(-104.000001579523,65.0000009685754,40.));
#6042=CARTESIAN_POINT('',(-104.000001579523,65.0000009685754,10.));
#6043=CARTESIAN_POINT('',(-99.827740988506,65.0000009685754,40.));
#6044=CARTESIAN_POINT('',(-104.000001579523,65.0000009685754,40.));
#6045=CARTESIAN_POINT('',(-99.827740988506,65.0000009685754,10.));
#6046=CARTESIAN_POINT('Ctrl Pts',(-91.0821067477789,79.2839631696025,-103.891807528644));
#6047=CARTESIAN_POINT('Ctrl Pts',(-91.0821067477789,79.2839631696025,40.));
#6048=CARTESIAN_POINT('Ctrl Pts',(-91.1149695679936,79.2410524408417,-103.891807528644));
#6049=CARTESIAN_POINT('Ctrl Pts',(-91.1149695679936,79.2410524408417,40.));
#6050=CARTESIAN_POINT('Ctrl Pts',(-91.6603228004273,78.527734549899,-103.891807528644));
#6051=CARTESIAN_POINT('Ctrl Pts',(-91.6603228004273,78.527734549899,40.));
#6052=CARTESIAN_POINT('Ctrl Pts',(-92.6733524454123,77.1631454726594,-103.891807528644));
#6053=CARTESIAN_POINT('Ctrl Pts',(-92.6733524454122,77.1631454726594,40.));
#6054=CARTESIAN_POINT('Ctrl Pts',(-94.0456929497539,75.1935582628119,-103.891807528644));
#6055=CARTESIAN_POINT('Ctrl Pts',(-94.0456929497538,75.1935582628119,40.));
#6056=CARTESIAN_POINT('Ctrl Pts',(-95.5937581740148,72.6973658324577,-103.891807528644));
#6057=CARTESIAN_POINT('Ctrl Pts',(-95.5937581740147,72.6973658324577,40.));
#6058=CARTESIAN_POINT('Ctrl Pts',(-96.7983339223149,70.2656967934328,-103.891807528644));
#6059=CARTESIAN_POINT('Ctrl Pts',(-96.7983339223149,70.2656967934328,40.));
#6060=CARTESIAN_POINT('Ctrl Pts',(-97.4319400019932,68.5294060784566,-103.891807528644));
#6061=CARTESIAN_POINT('Ctrl Pts',(-97.4319400019932,68.5294060784566,40.));
#6062=CARTESIAN_POINT('Ctrl Pts',(-97.7221334740633,67.3913248013861,-103.891807528644));
#6063=CARTESIAN_POINT('Ctrl Pts',(-97.7221334740632,67.3913248013861,40.));
#6064=CARTESIAN_POINT('Ctrl Pts',(-97.8361566720407,66.7800390004203,-103.891807528644));
#6065=CARTESIAN_POINT('Ctrl Pts',(-97.8361566720406,66.7800390004203,40.));
#6066=CARTESIAN_POINT('Ctrl Pts',(-97.8568206753659,66.660187609139,-103.891807528644));
#6067=CARTESIAN_POINT('Ctrl Pts',(-97.8568206753658,66.660187609139,40.));
#6068=CARTESIAN_POINT('',(-97.8568206753658,66.660187609139,40.));
#6069=CARTESIAN_POINT('',(-97.8568206753658,66.660187609139,10.));
#6070=CARTESIAN_POINT('',(-91.0821067477789,79.2839631696025,40.));
#6071=CARTESIAN_POINT('Ctrl Pts',(-91.0821067477789,79.2839631696025,40.));
#6072=CARTESIAN_POINT('Ctrl Pts',(-91.1149695679936,79.2410524408417,40.));
#6073=CARTESIAN_POINT('Ctrl Pts',(-91.6603228004272,78.527734549899,40.));
#6074=CARTESIAN_POINT('Ctrl Pts',(-92.6733524454122,77.1631454726594,40.));
#6075=CARTESIAN_POINT('Ctrl Pts',(-94.0456929497538,75.1935582628119,40.));
#6076=CARTESIAN_POINT('Ctrl Pts',(-95.5937581740147,72.6973658324577,40.));
#6077=CARTESIAN_POINT('Ctrl Pts',(-96.7983339223149,70.2656967934328,40.));
#6078=CARTESIAN_POINT('Ctrl Pts',(-97.4319400019932,68.5294060784566,40.));
#6079=CARTESIAN_POINT('Ctrl Pts',(-97.7221334740632,67.3913248013861,40.));
#6080=CARTESIAN_POINT('Ctrl Pts',(-97.8361566720406,66.7800390004203,40.));
#6081=CARTESIAN_POINT('Ctrl Pts',(-97.8568206753658,66.660187609139,40.));
#6082=CARTESIAN_POINT('',(-91.0821067477789,79.2839631696025,10.));
#6083=CARTESIAN_POINT('Origin',(-92.6699518508884,80.5000009685755,10.));
#6084=CARTESIAN_POINT('',(-92.6699518508883,82.5000009685755,40.));
#6085=CARTESIAN_POINT('Origin',(-92.6699518508883,80.5000009685755,40.));
#6086=CARTESIAN_POINT('',(-92.6699518508884,82.5000009685755,10.));
#6087=CARTESIAN_POINT('Origin',(-104.000001579523,82.5000009685754,10.));
#6088=CARTESIAN_POINT('',(-104.000001579523,82.5000009685754,40.));
#6089=CARTESIAN_POINT('',(-104.000001579523,82.5000009685754,40.));
#6090=CARTESIAN_POINT('',(-104.000001579523,82.5000009685754,10.));
#6091=CARTESIAN_POINT('Origin',(-104.000001579523,80.5000009685754,10.));
#6092=CARTESIAN_POINT('',(-106.000001579523,80.5000009685754,40.0000000000001));
#6093=CARTESIAN_POINT('Origin',(-104.000001579523,80.5000009685754,40.));
#6094=CARTESIAN_POINT('',(-106.000001579523,80.5000009685754,10.0000000000001));
#6095=CARTESIAN_POINT('Origin',(-106.000001579523,67.0000009685754,10.));
#6096=CARTESIAN_POINT('',(-106.000001579523,67.0000009685754,40.));
#6097=CARTESIAN_POINT('',(-106.000001579523,67.0000009685754,40.));
#6098=CARTESIAN_POINT('',(-106.000001579523,67.0000009685754,10.));
#6099=CARTESIAN_POINT('Origin',(-104.000001579523,67.0000009685754,10.));
#6100=CARTESIAN_POINT('Origin',(-104.000001579523,67.0000009685754,40.));
#6101=CARTESIAN_POINT('Origin',(-98.3349767152057,73.7500009685755,40.));
#6102=CARTESIAN_POINT('Origin',(-99.827740988506,67.0000009685754,40.));
#6103=CARTESIAN_POINT('Origin',(-99.827740988506,67.0000009685754,10.));
#6104=CARTESIAN_POINT('Origin',(98.3390801969603,64.,10.));
#6105=CARTESIAN_POINT('',(98.3390801969603,60.,10.));
#6106=CARTESIAN_POINT('',(94.696234968151,62.3478260869565,10.));
#6107=CARTESIAN_POINT('Origin',(35.5000000000001,35.5000000000001,10.));
#6108=CARTESIAN_POINT('',(62.3478260869565,94.696234968151,10.));
#6109=CARTESIAN_POINT('Origin',(106.,64.,10.));
#6110=CARTESIAN_POINT('',(110.,64.,10.));
#6111=CARTESIAN_POINT('',(106.,60.,10.));
#6112=CARTESIAN_POINT('Origin',(-110.,60.,10.));
#6113=CARTESIAN_POINT('Origin',(110.,-90.,10.));
#6114=CARTESIAN_POINT('',(110.,90.,10.));
#6115=CARTESIAN_POINT('',(110.,-90.,10.));
#6116=CARTESIAN_POINT('',(110.,-64.,25.));
#6117=CARTESIAN_POINT('Origin',(99.827740988506,65.0000009685754,10.));
#6118=CARTESIAN_POINT('',(99.827740988506,65.0000009685754,40.));
#6119=CARTESIAN_POINT('',(99.827740988506,65.0000009685754,10.));
#6120=CARTESIAN_POINT('',(104.000001579523,65.0000009685755,40.));
#6121=CARTESIAN_POINT('',(104.000001579523,65.0000009685755,40.));
#6122=CARTESIAN_POINT('',(104.000001579523,65.0000009685755,10.));
#6123=CARTESIAN_POINT('Origin',(-3.20474742746036E-30,0.,45.));
#6124=CARTESIAN_POINT('',(-21.3,17.3,45.));
#6125=CARTESIAN_POINT('',(-17.3,21.3,45.));
#6126=CARTESIAN_POINT('',(-17.3,21.3,45.));
#6127=CARTESIAN_POINT('',(-21.3,-17.3,45.));
#6128=CARTESIAN_POINT('',(-21.3,-17.3,45.));
#6129=CARTESIAN_POINT('',(-17.3,-21.3,45.));
#6130=CARTESIAN_POINT('',(-17.3,-21.3,45.));
#6131=CARTESIAN_POINT('',(17.3,-21.3,45.));
#6132=CARTESIAN_POINT('',(17.3,-21.3,45.));
#6133=CARTESIAN_POINT('',(21.3,-17.3,45.));
#6134=CARTESIAN_POINT('',(21.3,-17.3,45.));
#6135=CARTESIAN_POINT('',(21.3,17.3,45.));
#6136=CARTESIAN_POINT('',(21.3,17.3,45.));
#6137=CARTESIAN_POINT('',(17.3,21.3,45.));
#6138=CARTESIAN_POINT('',(17.3,21.3,45.));
#6139=CARTESIAN_POINT('',(-17.3,21.3,45.));
#6140=CARTESIAN_POINT('',(11.5,-1.25712311669733E-14,45.));
#6141=CARTESIAN_POINT('Origin',(-3.12667774546997E-14,-1.31464196530286E-14,
45.));
#6142=CARTESIAN_POINT('',(17.1,-15.5,45.));
#6143=CARTESIAN_POINT('Origin',(15.5,-15.5,45.));
#6144=CARTESIAN_POINT('',(-17.1,-15.5,45.));
#6145=CARTESIAN_POINT('Origin',(-15.5,-15.5,45.));
#6146=CARTESIAN_POINT('',(17.1,15.5,45.));
#6147=CARTESIAN_POINT('Origin',(15.5,15.5,45.));
#6148=CARTESIAN_POINT('',(-17.1,15.5,45.));
#6149=CARTESIAN_POINT('Origin',(-15.5,15.5,45.));
#6150=CARTESIAN_POINT('Origin',(-90.,-90.,10.));
#6151=CARTESIAN_POINT('',(-110.,-90.,10.));
#6152=CARTESIAN_POINT('',(-90.,-110.,10.));
#6153=CARTESIAN_POINT('Origin',(17.3,21.3,60.));
#6154=CARTESIAN_POINT('',(17.3,21.3,60.));
#6155=CARTESIAN_POINT('',(21.3,17.3,60.));
#6156=CARTESIAN_POINT('Origin',(-17.3,21.3,60.));
#6157=CARTESIAN_POINT('',(-17.3,21.3,60.));
#6158=CARTESIAN_POINT('Origin',(-21.3,17.3,60.));
#6159=CARTESIAN_POINT('',(-21.3,17.3,60.));
#6160=CARTESIAN_POINT('Origin',(-21.3,-17.3,60.));
#6161=CARTESIAN_POINT('',(-21.3,-17.3,60.));
#6162=CARTESIAN_POINT('Origin',(-17.3,-21.3,60.));
#6163=CARTESIAN_POINT('',(-17.3,-21.3,60.));
#6164=CARTESIAN_POINT('Origin',(17.3,-21.3,60.));
#6165=CARTESIAN_POINT('',(17.3,-21.3,60.));
#6166=CARTESIAN_POINT('Origin',(21.3,-17.3,60.));
#6167=CARTESIAN_POINT('',(21.3,-17.3,60.));
#6168=CARTESIAN_POINT('Origin',(21.3,17.3,60.));
#6169=CARTESIAN_POINT('Origin',(-64.,98.3390801969603,10.));
#6170=CARTESIAN_POINT('',(-60.,98.3390801969603,10.));
#6171=CARTESIAN_POINT('',(-62.3478260869565,94.696234968151,10.));
#6172=CARTESIAN_POINT('Origin',(-35.5,35.5,10.));
#6173=CARTESIAN_POINT('',(-94.696234968151,62.3478260869565,10.));
#6174=CARTESIAN_POINT('Origin',(-98.3390801969603,64.,10.));
#6175=CARTESIAN_POINT('',(-98.3390801969603,60.,10.));
#6176=CARTESIAN_POINT('Origin',(-110.,60.,10.));
#6177=CARTESIAN_POINT('',(-106.,60.,10.));
#6178=CARTESIAN_POINT('Origin',(-106.,64.,10.));
#6179=CARTESIAN_POINT('',(-110.,64.,10.));
#6180=CARTESIAN_POINT('Origin',(-110.,90.,10.));
#6181=CARTESIAN_POINT('',(-110.,90.,10.));
#6182=CARTESIAN_POINT('',(-110.,-64.,25.));
#6183=CARTESIAN_POINT('Origin',(-106.,-64.,25.));
#6184=CARTESIAN_POINT('',(-106.,-60.,25.));
#6185=CARTESIAN_POINT('Origin',(-110.,-60.,40.));
#6186=CARTESIAN_POINT('',(-98.3390801969603,-60.,10.));
#6187=CARTESIAN_POINT('Origin',(-98.3390801969603,-64.,10.));
#6188=CARTESIAN_POINT('',(-94.696234968151,-62.3478260869565,10.));
#6189=CARTESIAN_POINT('Origin',(-35.5,-35.5,10.));
#6190=CARTESIAN_POINT('',(-62.3478260869565,-94.6962349681509,10.));
#6191=CARTESIAN_POINT('Origin',(-64.,-98.3390801969603,10.));
#6192=CARTESIAN_POINT('',(-60.,-98.3390801969603,10.));
#6193=CARTESIAN_POINT('Origin',(-60.,-110.,10.));
#6194=CARTESIAN_POINT('',(-60.,-106.,10.));
#6195=CARTESIAN_POINT('Origin',(-64.,-106.,10.));
#6196=CARTESIAN_POINT('',(-64.,-110.,10.));
#6197=CARTESIAN_POINT('Origin',(-90.,-110.,10.));
#6198=CARTESIAN_POINT('',(64.,-110.,25.));
#6199=CARTESIAN_POINT('',(90.,-110.,10.));
#6200=CARTESIAN_POINT('Origin',(64.,-106.,25.));
#6201=CARTESIAN_POINT('',(60.,-106.,25.));
#6202=CARTESIAN_POINT('Origin',(60.,-110.,40.));
#6203=CARTESIAN_POINT('',(60.,-98.3390801969603,10.));
#6204=CARTESIAN_POINT('Origin',(64.,-98.3390801969602,10.));
#6205=CARTESIAN_POINT('',(62.3478260869565,-94.696234968151,10.));
#6206=CARTESIAN_POINT('Origin',(35.5,-35.5,10.));
#6207=CARTESIAN_POINT('',(94.696234968151,-62.3478260869565,10.));
#6208=CARTESIAN_POINT('Origin',(98.3390801969603,-64.,10.));
#6209=CARTESIAN_POINT('',(98.3390801969603,-60.,10.));
#6210=CARTESIAN_POINT('Origin',(-110.,-60.,40.));
#6211=CARTESIAN_POINT('',(106.,-60.,25.));
#6212=CARTESIAN_POINT('Origin',(-60.,-110.,10.));
#6213=CARTESIAN_POINT('',(-60.,106.,10.));
#6214=CARTESIAN_POINT('Origin',(15.5,-15.5,60.));
#6215=CARTESIAN_POINT('',(17.1,-15.5,60.));
#6216=CARTESIAN_POINT('Origin',(-15.5,-15.5,60.));
#6217=CARTESIAN_POINT('',(-17.1,-15.5,60.));
#6218=CARTESIAN_POINT('Origin',(15.5,15.5,60.));
#6219=CARTESIAN_POINT('',(17.1,15.5,60.));
#6220=CARTESIAN_POINT('Origin',(-15.5,15.5,60.));
#6221=CARTESIAN_POINT('',(-17.1,15.5,60.));
#6222=CARTESIAN_POINT('Origin',(45.,45.0000000000001,40.));
#6223=CARTESIAN_POINT('',(85.,45.,40.));
#6224=CARTESIAN_POINT('Origin',(85.,35.,40.));
#6225=CARTESIAN_POINT('Origin',(45.0000000000001,-45.,40.));
#6226=CARTESIAN_POINT('Origin',(-3.29321119916374E-14,-1.38177230369767E-14,
60.));
#6227=CARTESIAN_POINT('',(11.5,-1.74465129052464E-14,60.));
#6228=CARTESIAN_POINT('Origin',(106.,-64.,25.));
#6229=CARTESIAN_POINT('Origin',(90.,-90.,10.));
#6230=CARTESIAN_POINT('Origin',(-90.,90.,10.));
#6231=CARTESIAN_POINT('',(-90.,110.,10.));
#6232=CARTESIAN_POINT('Origin',(-64.,106.,10.));
#6233=CARTESIAN_POINT('',(-64.,110.,10.));
#6234=CARTESIAN_POINT('Origin',(90.,90.,10.));
#6235=CARTESIAN_POINT('',(90.,110.,10.));
#6236=CARTESIAN_POINT('Origin',(90.,110.,10.));
#6237=CARTESIAN_POINT('',(64.,110.,25.));
#6238=CARTESIAN_POINT('Origin',(64.,106.,25.));
#6239=CARTESIAN_POINT('',(60.,106.,25.));
#6240=CARTESIAN_POINT('Origin',(60.,-110.,40.));
#6241=CARTESIAN_POINT('',(60.,98.3390801969603,10.));
#6242=CARTESIAN_POINT('Origin',(64.,98.3390801969603,10.));
#6243=CARTESIAN_POINT('Ctrl Pts',(91.0821067477789,79.2839631696025,10.));
#6244=CARTESIAN_POINT('Ctrl Pts',(91.0821067477789,79.2839631696025,40.));
#6245=CARTESIAN_POINT('Ctrl Pts',(91.1149695679936,79.2410524408417,10.));
#6246=CARTESIAN_POINT('Ctrl Pts',(91.1149695679936,79.2410524408417,40.));
#6247=CARTESIAN_POINT('Ctrl Pts',(91.6603228004272,78.5277345498991,10.));
#6248=CARTESIAN_POINT('Ctrl Pts',(91.6603228004272,78.5277345498991,40.));
#6249=CARTESIAN_POINT('Ctrl Pts',(92.6733524454122,77.1631454726594,10.));
#6250=CARTESIAN_POINT('Ctrl Pts',(92.6733524454122,77.1631454726594,40.));
#6251=CARTESIAN_POINT('Ctrl Pts',(94.0456929497538,75.193558262812,10.));
#6252=CARTESIAN_POINT('Ctrl Pts',(94.0456929497538,75.193558262812,40.));
#6253=CARTESIAN_POINT('Ctrl Pts',(95.5937581740147,72.6973658324578,10.));
#6254=CARTESIAN_POINT('Ctrl Pts',(95.5937581740147,72.6973658324578,40.));
#6255=CARTESIAN_POINT('Ctrl Pts',(96.7983339223149,70.2656967934328,10.));
#6256=CARTESIAN_POINT('Ctrl Pts',(96.7983339223149,70.2656967934328,40.));
#6257=CARTESIAN_POINT('Ctrl Pts',(97.4319400019931,68.5294060784567,10.));
#6258=CARTESIAN_POINT('Ctrl Pts',(97.4319400019931,68.5294060784567,40.));
#6259=CARTESIAN_POINT('Ctrl Pts',(97.7221334740632,67.3913248013861,10.));
#6260=CARTESIAN_POINT('Ctrl Pts',(97.7221334740632,67.3913248013861,40.));
#6261=CARTESIAN_POINT('Ctrl Pts',(97.8361566720406,66.7800390004204,10.));
#6262=CARTESIAN_POINT('Ctrl Pts',(97.8361566720406,66.7800390004204,40.));
#6263=CARTESIAN_POINT('Ctrl Pts',(97.8568206753658,66.660187609139,10.));
#6264=CARTESIAN_POINT('Ctrl Pts',(97.8568206753658,66.660187609139,40.));
#6265=CARTESIAN_POINT('',(91.0821067477789,79.2839631696025,40.));
#6266=CARTESIAN_POINT('',(91.0821067477789,79.2839631696025,10.));
#6267=CARTESIAN_POINT('',(97.8568206753658,66.660187609139,40.));
#6268=CARTESIAN_POINT('Ctrl Pts',(91.0821067477789,79.2839631696025,40.));
#6269=CARTESIAN_POINT('Ctrl Pts',(91.1149695679936,79.2410524408417,40.));
#6270=CARTESIAN_POINT('Ctrl Pts',(91.6603228004272,78.5277345498991,40.));
#6271=CARTESIAN_POINT('Ctrl Pts',(92.6733524454122,77.1631454726594,40.));
#6272=CARTESIAN_POINT('Ctrl Pts',(94.0456929497538,75.193558262812,40.));
#6273=CARTESIAN_POINT('Ctrl Pts',(95.5937581740147,72.6973658324578,40.));
#6274=CARTESIAN_POINT('Ctrl Pts',(96.7983339223149,70.2656967934328,40.));
#6275=CARTESIAN_POINT('Ctrl Pts',(97.4319400019931,68.5294060784567,40.));
#6276=CARTESIAN_POINT('Ctrl Pts',(97.7221334740632,67.3913248013861,40.));
#6277=CARTESIAN_POINT('Ctrl Pts',(97.8361566720406,66.7800390004204,40.));
#6278=CARTESIAN_POINT('Ctrl Pts',(97.8568206753658,66.660187609139,40.));
#6279=CARTESIAN_POINT('',(97.8568206753658,66.660187609139,10.));
#6280=CARTESIAN_POINT('Origin',(92.6699518508883,80.5000009685755,10.));
#6281=CARTESIAN_POINT('',(92.6699518508883,82.5000009685755,40.));
#6282=CARTESIAN_POINT('',(92.6699518508883,82.5000009685755,10.));
#6283=CARTESIAN_POINT('Origin',(92.6699518508883,80.5000009685755,40.));
#6284=CARTESIAN_POINT('Origin',(104.000001579523,82.5000009685754,10.));
#6285=CARTESIAN_POINT('',(104.000001579523,82.5000009685754,40.));
#6286=CARTESIAN_POINT('',(104.000001579523,82.5000009685754,10.));
#6287=CARTESIAN_POINT('',(104.000001579523,82.5000009685754,40.));
#6288=CARTESIAN_POINT('Origin',(104.000001579523,80.5000009685755,10.));
#6289=CARTESIAN_POINT('',(106.000001579523,80.5000009685754,40.));
#6290=CARTESIAN_POINT('',(106.000001579523,80.5000009685754,10.));
#6291=CARTESIAN_POINT('Origin',(104.000001579523,80.5000009685755,40.));
#6292=CARTESIAN_POINT('Origin',(106.000001579523,67.0000009685755,10.));
#6293=CARTESIAN_POINT('',(106.000001579523,67.0000009685755,40.));
#6294=CARTESIAN_POINT('',(106.000001579523,67.0000009685755,10.));
#6295=CARTESIAN_POINT('',(106.000001579523,67.0000009685755,40.));
#6296=CARTESIAN_POINT('Origin',(104.000001579523,67.0000009685754,10.));
#6297=CARTESIAN_POINT('Origin',(104.000001579523,67.0000009685754,40.));
#6298=CARTESIAN_POINT('Origin',(98.3349767152057,73.7500009685755,40.));
#6299=CARTESIAN_POINT('Origin',(99.827740988506,67.0000009685754,40.));
#6300=CARTESIAN_POINT('Origin',(99.827740988506,67.0000009685754,10.));
#6301=CARTESIAN_POINT('Origin',(65.0000009685755,99.827740988506,10.));
#6302=CARTESIAN_POINT('',(65.0000009685755,104.000001579523,40.));
#6303=CARTESIAN_POINT('',(65.0000009685755,104.000001579523,10.));
#6304=CARTESIAN_POINT('',(65.0000009685755,99.827740988506,40.));
#6305=CARTESIAN_POINT('',(65.0000009685755,104.000001579523,40.));
#6306=CARTESIAN_POINT('',(65.0000009685755,99.827740988506,10.));
#6307=CARTESIAN_POINT('Ctrl Pts',(79.2839631696025,91.0821067477789,10.));
#6308=CARTESIAN_POINT('Ctrl Pts',(79.2839631696025,91.0821067477789,40.));
#6309=CARTESIAN_POINT('Ctrl Pts',(79.2410524408417,91.1149695679936,10.));
#6310=CARTESIAN_POINT('Ctrl Pts',(79.2410524408417,91.1149695679936,40.));
#6311=CARTESIAN_POINT('Ctrl Pts',(78.5277345498991,91.6603228004272,10.));
#6312=CARTESIAN_POINT('Ctrl Pts',(78.5277345498991,91.6603228004272,40.));
#6313=CARTESIAN_POINT('Ctrl Pts',(77.1631454726594,92.6733524454122,10.));
#6314=CARTESIAN_POINT('Ctrl Pts',(77.1631454726594,92.6733524454122,40.));
#6315=CARTESIAN_POINT('Ctrl Pts',(75.193558262812,94.0456929497538,10.));
#6316=CARTESIAN_POINT('Ctrl Pts',(75.193558262812,94.0456929497538,40.));
#6317=CARTESIAN_POINT('Ctrl Pts',(72.6973658324578,95.5937581740147,10.));
#6318=CARTESIAN_POINT('Ctrl Pts',(72.6973658324578,95.5937581740147,40.));
#6319=CARTESIAN_POINT('Ctrl Pts',(70.2656967934328,96.7983339223149,10.));
#6320=CARTESIAN_POINT('Ctrl Pts',(70.2656967934329,96.7983339223149,40.));
#6321=CARTESIAN_POINT('Ctrl Pts',(68.5294060784567,97.4319400019931,10.));
#6322=CARTESIAN_POINT('Ctrl Pts',(68.5294060784567,97.4319400019931,40.));
#6323=CARTESIAN_POINT('Ctrl Pts',(67.3913248013862,97.7221334740632,10.));
#6324=CARTESIAN_POINT('Ctrl Pts',(67.3913248013862,97.7221334740632,40.));
#6325=CARTESIAN_POINT('Ctrl Pts',(66.7800390004204,97.8361566720406,10.));
#6326=CARTESIAN_POINT('Ctrl Pts',(66.7800390004204,97.8361566720406,40.));
#6327=CARTESIAN_POINT('Ctrl Pts',(66.6601876091391,97.8568206753658,10.));
#6328=CARTESIAN_POINT('Ctrl Pts',(66.6601876091391,97.8568206753658,40.));
#6329=CARTESIAN_POINT('',(66.6601876091391,97.8568206753658,40.));
#6330=CARTESIAN_POINT('',(66.6601876091391,97.8568206753658,10.));
#6331=CARTESIAN_POINT('',(79.2839631696025,91.0821067477789,40.));
#6332=CARTESIAN_POINT('Ctrl Pts',(79.2839631696025,91.0821067477789,40.));
#6333=CARTESIAN_POINT('Ctrl Pts',(79.2410524408417,91.1149695679935,40.));
#6334=CARTESIAN_POINT('Ctrl Pts',(78.5277345498991,91.6603228004272,40.));
#6335=CARTESIAN_POINT('Ctrl Pts',(77.1631454726594,92.6733524454122,40.));
#6336=CARTESIAN_POINT('Ctrl Pts',(75.193558262812,94.0456929497538,40.));
#6337=CARTESIAN_POINT('Ctrl Pts',(72.6973658324578,95.5937581740147,40.));
#6338=CARTESIAN_POINT('Ctrl Pts',(70.2656967934328,96.7983339223149,40.));
#6339=CARTESIAN_POINT('Ctrl Pts',(68.5294060784567,97.4319400019931,40.));
#6340=CARTESIAN_POINT('Ctrl Pts',(67.3913248013862,97.7221334740632,40.));
#6341=CARTESIAN_POINT('Ctrl Pts',(66.7800390004204,97.8361566720406,40.));
#6342=CARTESIAN_POINT('Ctrl Pts',(66.6601876091391,97.8568206753658,40.));
#6343=CARTESIAN_POINT('',(79.2839631696025,91.0821067477789,10.));
#6344=CARTESIAN_POINT('Origin',(80.5000009685756,92.6699518508883,10.));
#6345=CARTESIAN_POINT('',(82.5000009685755,92.6699518508883,40.));
#6346=CARTESIAN_POINT('Origin',(80.5000009685756,92.6699518508883,40.));
#6347=CARTESIAN_POINT('',(82.5000009685755,92.6699518508883,10.));
#6348=CARTESIAN_POINT('Origin',(82.5000009685754,104.000001579523,10.));
#6349=CARTESIAN_POINT('',(82.5000009685755,104.000001579523,40.));
#6350=CARTESIAN_POINT('',(82.5000009685755,104.000001579523,40.));
#6351=CARTESIAN_POINT('',(82.5000009685754,104.000001579523,10.));
#6352=CARTESIAN_POINT('Origin',(80.5000009685755,104.000001579523,10.));
#6353=CARTESIAN_POINT('',(80.5000009685754,106.000001579523,40.));
#6354=CARTESIAN_POINT('Origin',(80.5000009685755,104.000001579523,40.));
#6355=CARTESIAN_POINT('',(80.5000009685754,106.000001579523,10.));
#6356=CARTESIAN_POINT('Origin',(67.0000009685755,106.000001579523,10.));
#6357=CARTESIAN_POINT('',(67.0000009685755,106.000001579523,40.));
#6358=CARTESIAN_POINT('',(67.0000009685755,106.000001579523,40.));
#6359=CARTESIAN_POINT('',(67.0000009685755,106.000001579523,10.));
#6360=CARTESIAN_POINT('Origin',(67.0000009685754,104.000001579523,10.));
#6361=CARTESIAN_POINT('Origin',(67.0000009685754,104.000001579523,40.));
#6362=CARTESIAN_POINT('Origin',(73.7500009685755,98.3349767152057,40.));
#6363=CARTESIAN_POINT('Origin',(67.0000009685755,99.827740988506,40.));
#6364=CARTESIAN_POINT('Origin',(67.0000009685755,99.827740988506,10.));
#6365=UNCERTAINTY_MEASURE_WITH_UNIT(LENGTH_MEASURE(0.01),#6369,
'DISTANCE_ACCURACY_VALUE',
'Maximum model space distance between geometric entities at asserted c
onnectivities');
#6366=UNCERTAINTY_MEASURE_WITH_UNIT(LENGTH_MEASURE(0.01),#6369,
'DISTANCE_ACCURACY_VALUE',
'Maximum model space distance between geometric entities at asserted c
onnectivities');
#6367=(
GEOMETRIC_REPRESENTATION_CONTEXT(3)
GLOBAL_UNCERTAINTY_ASSIGNED_CONTEXT((#6365))
GLOBAL_UNIT_ASSIGNED_CONTEXT((#6369,#6371,#6372))
REPRESENTATION_CONTEXT('','3D')
);
#6368=(
GEOMETRIC_REPRESENTATION_CONTEXT(3)
GLOBAL_UNCERTAINTY_ASSIGNED_CONTEXT((#6366))
GLOBAL_UNIT_ASSIGNED_CONTEXT((#6369,#6371,#6372))
REPRESENTATION_CONTEXT('','3D')
);
#6369=(
LENGTH_UNIT()
NAMED_UNIT(*)
SI_UNIT(.MILLI.,.METRE.)
);
#6370=(
LENGTH_UNIT()
NAMED_UNIT(*)
SI_UNIT($,.METRE.)
);
#6371=(
NAMED_UNIT(*)
PLANE_ANGLE_UNIT()
SI_UNIT($,.RADIAN.)
);
#6372=(
NAMED_UNIT(*)
SI_UNIT($,.STERADIAN.)
SOLID_ANGLE_UNIT()
);
#6373=SHAPE_DEFINITION_REPRESENTATION(#6374,#6375);
#6374=PRODUCT_DEFINITION_SHAPE('',$,#6377);
#6375=SHAPE_REPRESENTATION('',(#3567),#6367);
#6376=PRODUCT_DEFINITION_CONTEXT('part definition',#6381,'design');
#6377=PRODUCT_DEFINITION('2026-04-22-09-49-48-542','Top',#6378,#6376);
#6378=PRODUCT_DEFINITION_FORMATION('',$,#6383);
#6379=PRODUCT_RELATED_PRODUCT_CATEGORY('Top','Top',(#6383));
#6380=APPLICATION_PROTOCOL_DEFINITION('international standard',
'automotive_design',2009,#6381);
#6381=APPLICATION_CONTEXT(
'Core Data for Automotive Mechanical Design Process');
#6382=PRODUCT_CONTEXT('part definition',#6381,'mechanical');
#6383=PRODUCT('2026-04-22-09-49-48-542','Top',$,(#6382));
#6384=PRESENTATION_STYLE_ASSIGNMENT((#6385));
#6385=SURFACE_STYLE_USAGE(.BOTH.,#6386);
#6386=SURFACE_SIDE_STYLE('',(#6387));
#6387=SURFACE_STYLE_FILL_AREA(#6388);
#6388=FILL_AREA_STYLE('Acero - Satinado',(#6389));
#6389=FILL_AREA_STYLE_COLOUR('Acero - Satinado',#6390);
#6390=COLOUR_RGB('Acero - Satinado',0.627450980392157,0.627450980392157,
0.627450980392157);
ENDSEC;
END-ISO-10303-21;
